societe,page,table_num,col,col_2,2025س ربمسيد 31 ىلا يفناج 01 نم,col_3,col_4,للاغتسلال ينابم,ةنس 50 ,تاريغت,2024 يفاصلا,col_5,2025 يفاصلا,col_6,col_7,ر صانعلا,col_8,2025 تاكلاهتس ا,col_9,2025 ماخلا,col_10,col_11,رصانعلا,col_12,2024يفاصلا,2025يفاصلا,2024 يّ تاّذلا لاوملأا,2025ةّيتاّذلا لاوملأا,2024 ةّيتاّذلا لاوملأا,2025 ةّيتاّذلا لاوملأا,عومجملا,ةيتاذ لاومأ,ةنسلا جئاتن,ةلجؤم جئاتن,تاطايتحا,لاملا سأر,col_13,col_14,سأر,ةـّينف تارخدّ م,"عومجملا
)3(+)2(-)1(",ثداوحلا ىلع تارخدملا,ىواعدلا تاعقوت,تاضيوعتلا تارخدم,تانايبلا,2024 ةيفاص طاسقأ,2025 ةيفاص طاسقأ,ةدنسم طاسقأ,ةرداص طاسقأ,نيمأّتلا طاسقأ,ةيفاص طاسقأ,"ةيفاص طاسقأ
2025",ناوعلأا ءابعا,2024,2025,غ لبملا,ة يفارغجلا ةقطنملا,"صقان وأ ضئاف
ةنماكلا ةميقلا",ةحيحص ةميق,يفاص غلبم,ماخ غلبم,تافيظوتلا ءابعأو تاداريإ عيزوت لودج :13 ددع قحلملا,:ةيلاملا مئاوقلاب نيمأتلا فانصأ بسح زجع وأ ضئاف طبر لودج :16 ددع قحلملا,:ةيلاملا مئاوقلاب نيمأتلا فانصأ بسح زجع وأ ضئاف طبر لودج : 17 ددع قحلملا,"2025-12-31 ف دئاوف
ي",غ لبملا فصر خــــيرات,ي مهاسملا,ة رادلاا سلجم ءاضعأ,دعاسملا ماعلا ريدملا,ماعلا ريدملا
AMANA,7,1,"يلفاكتلا نيمأتلا ةسسؤم
نيمأتلا ةداعإ وأ/و",نيكرتشملا قودنص,"وأ/و يلفاكتلا نيمأتلا ةسسؤم
ةدحوم يلفاكتلا نيمأتلا ةداعإ","يلفاكتلا نيمأتلا ةسسؤم
نيمأتلا ةداعإ وأ/و",نيكرتشملا قودنص,,,,,,,,,,,,,,,,,,,,,,,,,,,,,,,,,,,,,,,,,,,,,,,,,,,,,,,,,,,,,,,
AMANA,12,1,,,,,,ل قن تادّ عم,تاونس 5 ,,,,,,,,,,,,,,,,,,,,,,,,,,,,,,,,,,,,,,,,,,,,,,,,,,,,,,,,,,,,,
AMANA,12,1,,,,,,ة فلتخم ةيّبتكم تادّ عم,تاونس 5 ,,,,,,,,,,,,,,,,,,,,,,,,,,,,,,,,,,,,,,,,,,,,,,,,,,,,,,,,,,,,,
AMANA,12,1,,,,,,ة فلتخم ةئيهتو بيكرت تايّلمعو تازيهجت,تاونس 7 ,,,,,,,,,,,,,,,,,,,,,,,,,,,,,,,,,,,,,,,,,,,,,,,,,,,,,,,,,,,,,
AMANA,12,1,,,,,,ةيّملاعإ تادّ عم,تاونس 3 ,,,,,,,,,,,,,,,,,,,,,,,,,,,,,,,,,,,,,,,,,,,,,,,,,,,,,,,,,,,,,
AMANA,12,1,,,,,,ي تامولعملا ماظنلا,تاونس 5 ,,,,,,,,,,,,,,,,,,,,,,,,,,,,,,,,,,,,,,,,,,,,,,,,,,,,,,,,,,,,,
AMANA,14,1,,,,,,,,59 675,67 684,,127 359,,,ة يراجت تاملاعو صخرو تاءاربو تلازاــنت,,,,,,,,,,,,,,,,,,,,,,,,,,,,,,,,,,,,,,,,,,,,,,,,,,,,,,
AMANA,14,1,0,,,16 542,,,,,,16 542,,,,ي راــجت لص أ,,,,,,,,,,,,,,,,,,,,,,,,,,,,,,,,,,,,,,,,,,,,,,,,,,,,,,
AMANA,14,1,,,,,,,,59 675,84 226,,143 901,,,ع ومجملا,,,,,,,,,,,,,,,,,,,,,,,,,,,,,,,,,,,,,,,,,,,,,,,,,,,,,,
AMANA,15,1,,,,,,,,86 522,76 979,,163 501,,,,,906 880,,1 070 381,,,ةئيهتو بيكرت ت ايلمعو تازيهجت,,,,,,,,,,,,,,,,,,,,,,,,,,,,,,,,,,,,,,,,,,,,,,,
AMANA,15,1,,,,,,,,-159 540,562 947,,403 407,,,,,598 714,,1 002 121,,,ل قن تادعم,,,,,,,,,,,,,,,,,,,,,,,,,,,,,,,,,,,,,,,,,,,,,,,
AMANA,15,1,,,,,,,,273 402,66 430,,339 832,,,,,448 256,,788 088,,,ب تاكم ثاثاو تادعم,,,,,,,,,,,,,,,,,,,,,,,,,,,,,,,,,,,,,,,,,,,,,,,
AMANA,15,1,,,,,,,,303 174,114 114,,417 288,,,,,781 355,,1 198 643,,,ة يملاعا تادعم,,,,,,,,,,,,,,,,,,,,,,,,,,,,,,,,,,,,,,,,,,,,,,,
AMANA,15,1,,,,,,,,28 531,12 109,,40 640,,,,,40 019,,80 659,,,ى رخا ةيّدام لوصأ,,,,,,,,,,,,,,,,,,,,,,,,,,,,,,,,,,,,,,,,,,,,,,,
AMANA,15,1,,,,,,,,532 089,832 579,,1 364 668,,,,,2 775 223,,4 139 892,,,للاغتسلال ةيداملا لوصلاا عومجم,,,,,,,,,,,,,,,,,,,,,,,,,,,,,,,,,,,,,,,,,,,,,,,
AMANA,15,2,"-15 240 000 18 240 000 3 000 000
0 4 500 000 4 500 000",,,,,,,,,,,,"يلفاكتلا نيماتلا ةسسؤم
كنب( ةطبترم تاسسؤم ىدل عئادو ةكربلا)
ةطبترم تاسسؤم ىدل عئادو (BEST LEASE)",,,,,,,,,,,,,,,,,,,,,,,,,,,,,,,,,,,,,,,,,,,,,,,,,,,,,,,
AMANA,15,2,,,,,,,,-15 240 000,22 740 000,,7 500 000,,,,,,,,,,يلفاكتلا نيماتلا ةسسؤم عومجم,,,,,,,,,,,,,,,,,,,,,,,,,,,,,,,,,,,,,,,,,,,,,,,
AMANA,15,2,"10 715
-10 450 000
18 000 000",,,"139 286
49 750 000
12 893 500",,,,,,"150 001
39 300 000
30 893 500",,,"نيكرتشملا قودنص
ةّيلاملا قوسّ لاب ةجردم مهسأ (BEST LEASE)
)ةكربلا كنب( ةطبترم تاسسؤم ىدل عئادو
ةطبترم تاسسؤم ىدل عئادو (BEST LEASE)",,,,,,,,,,,,,,,,,,,,,,,,,,,,,,,,,,,,,,,,,,,,,,,,,,,,,,,
AMANA,15,2,,,,,,,,7 560 715,62 782 786,,70 343 501,,,,,,,,,,نيكرتشملا قودنص عومجم,,,,,,,,,,,,,,,,,,,,,,,,,,,,,,,,,,,,,,,,,,,,,,,
AMANA,15,2,,,,,,,,-7 679 285,85 522 786,,77 843 501,,,,,,,,,,ماعلا عومجملا,,,,,,,,,,,,,,,,,,,,,,,,,,,,,,,,,,,,,,,,,,,,,,,
AMANA,15,3,,,,,,,,,,,,,,,,,,,,,ي لفاكتلا نيماتلا ةسسؤم,,,,,,,,,,,,,,,,,,,,,,,,,,,,,,,,,,,,,,,,,,,,,,,
AMANA,15,3,2 000 000,,,3 289 600,,,,,,5 289 600,,,,,,,,,,,ت اذ ىرخأ تادنسو مهسأ يف صصحو ةريّغتم لــيخادم,,,,,,,,,,,,,,,,,,,,,,,,,,,,,,,,,,,,,,,,,,,,,,,
AMANA,15,3,,,,,,,,,,,,,,,,,,,,,يعامجلا فيظوتلل ةكرتشملا قيدانصلا,,,,,,,,,,,,,,,,,,,,,,,,,,,,,,,,,,,,,,,,,,,,,,,
AMANA,15,3,,,,,,,,0,500 000,,500 000,,,,,,,,,,ليخادم تاذ تادنسو عاقر ة رّ اق,,,,,,,,,,,,,,,,,,,,,,,,,,,,,,,,,,,,,,,,,,,,,,,
AMANA,15,3,,,,,,,,4 000 000,0,,4 000 000,,,,,,,,,,ةيكنب تاسسؤم ىدل عئادو ة يلامو,,,,,,,,,,,,,,,,,,,,,,,,,,,,,,,,,,,,,,,,,,,,,,,
AMANA,15,3,,,,,,,,6 000 000,3 789 600,,9 789 600,,,,,,,,,,ي لفاكتلا نيماتلا ةسسؤم عومجم,,,,,,,,,,,,,,,,,,,,,,,,,,,,,,,,,,,,,,,,,,,,,,,
AMANA,15,3,,,,,,,,,,,,,,,,,,,,,ن يكرتشملا قودنص,,,,,,,,,,,,,,,,,,,,,,,,,,,,,,,,,,,,,,,,,,,,,,,
AMANA,15,3,726 692,,,726 251,,,,,,1 452 943,,,,,,,,,,,ت اذ ىرخأ تادنسو مهسأ يف صصحو ةريّغتم لــيخادم,,,,,,,,,,,,,,,,,,,,,,,,,,,,,,,,,,,,,,,,,,,,,,,
AMANA,15,3,,,,,,,,,,,,,,,,,,,,,يعامجلا فيظوتلل ةكرتشملا قيدانصلا,,,,,,,,,,,,,,,,,,,,,,,,,,,,,,,,,,,,,,,,,,,,,,,
AMANA,15,3,,,,,,,,6 000 000,0,,6 000 000,,,,,,,,,,ةيكنب تاسسؤم ىدل عئادو ة يلامو,,,,,,,,,,,,,,,,,,,,,,,,,,,,,,,,,,,,,,,,,,,,,,,
AMANA,15,3,,,,,,,,176 996,605 889,,782 884,,,,,,,,,,ا قفو ىرخأ ت افيظوت ةيعرشلا ريياعملل,,,,,,,,,,,,,,,,,,,,,,,,,,,,,,,,,,,,,,,,,,,,,,,
AMANA,15,3,,,,,,,,-2 300 000,13 800 000,,11 500 000,,,,,,,,,,ليخادم تاذ تادنسو عاقر ة رّ اق,,,,,,,,,,,,,,,,,,,,,,,,,,,,,,,,,,,,,,,,,,,,,,,
AMANA,15,3,,,,,,,,180 834,0,,180 834,,,,,,,,,,ىدـل ةعدوـم دوـقنل او مـيقل ا نم ت اقحتسم ة دـنسم ت اكرش,,,,,,,,,,,,,,,,,,,,,,,,,,,,,,,,,,,,,,,,,,,,,,,
AMANA,15,3,,,,,,,,4 784 521,15 132 140,,19 916 661,,,,,,,,,,نيكرتشملا قودنص عومجم,,,,,,,,,,,,,,,,,,,,,,,,,,,,,,,,,,,,,,,,,,,,,,,
AMANA,15,3,,,,,,,,10 784 521,18 921 740,,29 706 261,,,,,,,,,,ماعلا عومجملا,,,,,,,,,,,,,,,,,,,,,,,,,,,,,,,,,,,,,,,,,,,,,,,
AMANA,16,1,,,,,,,,336 780,3 709 061,,4 045 841,,,,,,,,,,ةبستكملا ريغ نيمأتلا طاسقأ نيمأتلا يديعم ةصح,,,,,,,,,,,,,,,,,,,,,,,,,,,,,,,,,,,,,,,,,,,,,,,
AMANA,16,1,,,,,,,,224 348,15 641 026,,15 865 374,,,,,,,,,,يلئاعلا نيمأتلا تارخدم,,,,,,,,,,,,,,,,,,,,,,,,,,,,,,,,,,,,,,,,,,,,,,,
AMANA,16,1,,,,,,,,416 613,864 621,,1 281 234,,,,,,,,,,)ةايحلا ىلع نيمأتلا( تاضيوعتلا تارخدم يف نيمأتلا يديعم ةصح,,,,,,,,,,,,,,,,,,,,,,,,,,,,,,,,,,,,,,,,,,,,,,,
AMANA,16,1,,,,,,,,1 037 954,4 586 366,,5 624 320,,,,,,,,,,)ماعلا نيمأتلا( تاضيوعتلا تارخدم يف نيمأتلا يديعم ةصح,,,,,,,,,,,,,,,,,,,,,,,,,,,,,,,,,,,,,,,,,,,,,,,
AMANA,16,1,,,,,,,,2 015 695,24 801 074,,26 816 769,,,,,,,,,,عومجملا,,,,,,,,,,,,,,,,,,,,,,,,,,,,,,,,,,,,,,,,,,,,,,,
AMANA,16,2,,,,,,,,203 327,,,-175 641,,,,,,,,,,ةرداص ريغ ةبستكم نيمأت طاسقأ,,-378 968,,,,,,,,,,,,,,,,,,,,,,,,,,,,,,,,,,,,,,,,,,,,,
AMANA,16,2,,,,,,,,6 473 776,,,17 690 674,,,,,,,,,,رشابملا نيمأتلا تاّيلمع نع ةدلوتم ىرخأ تاقحتسم,,11 216 898,,,,,,,,,,,,,,,,,,,,,,,,,,,,,,,,,,,,,,,,,,,,,
AMANA,16,2,,,,,,,,-1 558 011,,,5 138 736,,,,,,,,,,اهلحم ةسسؤملا تلحو اهضيوعت مت تاقحتسم,,6 696 747,,,,,,,,,,,,,,,,,,,,,,,,,,,,,,,,,,,,,,,,,,,,,
AMANA,16,2,,,,,,,,5 119 092,,,22 653 769,,,,,,,,,,عومجملا,,17 534 677,,,,,,,,,,,,,,,,,,,,,,,,,,,,,,,,,,,,,,,,,,,,,
AMANA,16,3,,,,,,,,"992 882
-50 282
-3 706","4 289 918
761 440
3 706",,"5 282 800
711 156
0",,,,,,,,,,"يلفاكتلا نيماتلا ةسسؤم
ةيمومعلا تاعامجل او يعامتجلاا نامضلا لـكايهو ةلودلا
ناوعلأا
نوفلتخم نونيدم",,,,,,,,,,,,,,,,,,,,,,,,,,,,,,,,,,,,,,,,,,,,,,,
AMANA,16,3,,,,,,,,938 892,5 055 064,,5 993 956,,,,,,,,,,يلفاكتلا نيماتلا ةسسؤم عومجم,,,,,,,,,,,,,,,,,,,,,,,,,,,,,,,,,,,,,,,,,,,,,,,
AMANA,16,3,,,,,,,,"673 802
3 555","2 204 227
0",,"2 878 029
3 555",,,,,,,,,,"نيكرتشملا قودنص
ةيمومعلا تاعامجلاو يعامتجلاا نامضلا لـكايهو ةلودلا
نوفلتخم نونيدم",,,,,,,,,,,,,,,,,,,,,,,,,,,,,,,,,,,,,,,,,,,,,,,
AMANA,16,3,,,,,,,,677 357,2 204 227,,2 881 584,,,,,,,,,,نيكرتشملا قودنص عومجم,,,,,,,,,,,,,,,,,,,,,,,,,,,,,,,,,,,,,,,,,,,,,,,
AMANA,16,3,,,,,,,,1 616 249,7 259 291,,8 875 540,,,,,,,,,,ماعلا عومجملا,,,,,,,,,,,,,,,,,,,,,,,,,,,,,,,,,,,,,,,,,,,,,,,
AMANA,16,4,,,,,,,,,,,,,,,,,,,,,يلفاكتلا نيماتلا ةسسؤم,,,,,,,,,,,,,,,,,,,,,,,,,,,,,,,,,,,,,,,,,,,,,,,
AMANA,16,4,,,,,,,,-209 609,112 153,,-97 455,,,,,,,,,,كنبلا يف لاومأ,,,,,,,,,,,,,,,,,,,,,,,,,,,,,,,,,,,,,,,,,,,,,,,
AMANA,16,4,,,,,,,,-9 850,9 850,,0,,,,,,,,,,ليصحتلل قاروأو تاكيش,,,,,,,,,,,,,,,,,,,,,,,,,,,,,,,,,,,,,,,,,,,,,,,
AMANA,16,4,,,,,,,,2 368,1 166,,3 534,,,,,,,,,,ةنيزخلا,,,,,,,,,,,,,,,,,,,,,,,,,,,,,,,,,,,,,,,,,,,,,,,
AMANA,16,4,,,,,,,,-217 090,123 169,,-93 921,,,,,,,,,,يلفاكتلا نيماتلا ةسسؤم عومجم,,,,,,,,,,,,,,,,,,,,,,,,,,,,,,,,,,,,,,,,,,,,,,,
AMANA,16,4,,,,,,,,,,,,,,,,,,,,,نيكرتشملا قودنص,,,,,,,,,,,,,,,,,,,,,,,,,,,,,,,,,,,,,,,,,,,,,,,
AMANA,16,4,,,,,,,,-2 497 968,5 118 075,,2 620 107,,,,,,,,,,كنبلا يف لاومأ,,,,,,,,,,,,,,,,,,,,,,,,,,,,,,,,,,,,,,,,,,,,,,,
AMANA,16,4,,,,,,,,623 504,57 157,,680 661,,,,,,,,,,ليصحتلل قاروأو تاكيش,,,,,,,,,,,,,,,,,,,,,,,,,,,,,,,,,,,,,,,,,,,,,,,
AMANA,16,4,,,,,,,,302,888,,1 190,,,,,,,,,,ةنيزخلا,,,,,,,,,,,,,,,,,,,,,,,,,,,,,,,,,,,,,,,,,,,,,,,
AMANA,16,4,,,,,,,,184 183,237 315,,421 498,,,,,,,,,,ةماعلا ةنيزخلا يف لاومأ,,,,,,,,,,,,,,,,,,,,,,,,,,,,,,,,,,,,,,,,,,,,,,,
AMANA,16,4,,,,,,,,-1 689 979,5 413 435,,3 723 456,,,,,,,,,,نيكرتشملا قودنص عومجم,,,,,,,,,,,,,,,,,,,,,,,,,,,,,,,,,,,,,,,,,,,,,,,
AMANA,16,4,,,,,,,,-1 907 069,5 536 604,,3 629 535,,,,,,,,,,ماعلا عومجملا,,,,,,,,,,,,,,,,,,,,,,,,,,,,,,,,,,,,,,,,,,,,,,,
AMANA,17,1,"-169 970 339 940 169 970
-618 135 1 067 217 449 082",,,,,,,,,"يلفاكتلا نيماتلا ةسسؤم
ةّقحتسم ريغ ةّيلاملا تافيظوّتلا ىلع ةبولطم حابرأ
اقّبسم ةلجّ سم ءابعأ",,,,,,,,,,,,,,,,,,,,,,,,,,,,,,,,,,,,,,,,,,,,,,,,,,,,,,,,,,
AMANA,17,1,,,,,,,,-788 105,1 407 157,,,,,,,,,,,,يلفاكتلا نيماتلا ةسسؤم عومجم,,,619 052,,,,,,,,,,,,,,,,,,,,,,,,,,,,,,,,,,,,,,,,,,,,
AMANA,17,1,"-367 214 734 427 367 213
-356 794 3 337 391 2 980 597",,,,,,,,,"نيكرتشملا قودنص
ةّقحتسم ريغ ةّيلاملا تافيظوّتلا ىلع ةبولطم حابرأ
اقّبسم ةلجّ سم ءابعأ",,,,,,,,,,,,,,,,,,,,,,,,,,,,,,,,,,,,,,,,,,,,,,,,,,,,,,,,,,
AMANA,17,1,,,,,,,,-724 007,4 071 818,,,,,,,,,,,,نيكرتشملا قودنص عومجم,,,3 347 811,,,,,,,,,,,,,,,,,,,,,,,,,,,,,,,,,,,,,,,,,,,,
AMANA,17,1,,,,,,,,-1 512 112,5 478 975,,,,,,,,,,,,ماعلا عومجملا,,,3 966 863,,,,,,,,,,,,,,,,,,,,,,,,,,,,,,,,,,,,,,,,,,,,
AMANA,17,2,,,,,,,,-237 721,,,,,,,,,,,,,ةلجؤم ةقباس تاونسل نيكرتشملا قودنص زجع,,,,256 634,18 912,,,,,,,,,,,,,,,,,,,,,,,,,,,,,,,,,,,,,,,,,,
AMANA,17,2,,,,,,,,800 000,,,,,,,,,,,,,يرخا ةيفاص لوصا,,,,-2 943 990,-2 143 990,,,,,,,,,,,,,,,,,,,,,,,,,,,,,,,,,,,,,,,,,,
AMANA,17,2,,,,,,,,-161 701,,,,,,,,,,,,,ةيبساحملا ةنسلل نيكرتشملا قودنص زجع وأ ضئاف,,,,562 279,400 577,,,,,,,,,,,,,,,,,,,,,,,,,,,,,,,,,,,,,,,,,,
AMANA,17,2,,,,,,,,400 577,,,,,,,,,,,,,عومجملا,,,,-2 125 077,-1 724 500,,,,,,,,,,,,,,,,,,,,,,,,,,,,,,,,,,,,,,,,,,
AMANA,17,3,,,,,,,,0,,,,,,,,,,,,,ررّ حملاو بتتكملا لام سأر,,,,,,20 145 010,20 145 010,,,,,,,,,,,,,,,,,,,,,,,,,,,,,,,,,,,,,,,,
AMANA,17,3,,,,,,,,187 723,,,,,,,,,,,,,ةيرابجا تاطايتحا,,,,,,1 071 274,1 258 997,,,,,,,,,,,,,,,,,,,,,,,,,,,,,,,,,,,,,,,,
AMANA,17,3,,,,,,,,380 000,,,,,,,,,,,,,ىرخا تاطايتحا,,,,,,6 080 000,6 460 000,,,,,,,,,,,,,,,,,,,,,,,,,,,,,,,,,,,,,,,,
AMANA,17,3,,,,,,,,2 000 000,,,,,,,,,,,,,رامثتسلاا ةداعا تاطايتحا,,,,,,1 780 000,3 780 000,,,,,,,,,,,,,,,,,,,,,,,,,,,,,,,,,,,,,,,,
AMANA,17,3,,,,,,,,-2 049,,,,,,,,,,,,,ةلجؤم ةجيتن,,,,,,8 781,6 732,,,,,,,,,,,,,,,,,,,,,,,,,,,,,,,,,,,,,,,,
AMANA,17,3,,,,,,,,1 583 156,,,,,,,,,,,,,ةّيبساحملا ةنسّ لا ةجيتن,,,,,,3 745 674,5 328 831,,,,,,,,,,,,,,,,,,,,,,,,,,,,,,,,,,,,,,,,
AMANA,17,3,,,,,,,,188 637,,,,,,,,,,,,,ىرخأ ةيتاذ لاومأ,,,,,,717 846,906 483,,,,,,,,,,,,,,,,,,,,,,,,,,,,,,,,,,,,,,,,
AMANA,17,3,,,,,,,,4 337 468,,,,,,,,,,,,,عوــمجملا,,,,,,33 548 585,37 886 053,,,,,,,,,,,,,,,,,,,,,,,,,,,,,,,,,,,,,,,,
AMANA,18,1,,,,,,,,,,,,,,,,,,,,,,,,,,,,,,ىرخأ,ةيبساحملا,,,,,,,,,,,,,,,,,,,,,,,,,,,,,,,,,,,,,
AMANA,18,1,,,,712 573,,,,,,0,,,,,,,,,,,,,,,,,,,23 754 138,,,8 781,8 931 274,14 101 510,2023/12/31 نيح ىلإ ةدصرلأا عومجم,,,,,,,,,,,,,,,,,,,,,,,,,,,,,,,,,
AMANA,18,1,,,,,,,,,,,,,,,,,,,,,,,,,,,,,,,,,,,عيزوتلا دعب,,,,,,,,,,,,,,,,,,,,,,,,,,,,,,,,,
AMANA,18,1,,,,0,,,,,,0,,,,,,,,,,,,,,,,,,,6 043 500,,,0,0,6 043 500,سلجم رارق بسح لاملا سأر يف عيفرتلا,,,,,,,,,,,,,,,,,,,,,,,,,,,,,,,,,
AMANA,18,1,,,,,,,,,,,,,,,,,,,,,,,,,,,,,,,,,,,2024 /06 /05 يف دقعنملا ةرادلإا,,,,,,,,,,,,,,,,,,,,,,,,,,,,,,,,,
AMANA,18,1,3 745 674,,,,,,,,,,,,0,,,,0,,,0,,,,,,,,,,0,3 745 674,,,,2024 ةيبساحملا ةنسلا جئاتن,,,,,,,,,,,,,,,,,,,,,,,,,,,,,,,,,
AMANA,18,1,5 273,,,,,,,,,,,,0,,,,0,,,0,,,,,,,,,,5 273,0,,,,يعامتجلاا قودنصلا تاطايتحا ريغت,,,,,,,,,,,,,,,,,,,,,,,,,,,,,,,,,
AMANA,18,1,,,,717 846,,,,,,3 745 674,,,,,,,,,,,,,,,,,,,33 548 585,,,8 781,8 931 274,20 145 010,2024/12 /31 نيح ىلإ ةدصرلأا عومجم,,,,,,,,,,,,,,,,,,,,,,,,,,,,,,,,,
AMANA,18,1,,,,,,,,,,,,,,,,,,,,,,,,,,,,,,,,,,,عيزوتلا لبق,,,,,,,,,,,,,,,,,,,,,,,,,,,,,,,,,
AMANA,18,1,,,,180 000,,,,,,-2 745 674,,,,,,,,,,,,,,,,,,,0,,,-2 049,2 567 723,0,عامتجا رضحم بسح جئاتنلا صيصخت,,,,,,,,,,,,,,,,,,,,,,,,,,,,,,,,,
AMANA,18,1,,,,,,,,,,,,,,,,,,,,,,,,,,,,,,,,,,,2025 /05 /30 خيراتب ةيداعلا ةماعلا ةسلجلا,,,,,,,,,,,,,,,,,,,,,,,,,,,,,,,,,
AMANA,18,1,-1 000 000,,,,,,,,,,,,0,,,,0,,,0,,,,,,,,,,0,-1 000 000,,,,2025/07/01 نم اءادتبا ةعزوملا حابرلأا,,,,,,,,,,,,,,,,,,,,,,,,,,,,,,,,,
AMANA,18,1,,,,897 846,,,,,,0,,,,,,,,,,,,,,,,,,,32 548 585,,,6 732,11 498 997,20 145 010,2024/12 /31 نيح ىلإ ةدصرلأا عومجم,,,,,,,,,,,,,,,,,,,,,,,,,,,,,,,,,
AMANA,18,1,,,,,,,,,,,,,,,,,,,,,,,,,,,,,,,,,,,عيزوتلا دعب,,,,,,,,,,,,,,,,,,,,,,,,,,,,,,,,,
AMANA,18,1,5 328 831,,,,,,,,,,,,0,,,,0,,,0,,,,,,,,,,0,5 328 831,,,,2025 ةيبساحملا ةنسلا جئاتن,,,,,,,,,,,,,,,,,,,,,,,,,,,,,,,,,
AMANA,18,1,8 637,,,,,,,,,,,,0,,,,0,,,0,,,,,,,,,,8 637,0,,,,يعامتجلاا قودنصلا تاطايتحا ريغت,,,,,,,,,,,,,,,,,,,,,,,,,,,,,,,,,
AMANA,18,1,,,,906 483,,,,,,5 328 831,,,,,,,,,,,,,,,,,,,37 886 053,,,6 732,11 498 997,20 145 010,2025/12 /31 نيح ىلإ ةدصرلأا عومجم,,,,,,,,,,,,,,,,,,,,,,,,,,,,,,,,,
AMANA,18,1,,,,,,,,,,,,,,,,,,,,,,,,,,,,,,,,,,,عيزوتلا لبق,,,,,,,,,,,,,,,,,,,,,,,,,,,,,,,,,
AMANA,18,2,,,,,,,,,,,,,,,,,,,,,,,,,,,,,,ىرخأ,ةيبساحملا,,,,,,لاملا,,,,,,,,,,,,,,,,,,,,,,,,,,,,,,,
AMANA,18,2,-2 125 077,,,,,,,,,,,,256 634,,,,,,,,,,,,,,,,,-2 943 990,562 279,,,,عيزوتلا لبق 2024/12 /31 نيح ىلإ ةدصرلأا عومجم,,,,,,,,,,,,,,,,,,,,,,,,,,,,,,,,,
AMANA,18,2,,,,800 000,,,,,,-562 279,,,,,,,,,,0,,,,,,,,,0,,,-237 721,0,,ةماعلا ةسلجلا عامتجا رضحم بسح جئاتنلا صيصخ,"ت
ا",,,,,,,,,,,,,,,,,,,,,,,,,,,,,,,,
AMANA,18,2,,,,,,,,,,,,,,,,,,,,,,,,,,,,,,,,,,,2025/05/30 خيراتب ةيداعل,,,,,,,,,,,,,,,,,,,,,,,,,,,,,,,,,
AMANA,18,2,-2 125 077,,,,,,,,,,,,18 912,,,,0,,,,,,,,,,,,,-2 143 990,0,,,,عيزوتلا دعب 2024/12 /31 نيح ىلإ ةدصرلأا عومجم,,0,,,,,,,,,,,,,,,,,,,,,,,,,,,,,,,
AMANA,18,2,400 577,,,,,,,,,,,,0,,,,0,,,,,,,,,,,,,0,400 577,,,,2025 ةيبساحملا ةنسلا جئات,ن,0,,,,,,,,,,,,,,,,,,,,,,,,,,,,,,,
AMANA,18,2,-1 724 500,,,,,,,,,,,,18 912,,,,0,,,,,,,,,,,,,-2 143 990,400 577,,,,عيزوتلا لبق 2025/12 /31 نيح ىلإ ةدصرلأا عومجم,,0,,,,,,,,,,,,,,,,,,,,,,,,,,,,,,,
AMANA,18,3,,,,,,,,3 765 939,,,23 120 910,,,,,,,,,,,,19 354 971,,,,,,,,,,,,,,,ةبستكملا ريغ نيمأّتلا طاسقأ تارخدّ م,,,,,,,,,,,,,,,,,,,,,,,,,,,,,,
AMANA,18,3,,,,,,,,9 617 966,,,61 177 234,,,,,,,,,,,,51 559 269,,,,,,,,,,,,,,,يلئاعلا يلفاكتلا نيمأّتلا تارخدّ م,,,,,,,,,,,,,,,,,,,,,,,,,,,,,,
AMANA,18,3,,,,,,,,1 005 326,,,2 036 193,,,,,,,,,,,,1 030 868,,,,,,,,,,,,,,,)يلئاعلا يلفاكتلا نيمأّتلا طاسقأ( تاضيوعتلا تارخدّ م,,,,,,,,,,,,,,,,,,,,,,,,,,,,,,
AMANA,18,3,,,,,,,,2 484 360,,,42 801 120,,,,,,,,,,,,40 316 760,,,,,,,,,,,,,,,)ماعلا يلفاكتلا نيمأّتلا طاسقأ( تاضيوعتلا تارخدّ م,,,,,,,,,,,,,,,,,,,,,,,,,,,,,,
AMANA,18,3,,,,,,,,19 614,,,40 232,,,,,,,,,,,,20 618,,,,,,,,,,,,,,,نزاوتلاو ليدعتلا تارخدم,,,,,,,,,,,,,,,,,,,,,,,,,,,,,,
AMANA,18,3,,,,,,,,698 130,,,1 585 618,,,,,,,,,,,,887 488,,,,,,,,,,,,,,,ىرخأ ةينف تارخدم,,,,,,,,,,,,,,,,,,,,,,,,,,,,,,
AMANA,18,3,,,,,,,,17 591 335,,,130 761 307,,,,,,,,,,,,113 169 974,,,,,,,,,,,,,,,عومجملا,,,,,,,,,,,,,,,,,,,,,,,,,,,,,,
AMANA,19,1,,,,,,,,,,,,,,,,,,,,,,,,,,,,,,,,,,,,,,,,حرصملا ريغو ةبكترملا,2025 ليصحتلل,2025 ةيوستلا تحت,,,,,,,,,,,,,,,,,,,,,,,,,,
AMANA,19,1,,,,,,,,,,,,,,,,,,,,,,,,,,,,,,,,,,,,,,,,)3 ( 2025 اهب,)2(,)1(,,,,,,,,,,,,,,,,,,,,,,,,,,
AMANA,19,1,42 801 120,,,,,,,,,,,,,,,,ماعلا يلفاكتلا نيمأتلا,,,,,,,,,,,,,,,,,,,,,,,10 342 349,4 758 390,37 217 161,,,,,,,,,,,,,,,,,,,,,,,,,,
AMANA,19,1,40 236 404,,,,,,,,,,,,,,,,تارايسلا ىلع يلفاكتلا نيمأتلا,,,,,,,,,,,,,,,,,,,,,,,9 815 029,2 760 970,33 182 345,,,,,,,,,,,,,,,,,,,,,,,,,,
AMANA,19,1,-630 959,,,,,,,,,,,,,,,,لقنلا ىلع يلفاكتلا نيمأتلا,,,,,,,,,,,,,,,,,,,,,,,97 482,961 232,232 791,,,,,,,,,,,,,,,,,,,,,,,,,,
AMANA,19,1,,,,10 000,,,,,,1 036 188,,,3 145 784,,,,رطاخملاو قيرحلا ىلع يلفاكتلا نيمأتلا,,,,,,,,,,,,,,,,,,,,,,2 119 596,,,,,,,,,,,,,,,,,,,,,,,,,,,,,
AMANA,19,1,,,,,,,,,,,,,,,,,ةفلتخملا,,,,,,,,,,,,,,,,,,,,,,,,,,,,,,,,,,,,,,,,,,,,,,,,,,,
AMANA,19,1,1 076 079,,,,,,,,,,,,,,,,ةحصلا ىلع يعامج لفاكت,,,,,,,,,,,,,,,,,,,,,,,419 838,0,656 241,,,,,,,,,,,,,,,,,,,,,,,,,,
AMANA,19,2,,,,,,,,,,,,,,,,,,,,,,,,,,,,,)3(+)2(-)1(,,,,,,,,,,,,,,,,,,,,,,,,,,,,,,,,,,,,,,,
AMANA,19,3,,,,,,,,,,,,,,,,,,,,,يلفاكتلا نيماتلا ةسسؤم,,,,,,,,,,,,,,,,,,,,,,,,,,,,,,,,,,,,,,,,,,,,,,,
AMANA,19,3,,,,,,,,-19 533,773 153,,753 620,,,,,,,,,,مهب ةطبترم تاباسحو ناوعلأا,,,,,,,,,,,,,,,,,,,,,,,,,,,,,,,,,,,,,,,,,,,,,,,
AMANA,19,3,,,,,,,,470 789,2 596 597,,3 067 386,,,,,,,,,,ةّيمومعلا تاعامجلاو ةلودّ لا,,,,,,,,,,,,,,,,,,,,,,,,,,,,,,,,,,,,,,,,,,,,,,,
AMANA,19,3,,,,,,,,2 623 314,771 408,,3 394 722,,,,,,,,,,نوعوّنتم نونئاد,,,,,,,,,,,,,,,,,,,,,,,,,,,,,,,,,,,,,,,,,,,,,,,
AMANA,19,3,,,,,,,,3 074 570,4 141 158,,7 215 728,,,,,,,,,,يلفاكتلا نيماتلا ةسسؤم عومجم,,,,,,,,,,,,,,,,,,,,,,,,,,,,,,,,,,,,,,,,,,,,,,,
AMANA,19,3,,,,,,,,,,,,,,,,,,,,,نيكرتشملا قودنص,,,,,,,,,,,,,,,,,,,,,,,,,,,,,,,,,,,,,,,,,,,,,,,
AMANA,19,3,,,,,,,,2 537 234,0,,2 537 234,,,,,,,,,,ةرشابملا يلفاكتلا نيمأتلا تايلمع نع ةدّـلوتم نويدلا,,,,,,,,,,,,,,,,,,,,,,,,,,,,,,,,,,,,,,,,,,,,,,,
AMANA,19,3,,,,,,,,940 742,0,,940 742,,,,,,,,,,لفاكتلا ةداعإ تايلمع نع ةدّـلوتم نويدلا,,,,,,,,,,,,,,,,,,,,,,,,,,,,,,,,,,,,,,,,,,,,,,,
AMANA,19,3,,,,,,,,3 000,60 486,,63 486,,,,,,,,,,نيمأتلا ءاطسوو باون نم اهيلع لصحتم تلاافكو عئادو,,,,,,,,,,,,,,,,,,,,,,,,,,,,,,,,,,,,,,,,,,,,,,,
AMANA,19,3,,,,,,,,-110 362,1 486 758,,1 376 396,,,,,,,,,,ةّيمومعلا تاعامجلاو ةلودّ لا,,,,,,,,,,,,,,,,,,,,,,,,,,,,,,,,,,,,,,,,,,,,,,,
AMANA,19,3,,,,,,,,-1 422 094,9 128 683,,7 706 589,,,,,,,,,,نوعوّنتم نونئاد,,,,,,,,,,,,,,,,,,,,,,,,,,,,,,,,,,,,,,,,,,,,,,,
AMANA,19,3,-878 410,,,2 956 507,,,,,,2 078 097,,,,,,,,,,,"ةبراضملا ،ةلاكولا ةلومع( قودنصلا لغشمل ةقحتسملا نويدلا
)نويدلا نم اهريغو",,,,,,,,,,,,,,,,,,,,,,,,,,,,,,,,,,,,,,,,,,,,,,,
AMANA,19,3,,,,,,,,1 070 110,13 632 434,,14 702 544,,,,,,,,,,نيكرتشملا قودنص عومجم,,,,,,,,,,,,,,,,,,,,,,,,,,,,,,,,,,,,,,,,,,,,,,,
AMANA,19,3,,,,,,,,4 144 680,17 773 592,,21 918 272,,,,,,,,,,ماعلا عومجملا,,,,,,,,,,,,,,,,,,,,,,,,,,,,,,,,,,,,,,,,,,,,,,,
AMANA,19,4,,,,,,,,,,,,,,,,,,,,,نيكرتشملا قودنص,,,,,,,,,,,,,,,,,,,,,,,,,,,,,,,,,,,,,,,,,,,,,,,
AMANA,19,4,,,,,,,,140 122,410 810,,550 932,,,,,,,,,,يرخا ةيوست تاباسح,,,,,,,,,,,,,,,,,,,,,,,,,,,,,,,,,,,,,,,,,,,,,,,
AMANA,19,4,,,,,,,,140 122,410 810,,550 932,,,,,,,,,,نيكرتشملا قودنص عومجم,,,,,,,,,,,,,,,,,,,,,,,,,,,,,,,,,,,,,,,,,,,,,,,
AMANA,19,4,,,,,,,,140 122,410 810,,550 932,,,,,,,,,,ماعلا عومجملا,,,,,,,,,,,,,,,,,,,,,,,,,,,,,,,,,,,,,,,,,,,,,,,
AMANA,19,5,,,,,,,,,,,,,,,,,,,,,,,,,,,,,,,,,,,,,,,,,,,,8 904 846,12 879 752,-1 974 565,14 854 317,ةلوبقملاو ةرداصّ لا نيمأـّتلا طاسقأ,,,,,,,,,,,,,,,,,,,,
AMANA,19,5,,,,,,,,,,,,,,,,,,,,,,,,,,,,,,,,,,,,,,,,,,,,8 904 846,12 879 752,-1 974 565,14 854 317,عومجملا,,,,,,,,,,,,,,,,,,,,
AMANA,20,1,,,,,,,,-48 053,-583 237,,-631 290,,,,,,,,,,ءانتقلاا تاقفن,,,,,,,,,,,,,,,,,,,,,,,,,,,,,,,,,,,,,,,,,,,,,,,
AMANA,20,1,,,,,,,,-114 177,-974 897,,-1 089 074,,,,,,,,,,نيكرتشملا قودنص لهاك ىلع ةرادلإا تاقفن,,,,,,,,,,,,,,,,,,,,,,,,,,,,,,,,,,,,,,,,,,,,,,,
AMANA,20,1,,,,,,,,-446 263,1 313 664,,867 402,,,,,,,,,,نيمأتلا يديعم نم اهيلع لصحتم تلاومع,,,,,,,,,,,,,,,,,,,,,,,,,,,,,,,,,,,,,,,,,,,,,,,
AMANA,20,1,,,,,,,,-608 493,-244 470,,-852 962,,,,,,,,,,عومجملا,,,,,,,,,,,,,,,,,,,,,,,,,,,,,,,,,,,,,,,,,,,,,,,
AMANA,20,2,,,,,,,,1 769,-317 429,,-315 660,,,,,,,,,,ةبراضملا ةلومع,,,,,,,,,,,,,,,,,,,,,,,,,,,,,,,,,,,,,,,,,,,,,,,
AMANA,20,2,,,,,,,,-40 376,-357 686,,-398 061,,,,,,,,,,تافيظوتلا يف ىرخأ فرصتلا تاقفن,,,,,,,,,,,,,,,,,,,,,,,,,,,,,,,,,,,,,,,,,,,,,,,
AMANA,20,2,,,,,,,,-38 607,-675 115,,-713 721,,,,,,,,,,عومجملا,,,,,,,,,,,,,,,,,,,,,,,,,,,,,,,,,,,,,,,,,,,,,,,
AMANA,20,3,,,,,,,,,,,,,,,,,,,,,,,,,,,,,,,,,,,,,,,,,,,,,,,,,2024,,,,,,,,,,,,,,,,,,,
AMANA,20,3,14 768 737,,,,,,,,,,,,61 396 176,,,,ةلوبقملاو ةرداصّ لا نيمأـّتلا طاسقأ,,,,,,,,,,,,,,,,,,,,,,,,,,,,,-7 011 782,,,39 615 656,54 384 394,,,,,,,,,,,,,,,,,,
AMANA,20,3,-314 194,,,,,,,,,,,,-3 562 347,,,,ةبستكملا ريغ نيمأـّتلا طاسقأ تارخدّ م رّيغت,,,,,,,,,,,,,,,,,,,,,,,,,,,,,336 780,,,-2 911 372,-3 225 567,,,,,,,,,,,,,,,,,,
AMANA,20,3,14 454 543,,,,,,,,,,,,57 833 829,,,,عومجملا,,,,,,,,,,,,,,,,,,,,,,,,,,,,,-6 675 002,,,36 704 284,51 158 827,,,,,,,,,,,,,,,,,,
AMANA,20,4,,,,,,,,-1 593 074,-6 671 080,,-8 264 154,,,,,,,,,,ءانتقلاا تاقفن,,,,,,,,,,,,,,,,,,,,,,,,,,,,,,,,,,,,,,,,,,,,,,,
AMANA,20,4,,,,,,,,660 026,1 286 075,,1 946 101,,,,,,,,,,ةلجؤملا ءانتقلاا تاقفن غلابم رّيغت,,,,,,,,,,,,,,,,,,,,,,,,,,,,,,,,,,,,,,,,,,,,,,,
AMANA,20,4,,,,,,,,-5 176 565,-11 826 364,,-17 002 929,,,,,,,,,,نيكرتشملا قودنص لهاك ىلع ةرادلإا تاقفن,,,,,,,,,,,,,,,,,,,,,,,,,,,,,,,,,,,,,,,,,,,,,,,
AMANA,20,4,,,,,,,,462 727,1 598 106,,2 060 833,,,,,,,,,,نيمأتلا يديعم نم اهيلع لصحتم تلاومع,,,,,,,,,,,,,,,,,,,,,,,,,,,,,,,,,,,,,,,,,,,,,,,
AMANA,20,4,,,,,,,,-5 646 886,-15 613 263,,-21 260 149,,,,,,,,,,عومجملا,,,,,,,,,,,,,,,,,,,,,,,,,,,,,,,,,,,,,,,,,,,,,,,
AMANA,21,1,,,,,,,,199 904,-463 618,,-263 714,,,,,,,,,,ةبراضملا ةلومع,,,,,,,,,,,,,,,,,,,,,,,,,,,,,,,,,,,,,,,,,,,,,,,
AMANA,21,1,,,,,,,,234 971,-706 125,,-471 154,,,,,,,,,,تافيظوتلا يف ىرخأ فرصتلا تاقفن,,,,,,,,,,,,,,,,,,,,,,,,,,,,,,,,,,,,,,,,,,,,,,,
AMANA,21,1,,,,,,,,-70 877,-257 922,,-328 799,,,,,,,,,,تافيظوتلا ىلع ةميقلا حيحصت تاقفن,,,,,,,,,,,,,,,,,,,,,,,,,,,,,,,,,,,,,,,,,,,,,,,
AMANA,21,1,,,,,,,,363 998,-1 427 665,,-1 063 667,,,,,,,,,,عومجملا,,,,,,,,,,,,,,,,,,,,,,,,,,,,,,,,,,,,,,,,,,,,,,,
AMANA,21,2,,,,,,,,-912 663,-7 271 448,,-8 184 111,,,,,,,,,,,,,,,,,,,,,,,,,,,,,,,,,,,,,,,,ناوعلأا ءابعا,,,,,,,,,,,,,,,,,
AMANA,21,2,,,,,,,,-449 943,-3 332 679,,-3 782 622,,,,,,,,,,,,,,,,,,,,,,,,,,,,,,,,,,,,,,,,ىرخأ ءابعأ,,,,,,,,,,,,,,,,,
AMANA,21,2,,,,,,,,-696 792,-2 881 793,,-3 578 585,,,,,,,,,,,,,,,,,,,,,,,,,,,,,,,,,,,,,,,,ىرخأ للاغتسا ءابعا,,,,,,,,,,,,,,,,,
AMANA,21,2,,,,,,,,246 849,-450 886,,-204 037,,,,,,,,,,,,,,,,,,,,,,,,,,,,,,,,,,,,,,,,لوصلأل تارخدملاو تاكلاهتسلاا تاصصخم,,,,,,,,,,,,,,,,,
AMANA,21,2,,,,,,,,-1 362 606,-10 604 127,,-11 966 733,,,,,,,,,,,,,,,,,,,,,,,,,,,,,,,,,,,,,,,,عومجملا,,,,,,,,,,,,,,,,,
AMANA,21,3,,,,,,,,1 546 242,,,,,,,,,,,,,ةيبساحملا ةنسلا ةيادب يف ةنيزخلا,,,,,,,,,,,,,,,,,,,,,,,,,,,,,,,3 693 351,5 239 592,,,,,,,,,,,,,,,
AMANA,21,3,,,,,,,,-5 248 280,,,,,,,,,,,,,للاغتسلاا ةطشنأب ةلصتملا ةيدقنلا تاقفدتلا,,,,,,,,,,,,,,,,,,,,,,,,,,,,,,,-3 805 109,10 748 469,,,,,,,,,,,,,,,
AMANA,21,3,,,,,,,,138 002,,,,,,,,,,,,,رامثتسلاا ةطشنأب ةلصتملا ةيدقنلا تاقفدتلا,,,,,,,,,,,,,,,,,,,,,,,,,,,,,,,-354 229,-12 182 625,,,,,,,,,,,,,,,
AMANA,21,3,,,,,,,,6 069 740,,,,,,,,,,,,,ليومتلا ةطشنأب ةلصتملا ةيدقنلا تاقفدتلا,,,,,,,,,,,,,,,,,,,,,,,,,,,,,,,5 705 580,-1 260 886,,,,,,,,,,,,,,,
AMANA,21,3,,,,,,,,2 505 703,,,,,,,,,,,,,ةيبساحملا ةنسلا ةياهن يف ةنيزخلا,,,,,,,,,,,,,,,,,,,,,,,,,,,,,,,5 239 592,2 544 550,,,,,,,,,,,,,,,
AMANA,21,4,,,,,,,,,,,,,,,,,,,,,,,,,,,,,,,,,,,,,,,,,,,,,,,,,,,,,,41. 446. 907,ى ربكلا سنوت,,,,,,,,,,,,,
AMANA,21,4,,,,,,,,,,,,,,,,,,,,,,,,,,,,,,,,,,,,,,,,,,,,,,,,,,,,,,1 .352. 931,ل امشلا,,,,,,,,,,,,,
AMANA,21,4,,,,,,,,,,,,,,,,,,,,,,,,,,,,,,,,,,,,,,,,,,,,,,,,,,,,,,4. 257. 578,ي لبقلا نطولا,,,,,,,,,,,,,
AMANA,21,4,,,,,,,,,,,,,,,,,,,,,,,,,,,,,,,,,,,,,,,,,,,,,,,,,,,,,,12. 470 .618,ط سولاو لحاسلا,,,,,,,,,,,,,
AMANA,21,4,,,,,,,,,,,,,,,,,,,,,,,,,,,,,,,,,,,,,,,,,,,,,,,,,,,,,,16 .428. 012,ب ونجلا,,,,,,,,,,,,,
AMANA,21,4,,,,,,,,,,,,,,,,,,,,,,,,,,,,,,,,,,,,,,,,,,,,,,,,,,,,,,75.956.046,ع ومجملا,,,,,,,,,,,,,
AMANA,25,1,,,,,,,,,,,,,,,,,,,,,,,,,,,,,,,,,,,,,,,,,,,,,,,,,,,,,,,,,"268 876
16 286 905
1 602 944
11 500 000
5 789 600
40 893 500
4 500 000
4 000 000
6 000 000
963 718
0
29 300 000
3 000 000","268 876
16 286 905
1 602 944
11 500 000
5 789 600
40 893 500
4 500 000
4 000 000
6 000 000
963 718
0
29 300 000
3 000 000","270 000
16 445 496
1 676 268
11 500 000
5 789 600
40 893 500
4 500 000
4 000 000
6 000 000
963 718
0
29 300 000
3 000 000",,,,,,,,,
AMANA,25,1,,,,,,,,,,,,,,,,,,,,,,,,,,,,,,,,,,,,,,,,,,,,,,,,,,,,,,,,,124 105 543,124 105 543,124 338 582,,,,,,,,,
AMANA,25,1,,,,,,,,,,,,,,,,,,,,,,,,,,,,,,,,,,,,,,,,,,,,,,,,,,,,,,,,,"123 141 824
13 914 274","123 141 824
13 914 274","123 374 863
13 914 274",,,,,,,,,
AMANA,27,1,,,,,,,,,,,,,,,,,,,,,,,,,,,,,,,,,,,,,,,,,,,,,,,,,,,,,,,,,,,,2025/12/31 يف ةموتخملا ةّيبساحملا ةنسّ لل,,,,,,,,
AMANA,27,1,,,,,,,,,,,,,,,,,,,,,,,,,,,,,,,,,,,,,,,,,,,,,,,,,,,,,,,,,,,,ر انيدلا باسحب,,,,,,,,
AMANA,27,1,ع ومجم,,,ى رخا تافورصمو ليخادم,,,,,,,,"تاسسؤملا يف تافيظوتلا تافورصمو ليخادم
ة مهاسم ةلص تاذو ةطبترملا",,,,,,,,,,,,,,,,,,,,,,,,,,,,,,,,,,,,,,,,,,,,,,,,,,,,,,,,
AMANA,27,1,,,,,,,,,,,,,,,,,,,ة يراقعلا تافيظوتلا ليخادم,,,,,,,,,,,,,,,,,,,,,,,,,,,,,,,,,,,,,,,,,,,,,,,,,
AMANA,27,1,,,,,57 115,,,,,,,,21 429,,,,,,تامهاسملا ليخادم,,,,,,,,,,,,,,,,,,,,,,,,,,,,,,,,,,,,,,,,,78 544,,,,,,,,
AMANA,27,1,,,,,1 585 574,,,,,,,,5 602 721,,,,,,ىرخلأا تافيظوتلا ليخادم,,,,,,,,,,,,,,,,,,,,,,,,,,,,,,,,,,,,,,,,,7 188 295,,,,,,,,
AMANA,27,1,,,,,0,,,,,,,,0,,,,,,ىرخلأا ةيلام ليخادم,,,,,,,,,,,,,,,,,,,,,,,,,,,,,,,,,,,,,,,,,0,,,,,,,,
AMANA,27,1,,,,,1 642 689,,,,,,,,5 624 150,,,,,,تافيظوتلا تاداريا عومجم,,,,,,,,,,,,,,,,,,,,,,,,,,,,,,,,,,,,,,,,,7 266 839,,,,,,,,
AMANA,27,1,,,,,-1 373 463,,,,,,,,-160 000,,,,,,تافيظوتلا يف فرصتلا ءابعأ,,,,,,,,,,,,,,,,,,,,,,,,,,,,,,,,,,,,,,,,,-1 533 463,,,,,,,,
AMANA,27,1,,,,,-126 165,,,,,,,,-453 209,,,,,,ةبراضملا ةلومع,,,,,,,,,,,,,,,,,,,,,,,,,,,,,,,,,,,,,,,,,-579 374,,,,,,,,
AMANA,27,1,,,,,-1 499 628,,,,,,,,-613 209,,,,,,تافيظوتلا ءابعأ عومجم,,,,,,,,,,,,,,,,,,,,,,,,,,,,,,,,,,,,,,,,,-2 112 837,,,,,,,,
AMANA,29,1,,,,,,,,,,,,,,,,,,,,,,,,,,,,,,,,,,,,,,,,,,,,,,,,,,,,,,,,,,,,,يلئاعلا يلفاكتلا نيمأتلا ةداعا وأ/و يلفاكتلا نيمأتلا تاسسؤم,,,,,,,
AMANA,29,1,,,,,,,,,,,,,,,,,,,,,,,,,,,,,,,,,,,,,,,,,,,,,,,,,,,,,,,,,,,,,2025/12/31يف ةموتخملا ةّيبساحملا ةنسّ لل,,,,,,,
AMANA,29,1,رانيدلا باسحب,,,,,,,,,,,,,,,,,,,,,,,,,,,,,,,,,,,,,,,,,,,,,,,,,,,,,,,,,,,,,,,,,,,
AMANA,29,1,,,,,,,,,,,,,,,,,,,,,,,,,,,,,,,,,,,,,,,,,,,,,,,,,,,,,,,,,,,,,رانيدلا باسحب,,,,,,,
AMANA,29,1,,,,,عومجم,,,,,,,,,,,,,,,,,,,,,,,,,,,,,,,,,,,,,,,,,,,,,,,,,,,,,,,,طبر,,,,,,,
AMANA,29,1,") 1 دومع( 11 ع ر ا
) 1 دومع( 11 ع ع ا
6 ع ع ا + 2 ع ع ا (1 دومع)",,,"14 854 317
-4 954 452
-9 756 042
0",,,,,,,,"نيمات طاسقأ
ة مدخلا ميدقت ءابعأ
ى رخأ ةينف ت ارخدمو يلئاعلا يلفاكتلا نيمأتلا تارخدم ءابعأ
ريغتم لام سأر نيمأت حيحصت",,,,,,,,,,,,,,,,,,,,,,,,,,,,,,,,,,,,,,,,,,,,,,,,,,,,,,,,
AMANA,29,1,,,,,143 823,,,,,,,,ء انتقلاا صلاخ عومجم,,,,,,,,,,,,,,,,,,,,,,,,,,,,,,,,,,,,,,,,,,,,,,,,,,,,,,,
AMANA,29,1,"31 ع ع أ
5 ع ع أ + 33 ع ع أ",,,"-631 290
-1 434 396",,,,,,,,"ءانتقلاا ءابعأ
ة يفاص ىرخأ فرصت ءابعأ",,,,,,,,,,,,,,,,,,,,,,,,,,,,,,,,,,,,,,,,,,,,,,,,,,,,,,,,
AMANA,29,1,,,,,-2 065 686,,,,,,,,ةيفاص ىرخأ ء انتقاو فرصت ءابعأ,,,,,,,,,,,,,,,,,,,,,,,,,,,,,,,,,,,,,,,,,,,,,,,,,,,,,,,
AMANA,29,1,411 ع ع أ- 21 ع ر أ -412 ع ع أ,,,2 056 052,,,,,,,,ةيفاصلا تافيظوتلا تاداريا,,,,,,,,,,,,,,,,,,,,,,,,,,,,,,,,,,,,,,,,,,,,,,,,,,,,,,,,
AMANA,29,1,,,,,2 056 052,,,,,,,,ي لام عومجم,,,,,,,,,,,,,,,,,,,,,,,,,,,,,,,,,,,,,,,,,,,,,,,,,,,,,,,
AMANA,29,1,") 2 دومع( 1 ع ر ا
) 2 دومع( 1 ع ع ا
) 2 دومع( 2 ع ع ا
) 2 دومع( 34 ع ع ا",,,"-1 974 565
1 085 709
224 348
867 402",,,,,,,,"اهدانسا داعمو ةدنسم نيمأت طاسقأ
ت اضيوعتل ا ءابعأ يف نيمأتلا يديعم ةصح
ت ارخدملا ءابعأ يف نيمأتلا يديعم ةصح
نيمأتلا يديعم نم ةلوبقم تلاومع",,,,,,,,,,,,,,,,,,,,,,,,,,,,,,,,,,,,,,,,,,,,,,,,,,,,,,,,
AMANA,29,1,,,,,202 894,,,,,,,,ن يمأتلا ةداعا عومجم,,,,,,,,,,,,,,,,,,,,,,,,,,,,,,,,,,,,,,,,,,,,,,,,,,,,,,,
AMANA,29,1,,,,,337 083,,,,,,,,ز جع وأ ضئاف,,,,,,,,,,,,,,,,,,,,,,,,,,,,,,,,,,,,,,,,,,,,,,,,,,,,,,,
AMANA,29,1,,,,"64 051 494
53 290 126",,,,,,,,"ةيفاضإ تامولعم
نيمأتلا ءارش ةداعإ غلابم
ةنسلل ةيلامجإ ةينف تلاومع
ل افقلإا دنع ةيلامجإ ةينف تارخدم
ح اتتفلاا دنع ةيلامجإ ةينف تارخدم
م صخلل
ةبجوتسم تارخدم",,,,,,,,,,,,,,,,,,,,,,,,,,,,,,,,,,,,,,,,,,,,,,,,,,,,,,,,
AMANA,30,1,,,,,,,,,,,,,,,,,,,,,,,,,,,,,,,,,,,,,,,,,,,,,,,,,,,,,,,,,,,,,,م اعلا يلفاكتلا نيمأتلا ةداعإ وأ/و يلفاكتلا نيمأتلا تاسسؤم,,,,,,
AMANA,30,1,,,,,,,,,,,,,,,,,,,,,,,,,,,,,,,,,,,,,,,,,,,,,,,,,,,,,,,,,,,,,,2025/12/31 يف ةموتخملا ةّيبساحملا ةنسّ لل,,,,,,
AMANA,30,1,,,,,,,,,,,,,,,,,,,,,,,,,,,,,,,,,,,,,,,,,,,,,,,,,,,,,,,,,,,,,,رانيدلا باسحب,,,,,,
AMANA,30,1,,,,,عومجم,,,,,,,,,,,,,,,,,,,,,,,,,,,,,,,,,,,,,,,,,,,,,,,,,,,,,,,,,طبر,,,,,,
AMANA,30,1,,,,,57 833 829,,,,,,,,ةبستكم نيمات طاسقأ,,,,,,,,,,,,,,,,,,,,,,,,,,,,,,,,,,,,,,,,,,,,,,,,,,,,,,,
AMANA,30,1,)1 دومع( 11 م ع ر ا,,,"61 396 176
-3 562 347",,,,,,,,"ةرداص نيمأت طاسقأ
ةبستكملا ريغ نيمأتلا طاسقأ تارخدم ريغت",,,,,,,,,,,,,,,,,,,,,,,,,,,,,,,,,,,,,,,,,,,,,,,,,,,,,,,,
AMANA,30,1,ع ر ا )1 دومع( 12 م,,,,,,,,,,,,,,,,,,,,,,,,,,,,,,,,,,,,,,,,,,,,,,,,,,,,,,,,,,,,,,,,,,,
AMANA,30,1,,,,,-34 056 675,,,,,,,,ةمدخلا ميدقت ءابعأ,,,,,,,,,,,,,,,,,,,,,,,,,,,,,,,,,,,,,,,,,,,,,,,,,,,,,,,
AMANA,30,1,ع ع أ م 11,,,"-31 022 462
-3 034 213",,,,,,,,"ةعوفدم تاقفنو ةمدخلا ميدقت ءابعأ
ةفلتخم تارخدم ءابعأ",,,,,,,,,,,,,,,,,,,,,,,,,,,,,,,,,,,,,,,,,,,,,,,,,,,,,,,,
AMANA,30,1,م ع ع أ 22 + م ع ع أ 12,,,,,,,,,,,,,,,,,,,,,,,,,,,,,,,,,,,,,,,,,,,,,,,,,,,,,,,,,,,,,,,,,,,
AMANA,30,1,,,,,23 777 154,,,,,,,,ءانتقلاا صلاخ عومجم,,,,,,,,,,,,,,,,,,,,,,,,,,,,,,,,,,,,,,,,,,,,,,,,,,,,,,,
AMANA,30,1,ع ع ا 31 + 32 م ع ع ا,,,"-6 347 713
-17 194 397",,,,,,,,"ءانتقلاا ءابعأ
ة يفاص ىرخأ فرصت ءابعأ",,,,,,,,,,,,,,,,,,,,,,,,,,,,,,,,,,,,,,,,,,,,,,,,,,,,,,,,
AMANA,30,1,ع ع ا 3 م ع ر ا – 5 م ع ع ا + 33 م,,,,,,,,,,,,,,,,,,,,,,,,,,,,,,,,,,,,,,,,,,,,,,,,,,,,,,,,,,,,,,,,,,,
AMANA,30,1,,,,,-23 542 110,,,,,,,,ةيفاص ىرخأ ءانتقا و فرصت ءابعأ,,,,,,,,,,,,,,,,,,,,,,,,,,,,,,,,,,,,,,,,,,,,,,,,,,,,,,,
AMANA,30,1,ع ر ا 4 م ع ع ا – 2 م,,,1 943 382,,,,,,,,ةيفاصلا تافيظوتلا تاداريا,,,,,,,,,,,,,,,,,,,,,,,,,,,,,,,,,,,,,,,,,,,,,,,,,,,,,,,,
AMANA,30,1,,,,,1 943 382,,,,,,,,ي لام عومجم,,,,,,,,,,,,,,,,,,,,,,,,,,,,,,,,,,,,,,,,,,,,,,,,,,,,,,,
AMANA,30,1,ع ر ا )2 دومع( 1 م,,,"-6 675 002
1 403 250
1 066 327
2 090 493",,,,,,,,"ةبستكم نيمأت طاسقأ يف نيمأتلا يديعم ةصح
تاضيوعتلا ءابعأ يف نيمأتلا يديعم ةصح
تارخدملا ءابعأ يف نيمأتلا يديعم ةصح
نيمأتلا يديعم نم ةلوبقم تلاومع",,,,,,,,,,,,,,,,,,,,,,,,,,,,,,,,,,,,,,,,,,,,,,,,,,,,,,,,
AMANA,30,1,,,,,,,,,,,,,,,,,,,,,,,,,,,,,,,,,,,,,,,,,,,,,,,,,,,,,,,,,,,,,,,,,,,,
AMANA,30,1,ع ع أ م 11 (2 دومع),,,,,,,,,,,,,,,,,,,,,,,,,,,,,,,,,,,,,,,,,,,,,,,,,,,,,,,,,,,,,,,,,,,
AMANA,30,1,ع ع ا 34 م,,,,,,,,,,,,,,,,,,,,,,,,,,,,,,,,,,,,,,,,,,,,,,,,,,,,,,,,,,,,,,,,,,,
AMANA,30,1,,,,,-2 114 932,,,,,,,,نيمأتلا ةداعا عومجم,,,,,,,,,,,,,,,,,,,,,,,,,,,,,,,,,,,,,,,,,,,,,,,,,,,,,,,
AMANA,30,1,,,,,63 494,,,,,,,,زجع وأ ضئاف,,,,,,,,,,,,,,,,,,,,,,,,,,,,,,,,,,,,,,,,,,,,,,,,,,,,,,,
AMANA,30,1,,,,"23 120 910
19 354 971
42 801 120
40 316 760
787 784
208 116
0
0",,,,,,,,"ل افقلإا دنع ةبستكملا ريغ نيمأتلا طاسقأ تارخدم
حاتتفلاا دنع ةبستكملا ريغ نيمأتلا طاسقأ تارخدم
ل افقلإا دنع ةيلامجإ ةينف تارخدم
حاتتفلاا دنع ةيلامجإ ةينف تارخدم
لافقلإا دنع ىرخ أ ةينف ت ارخّ دم
حاتتفلاا دنع ىرخ أ ةينف ت ارخّ دم
لافقلإا دنع نزاوتلاو ليدعتلا تارخدم
حاتتفلاا دنع نزاوتلاو ليدعتلا تارخدم
مصخلل
ةبجوتسم تارخدم",,,,,,,,,,,,,,,,,,,,,,,,,,,,,,,,,,,,,,,,,,,,,,,,,,,,,,,,
AMANA,30,1,,,,,,,,,,,,,,,,,,,,,,,,,,,,,,,,,,,,,,,,,,,,,,,,,,,,,,,,,,,,,,,,,,,,
AMANA,30,1,,,,,,,,,,,,,,,,,,,,,,,,,,,,,,,,,,,,,,,,,,,,,,,,,,,,,,,,,,,,,,,,,,,,
AMANA,30,1,,,,,,,,,,,,,,,,,,,,,,,,,,,,,,,,,,,,,,,,,,,,,,,,,,,,,,,,,,,,,,,,,,,,
AMANA,30,1,,,,,,,,,,,,,,,,,,,,,,,,,,,,,,,,,,,,,,,,,,,,,,,,,,,,,,,,,,,,,,,,,,,,
AMANA,30,1,,,,,,,,,,,,,,,,,,,,,,,,,,,,,,,,,,,,,,,,,,,,,,,,,,,,,,,,,,,,,,,,,,,,
AMANA,30,1,,,,,,,,,,,,,,,,,,,,,,,,,,,,,,,,,,,,,,,,,,,,,,,,,,,,,,,,,,,,,,,,,,,,
AMANA,30,1,,,,,,,,,,,,,,,,,,,,,,,,,,,,,,,,,,,,,,,,,,,,,,,,,,,,,,,,,,,,,,,,,,,,
AMANA,30,1,,,,,,,,,,,,,,,,,,,,,,,,,,,,,,,,,,,,,,,,,,,,,,,,,,,,,,,,,,,,,,,,,,,,
AMANA,30,1,,,,,,,,,,,,,,,,,,,,,,,,,,,,,,,,,,,,,,,,,,,,,,,,,,,,,,,,,,,,,,,,,,,,
AMANA,38,1,,,,,,,,,,,,,,,,,,,,,,,,,,,,,,,,,,,,,,,,,,,,,,,,,,,,,,1 640 000,,,,,,,,,131 200,15/12/2021,AL BARAKA,,,
AMANA,38,1,,,,,,,,,,,,,,,,,,,,,,,,,,,,,,,,,,,,,,,,,,,,,,,,,,,,,,360 000,,,,,,,,,28 800,15/11/2021,BEST LEASE,,,
AMANA,38,1,,,,,,,,,,,,,,,,,,,,,,,,,,,,,,,,,,,,,,,,,,,,,,,,,,,,,,360 000,,,,,,,,,28 800,15/12/2021,TUNIS RE,,,
AMANA,38,1,,,,,,,,,,,,,,,,,,,,,,,,,,,,,,,,,,,,,,,,,,,,,,,,,,,,,,120 000,,,,,,,,,9 600,03/12/2021,MZABI ET FILS-DELMAS,,,
AMANA,39,1,"ماخ ءابعأ
2025
) **(",,,"ماخ ءابعأ
2025","ماخ ءابعأ
2025",,,,,,,,,,,,,,,,,,,,,,,,,,,,,,,,,,,,,,,,,,,,,,,,,,,,,,,,,,,,,"31 ف موصخلا
ي
2025 ب مسيد","31 ف موصخلا
ي
2025 ب مسيد
) *(","31 ف موصخلا
ي
2025 ب مسيد
) *("
AMANA,39,1,155.904,,,205.529,443.528,,,,,"ىلع تازايتملاا
ريصقلا ىدملا",,,,,,,,,,,,,,,,,,,,,,,,,,,,,,,,,,,,,,,,,,,,,,,,,,,,,,,,-,80.080,232.836
