societe,page,table_num,ACTIF,31/12/2025,col,col_2,"31/12/2024
Montant Net",Capitaux Propres & Passifs,31/12/2024,SITUATION ARRETEE AU 31/12/2025,SITUATION ARRETE AU 31/12/2025,col_3,col_4,31/201/2025,Notes,Désignations,Valeur brute,Amort.Ant.,col_5,col_6,Amort.2025,col_7,col_8,Total Amort.,col_9,Valeur nette,col_10,Amort.Ant,Libelle,Placement Brut,Amort/Prov.,"Placement Net
31/12/2025",Placement Net,Libellés,01/01/2025,Affectations,Dividendes,"Résultat
2025","Variation
2025",col_11,"Situation au
31/12/2025",col_12,col_13,Variation,Situation au,Actionnaires,Nombre,"Part dans le capital
social","DATE DE DATE Nombre INTERET
Placement MONTANT TAUX INTERET 202
SOUSCRIPTION D'ECHEANCE de jours BRUT",5,Amortissements et provisions,"VNC
Cloture",Désignation,"Valeur
Brute","Valeur
Nette","Juste
Valeur","Plus ou moins
value latente",Année d'inventaire,Exercice de survenance,Exercice de survenance_2,Exercice de survenance_3,Exercice de survenance_4,Exercice de survenance_5,Exercice de survenance_6,Exercice de survenance_7,Exercice de survenance_8,"Autres revenus
&
Frais financiers",Total,Autres revenus,Temporaires Décès,Epargnes,TOTAL,PL / BTA 114,17/03/2025,29/01/2026,"3 922 051,820",318,"8,74%","302 795,474","239 747,649","Le Président du Conseil d’Administration a perçu au titre des missions engagées 2024, une indemnité"
CARTE,2,1,,BRUT,Amort & Prov,NET,,,,,,,,,,,,,,,,,,,,,,,,,,,,,,,,,,,,,,,,,,,,,,,,,,,,,,,,,,,,,,,,,,,,,,,,,,,
CARTE,2,1,AC1 Actifs incorporels,,,,,,,,,,,,,,,,,,,,,,,,,,,,,,,,,,,,,,,,,,,,,,,,,,,,,,,,,,,,,,,,,,,,,,,,,,,,,,
CARTE,2,1,"AC12 Concessions, brevets, licences, marques","222 743,392","-132 706,790","90 036,602","94 196,799",,,,,,,,,,,,,,,,,,,,,,,,,,,,,,,,,,,,,,,,,,,,,,,,,,,,,,,,,,,,,,,,,,,,,,,,,,
CARTE,2,1,AC13 Fonds commercial,"16 399 952,084","-12 313 605,624","4 086 346,460","4 904 103,634",,,,,,,,,,,,,,,,,,,,,,,,,,,,,,,,,,,,,,,,,,,,,,,,,,,,,,,,,,,,,,,,,,,,,,,,,,
CARTE,2,1,,"16 622 695,476","-12 446 312,414","4 176 383,062","4 998 300,433",,,,,,,,,,,,,,,,,,,,,,,,,,,,,,,,,,,,,,,,,,,,,,,,,,,,,,,,,,,,,,,,,,,,,,,,,,
CARTE,2,1,"AC2 Actifs corporels d'exploitation
AC21 Installations techniques et machines
AC22 Autres installations, outillage et mobilier","719 540,900
595 089,294","-383 671,845
-383 806,306","335 869,055
211 282,988","241 229,660
244 530,735",,,,,,,,,,,,,,,,,,,,,,,,,,,,,,,,,,,,,,,,,,,,,,,,,,,,,,,,,,,,,,,,,,,,,,,,,,
CARTE,2,1,,"1 314 630,194","-767 478,151","547 152,043","485 760,395",,,,,,,,,,,,,,,,,,,,,,,,,,,,,,,,,,,,,,,,,,,,,,,,,,,,,,,,,,,,,,,,,,,,,,,,,,
CARTE,2,1,"AC3 Placements
AC31 Terrains et constructions
AC311 Terrains et constructions d'exploitation
AC312 Terrains et constructions hors exploitation
AC32 Placements dans les entreprises liées et participations
AC323 Parts dans les entreprises avec un lien de participation
AC33 Autres placements financiers
AC331 Actions, autres titres à revenu variable et part dans les FCP
AC332 Obligations et autres titres à revenus fixe
AC334 Autres prêts
AC335 Dépôts auprès des établissements bancaires et financiers","7 089 421,954
173 656 737,527
189 900 330,861
2 192 701,017
138 100 000,000","-1 231 029,270
-10 259 448,956","5 858 392,684
163 397 288,571
189 900 330,861
2 192 701,017
138 100 000,000","4 561 429,298
131 337 157,700
162 683 213,641
832 805,663
135 300 000,000",,,,,,,,,,,,,,,,,,,,,,,,,,,,,,,,,,,,,,,,,,,,,,,,,,,,,,,,,,,,,,,,,,,,,,,,,,
CARTE,2,1,,"510 939 191,359","-11 490 478,226","499 448 713,133","434 714 606,302",,,,,,,,,,,,,,,,,,,,,,,,,,,,,,,,,,,,,,,,,,,,,,,,,,,,,,,,,,,,,,,,,,,,,,,,,,
CARTE,2,1,,,,,,,,,,,,,,,,,,,,,,,,,,,,,,,,,,,,,,,,,,,,,,,,,,,,,,,,,,,,,,,,,,,,,,,,,,,,,,,
CARTE,2,1,AC4 Placements représentant les prov techniques afférentes aux c.u.c,"0,000","0,000","0,000","0,000",,,,,,,,,,,,,,,,,,,,,,,,,,,,,,,,,,,,,,,,,,,,,,,,,,,,,,,,,,,,,,,,,,,,,,,,,,
CARTE,2,1,"AC5 Part des réassureurs dans les provisions techniques
AC510 Provision pour primes non acquises
AC520 Provision d'assurance vie",,,,,,,,,,,,,,,,,,,,,,,,,,,,,,,,,,,,,,,,,,,,,,,,,,,,,,,,,,,,,,,,,,,,,,,,,,,,,,
CARTE,2,1,AC530 Provision pour sinistres vie,"881 332,631",,"881 332,631","377 327,392",,,,,,,,,,,,,,,,,,,,,,,,,,,,,,,,,,,,,,,,,,,,,,,,,,,,,,,,,,,,,,,,,,,,,,,,,,
CARTE,2,1,AC531 Provision pour sinistres non vie,,,,,,,,,,,,,,,,,,,,,,,,,,,,,,,,,,,,,,,,,,,,,,,,,,,,,,,,,,,,,,,,,,,,,,,,,,,,,,
CARTE,2,1,,"881 332,631","0,000","881 332,631","377 327,392",,,,,,,,,,,,,,,,,,,,,,,,,,,,,,,,,,,,,,,,,,,,,,,,,,,,,,,,,,,,,,,,,,,,,,,,,,
CARTE,2,1,"AC6 Créances
AC61 Créances nées d'opérations d'assurance directe
AC611 Primes acquises et non émises","2 605 037,644",,"2 605 037,644","3 070 694,209",,,,,,,,,,,,,,,,,,,,,,,,,,,,,,,,,,,,,,,,,,,,,,,,,,,,,,,,,,,,,,,,,,,,,,,,,,
CARTE,2,1,AC612 Autres créances nées d'opération d'assurance directe,"2 648 528,034","-792 405,948","1 856 122,086","593 915,055",,,,,,,,,,,,,,,,,,,,,,,,,,,,,,,,,,,,,,,,,,,,,,,,,,,,,,,,,,,,,,,,,,,,,,,,,,
CARTE,2,1,AC62 Créances nées d'opérations de réassurance,"480 730,485","-74 968,647","405 761,838","139 351,503",,,,,,,,,,,,,,,,,,,,,,,,,,,,,,,,,,,,,,,,,,,,,,,,,,,,,,,,,,,,,,,,,,,,,,,,,,
CARTE,2,1,"AC63 Autres créances
AC631 Personnel","15 600,002",,"15 600,002","3 500,002",,,,,,,,,,,,,,,,,,,,,,,,,,,,,,,,,,,,,,,,,,,,,,,,,,,,,,,,,,,,,,,,,,,,,,,,,,
CARTE,2,1,"AC632 Etat, organisme de sécurité sociale, collectivités publiques","6 472 823,395",,"6 472 823,395","3 803 527,229",,,,,,,,,,,,,,,,,,,,,,,,,,,,,,,,,,,,,,,,,,,,,,,,,,,,,,,,,,,,,,,,,,,,,,,,,,
CARTE,2,1,AC633 Débiteur divers,"2 521 856,408",,"2 521 856,408","1 365 500,395",,,,,,,,,,,,,,,,,,,,,,,,,,,,,,,,,,,,,,,,,,,,,,,,,,,,,,,,,,,,,,,,,,,,,,,,,,
CARTE,2,1,,"14 744 575,968","-867 374,595","13 877 201,373","8 976 488,393",,,,,,,,,,,,,,,,,,,,,,,,,,,,,,,,,,,,,,,,,,,,,,,,,,,,,,,,,,,,,,,,,,,,,,,,,,
CARTE,2,1,AC7 Autres éléments d'actif,,,,,,,,,,,,,,,,,,,,,,,,,,,,,,,,,,,,,,,,,,,,,,,,,,,,,,,,,,,,,,,,,,,,,,,,,,,,,,
CARTE,2,1,"AC71 Avoirs en banque, CCP, chèques et caisse","10 522 047,399",,"10 522 047,399","7 249 600,828",,,,,,,,,,,,,,,,,,,,,,,,,,,,,,,,,,,,,,,,,,,,,,,,,,,,,,,,,,,,,,,,,,,,,,,,,,
CARTE,2,1,"AC72 Charges reportées
AC721 frais d'acquisition reportés
AC722 Autres charges à repartir",,,,,,,,,,,,,,,,,,,,,,,,,,,,,,,,,,,,,,,,,,,,,,,,,,,,,,,,,,,,,,,,,,,,,,,,,,,,,,
CARTE,2,1,,"10 522 047,399","0,000","10 522 047,399","7 249 600,828",,,,,,,,,,,,,,,,,,,,,,,,,,,,,,,,,,,,,,,,,,,,,,,,,,,,,,,,,,,,,,,,,,,,,,,,,,
CARTE,2,1,"AC73 Comptes de régularisation Actif
AC731 Intérêts et loyers acquis et non échus
AC733 Autres comptes de régularisation","17 148 758,209
479 632,271",,"17 148 758,209
479 632,271","14 492 113,036
24 561,888",,,,,,,,,,,,,,,,,,,,,,,,,,,,,,,,,,,,,,,,,,,,,,,,,,,,,,,,,,,,,,,,,,,,,,,,,,
CARTE,2,1,,"17 628 390,480","0,000","17 628 390,480","14 516 674,924",,,,,,,,,,,,,,,,,,,,,,,,,,,,,,,,,,,,,,,,,,,,,,,,,,,,,,,,,,,,,,,,,,,,,,,,,,
CARTE,2,1,,,,,,,,,,,,,,,,,,,,,,,,,,,,,,,,,,,,,,,,,,,,,,,,,,,,,,,,,,,,,,,,,,,,,,,,,,,,,,,
CARTE,2,1,Total de l'actif,"572 652 863,507","-25 571 643,386","547 081 220,121","471 318 758,667",,,,,,,,,,,,,,,,,,,,,,,,,,,,,,,,,,,,,,,,,,,,,,,,,,,,,,,,,,,,,,,,,,,,,,,,,,
CARTE,3,1,,"15 000 000,000
1 812 314,534
40 237 687,118
14 950 031,891",,,,"CAPITAUX PROPRES
CP1 Capital social ou fonds équivalent
CP2 Réserves et primes liées au capital
CP4 Autres Capitaux Propres
CP5 Résultat reporté","15 000 000,000
2 161 821,104
34 937 687,118
15 731 386,038",,,,,,,,,,,,,,,,,,,,,,,,,,,,,,,,,,,,,,,,,,,,,,,,,,,,,,,,,,,,,,,,,,,,,,,,
CARTE,3,1,,"72 000 033,543",,,,Total capitaux propres avant résultat de l'exercice,"67 830 894,260",,,,,,,,,,,,,,,,,,,,,,,,,,,,,,,,,,,,,,,,,,,,,,,,,,,,,,,,,,,,,,,,,,,,,,,,
CARTE,3,1,,"11 480 930,848",,,,CP6 Résultat de l'exercice,"11 118 645,853",,,,,,,,,,,,,,,,,,,,,,,,,,,,,,,,,,,,,,,,,,,,,,,,,,,,,,,,,,,,,,,,,,,,,,,,
CARTE,3,1,,"83 480 964,391",,,,Total capitaux propres avant affectation,"78 949 540,113",,,,,,,,,,,,,,,,,,,,,,,,,,,,,,,,,,,,,,,,,,,,,,,,,,,,,,,,,,,,,,,,,,,,,,,,
CARTE,3,1,,"20 961 982,329",,,,"PASSIFS
PA1 Autres passifs financiers
PA14 Dette envers les établissement bancaire et financiers","9 896 300,000",,,,,,,,,,,,,,,,,,,,,,,,,,,,,,,,,,,,,,,,,,,,,,,,,,,,,,,,,,,,,,,,,,,,,,,,
CARTE,3,1,,"20 961 982,329",,,,,"9 896 300,000",,,,,,,,,,,,,,,,,,,,,,,,,,,,,,,,,,,,,,,,,,,,,,,,,,,,,,,,,,,,,,,,,,,,,,,,
CARTE,3,1,,"3 262 101,627",,,,PA2 Provisions pour risques et charges,"2 217 129,868",,,,,,,,,,,,,,,,,,,,,,,,,,,,,,,,,,,,,,,,,,,,,,,,,,,,,,,,,,,,,,,,,,,,,,,,
CARTE,3,1,,"3 262 101,627",,,,,"2 217 129,868",,,,,,,,,,,,,,,,,,,,,,,,,,,,,,,,,,,,,,,,,,,,,,,,,,,,,,,,,,,,,,,,,,,,,,,,
CARTE,3,1,,"377 156 771,544
21 820 750,381
28 922 121,549
747 752,464",,,,"PA3 Provisions techniques brutes
PA320 Provision d'assurance vie
PA330 Provision pour sinistres
PA340 Provision pour participation aux bénéfices
PA350 Provision pour égalisation & equilibrage
PA360 Autres provisions techniques","327 857 591,613
20 092 236,851
22 231 408,573
768 817,651",,,,,,,,,,,,,,,,,,,,,,,,,,,,,,,,,,,,,,,,,,,,,,,,,,,,,,,,,,,,,,,,,,,,,,,,
CARTE,3,1,,"428 647 395,938",,,,,"370 950 054,688",,,,,,,,,,,,,,,,,,,,,,,,,,,,,,,,,,,,,,,,,,,,,,,,,,,,,,,,,,,,,,,,,,,,,,,,
CARTE,3,1,,,,,,,,,,,,,,,,,,,,,,,,,,,,,,,,,,,,,,,,,,,,,,,,,,,,,,,,,,,,,,,,,,,,,,,,,,,,,,,
CARTE,3,1,,"0,000",,,,PA4 Provisions techniques de contrats en unités de compte,"0,000",,,,,,,,,,,,,,,,,,,,,,,,,,,,,,,,,,,,,,,,,,,,,,,,,,,,,,,,,,,,,,,,,,,,,,,,
CARTE,3,1,,,,,,,,,,,,,,,,,,,,,,,,,,,,,,,,,,,,,,,,,,,,,,,,,,,,,,,,,,,,,,,,,,,,,,,,,,,,,,,
CARTE,3,1,,"0,000",,,,PA5 Dettes pour dépôts en espéces reçus des réassureurs,"0,000",,,,,,,,,,,,,,,,,,,,,,,,,,,,,,,,,,,,,,,,,,,,,,,,,,,,,,,,,,,,,,,,,,,,,,,,
CARTE,3,1,,"3 554 761,115
1 658 832,073
323 452,555
1 204 537,132",,,,"PA6 Autres dettes
PA61 Dettes nées d'opérations d'assurance directe
PA62 Dettes nées d'opérations de réassurance
PA63 Autres dettes
PA631 Dépôts et cautionnements reçus
PA632 Personnel
PA633 Etat, organismes de sécurité sociale, collectivités publiques","3 299 613,342
1 423 390,474
207 281,355
846 004,128",,,,,,,,,,,,,,,,,,,,,,,,,,,,,,,,,,,,,,,,,,,,,,,,,,,,,,,,,,,,,,,,,,,,,,,,
CARTE,3,1,,"582 834,218",,,,PA634 Créditeurs divers,"397 882,176",,,,,,,,,,,,,,,,,,,,,,,,,,,,,,,,,,,,,,,,,,,,,,,,,,,,,,,,,,,,,,,,,,,,,,,,
CARTE,3,1,,,,,,,,,,,,,,,,,,,,,,,,,,,,,,,,,,,,,,,,,,,,,,,,,,,,,,,,,,,,,,,,,,,,,,,,,,,,,,,
CARTE,3,1,,"7 324 417,093",,,,,"16 070 471,475",,,,,,,,,,,,,,,,,,,,,,,,,,,,,,,,,,,,,,,,,,,,,,,,,,,,,,,,,,,,,,,,,,,,,,,,
CARTE,3,1,,"3 404 358,743",,,,"PA7 Autres passifs
PA71 Comptes de régularisation Passif
PA712 Autres comptes de régularisation Passif","3 131 562,523",,,,,,,,,,,,,,,,,,,,,,,,,,,,,,,,,,,,,,,,,,,,,,,,,,,,,,,,,,,,,,,,,,,,,,,,
CARTE,3,1,,"3 404 358,743",,,,,"3 131 562,523",,,,,,,,,,,,,,,,,,,,,,,,,,,,,,,,,,,,,,,,,,,,,,,,,,,,,,,,,,,,,,,,,,,,,,,,
CARTE,3,1,,,,,,,,,,,,,,,,,,,,,,,,,,,,,,,,,,,,,,,,,,,,,,,,,,,,,,,,,,,,,,,,,,,,,,,,,,,,,,,
CARTE,3,1,,"442 638 273,401",,,,,"392 369 218,554",,,,,,,,,,,,,,,,,,,,,,,,,,,,,,,,,,,,,,,,,,,,,,,,,,,,,,,,,,,,,,,,,,,,,,,,
CARTE,3,1,,,,,,,,,,,,,,,,,,,,,,,,,,,,,,,,,,,,,,,,,,,,,,,,,,,,,,,,,,,,,,,,,,,,,,,,,,,,,,,
CARTE,3,1,,"442 638 273,401",,,,Total du passif,"392 369 218,554",,,,,,,,,,,,,,,,,,,,,,,,,,,,,,,,,,,,,,,,,,,,,,,,,,,,,,,,,,,,,,,,,,,,,,,,
CARTE,3,1,,,,,,,,,,,,,,,,,,,,,,,,,,,,,,,,,,,,,,,,,,,,,,,,,,,,,,,,,,,,,,,,,,,,,,,,,,,,,,,
CARTE,3,1,,"547 081 220,121",,,,Total des capitaux propres et passifs,"471 318 758,667",,,,,,,,,,,,,,,,,,,,,,,,,,,,,,,,,,,,,,,,,,,,,,,,,,,,,,,,,,,,,,,,,,,,,,,,
CARTE,4,1,,Opérations brutes,"Cessions et/ou
rétrocessions",Opérations nettes,,,,,,,,,,,,,,,,,,,,,,,,,,,,,,,,,,,,,,,,,,,,,,,,,,,,,,,,,,,,,,,,,,,,,,,,,,,
CARTE,4,1,,,,,,,,PRV1 Primes,,,,,,,,,,,,,,,,,,,,,,,,,,,,,,,,,,,,,,,,,,,,,,,,,,,,,,,,,,,,,,,,,,,,,,,
CARTE,4,1,,"101 619 682,155","-965 469,184","100 654 212,971",,,"90 725 168,920",PRV11 Primes émises et acceptées,,,,,,,,,,,,,,,,,,,,,,,,,,,,,,,,,,,,,,,,,,,,,,,,,,,,,,,,,,,,,,,,,,,,,,,
CARTE,4,1,,"101 619 682,155","-965 469,184","100 654 212,971",,,"90 725 168,920",,,,,,,,,,,,,,,,,,,,,,,,,,,,,,,,,,,,,,,,,,,,,,,,,,,,,,,,,,,,,,,,,,,,,,,,
CARTE,4,1,,"36 486 533,562
462 775,918",,"36 486 533,562
462 775,918",,,"29 380 199,008
113 072,652","PRV2 Produits de placements
PRV21 Revenus des placements
PRV22 Produits des autres placements",,,,,,,,,,,,,,,,,,,,,,,,,,,,,,,,,,,,,,,,,,,,,,,,,,,,,,,,,,,,,,,,,,,,,,,
CARTE,4,1,,"36 949 309,480","0,000","36 949 309,480",,,"29 493 271,660",sous total 2a,,,,,,,,,,,,,,,,,,,,,,,,,,,,,,,,,,,,,,,,,,,,,,,,,,,,,,,,,,,,,,,,,,,,,,,
CARTE,4,1,,"6 143 490,638
1 159 291,450",,"6 143 490,638
1 159 291,450",,,"7 679 151,449
1 305 225,420","PRV23 Reprise de corrections de valeur sur placement
PRV24 Profits provenant de la réalisation des placements",,,,,,,,,,,,,,,,,,,,,,,,,,,,,,,,,,,,,,,,,,,,,,,,,,,,,,,,,,,,,,,,,,,,,,,
CARTE,4,1,,"44 252 091,568","0,000","44 252 091,568",,,"38 477 648,529",sous total 2,,,,,,,,,,,,,,,,,,,,,,,,,,,,,,,,,,,,,,,,,,,,,,,,,,,,,,,,,,,,,,,,,,,,,,,
CARTE,4,1,,"0,000",,"0,000",,,"0,000",PRV4 Autres Produits Techniques,,,,,,,,,,,,,,,,,,,,,,,,,,,,,,,,,,,,,,,,,,,,,,,,,,,,,,,,,,,,,,,,,,,,,,,
CARTE,4,1,,"-40 474 283,812
-1 728 513,530","680 850,647
504 005,239","-39 793 433,165
-1 224 508,291",,,"-34 530 863,104
-1 560 306,668","CHV1 Charge de sinistres
CHV11 Montants payés
CHV12 Variation de la provision pour sinistres",,,,,,,,,,,,,,,,,,,,,,,,,,,,,,,,,,,,,,,,,,,,,,,,,,,,,,,,,,,,,,,,,,,,,,,
CARTE,4,1,,"-42 202 797,342","1 184 855,886","-41 017 941,456",,,"-36 091 169,772",sous total 3,,,,,,,,,,,,,,,,,,,,,,,,,,,,,,,,,,,,,,,,,,,,,,,,,,,,,,,,,,,,,,,,,,,,,,,
CARTE,4,1,,"-49 299 179,931
21 065,187",,"-49 299 179,931
21 065,187",,,"-44 859 305,558
-65 937,776","CHV2 Variation des autres provisions techniques
CHV21 Provision d'assurance vie
CHV22 Autres provisions techniques
CHV23 Provision sur contrats en unité de compte",,,,,,,,,,,,,,,,,,,,,,,,,,,,,,,,,,,,,,,,,,,,,,,,,,,,,,,,,,,,,,,,,,,,,,,
CARTE,4,1,,"-49 278 114,744","0,000","-49 278 114,744",,,"-44 925 243,334",sous total 4,,,,,,,,,,,,,,,,,,,,,,,,,,,,,,,,,,,,,,,,,,,,,,,,,,,,,,,,,,,,,,,,,,,,,,,
CARTE,4,1,,,,,,,,,,,,,,,,,,,,,,,,,,,,,,,,,,,,,,,,,,,,,,,,,,,,,,,,,,,,,,,,,,,,,,,,,,,,,,,
CARTE,4,1,,"-6 690 712,976","0,000","-6 690 712,976",,,"-5 881 442,017",CHV3 Participations aux bénéfices et ristournes,,,,,,,,,,,,,,,,,,,,,,,,,,,,,,,,,,,,,,,,,,,,,,,,,,,,,,,,,,,,,,,,,,,,,,,
CARTE,4,1,,"-7 178 667,204
-11 734 115,124",,"-7 178 667,204
-11 734 115,124",,,"-8 587 571,623
-10 073 931,322","CHV4 Frais d'exploitation
CHV41 Frais d'acquisition
CHV43 Frais d'administration
CHV44 Commissions reçues des réassureurs",,,,,,,,,,,,,,,,,,,,,,,,,,,,,,,,,,,,,,,,,,,,,,,,,,,,,,,,,,,,,,,,,,,,,,,
CARTE,4,1,,"-18 912 782,328","0,000","-18 912 782,328",,,"-18 661 502,945",sous total 5,,,,,,,,,,,,,,,,,,,,,,,,,,,,,,,,,,,,,,,,,,,,,,,,,,,,,,,,,,,,,,,,,,,,,,,
CARTE,4,1,,,,,,,,,,,,,,,,,,,,,,,,,,,,,,,,,,,,,,,,,,,,,,,,,,,,,,,,,,,,,,,,,,,,,,,,,,,,,,,
CARTE,4,1,,"-175 224,284","0,000","-175 224,284",,,"-60 467,929",CHV5 Autres charges techniques,,,,,,,,,,,,,,,,,,,,,,,,,,,,,,,,,,,,,,,,,,,,,,,,,,,,,,,,,,,,,,,,,,,,,,,
CARTE,4,1,,"-4 389 377,959
-8 843 194,496
-242 855,629","-12 965,304","-4 389 377,959
-8 843 194,496
-255 820,933",,,"-728 098,882
-7 559 745,098
-376 744,502","CHV9 Charges de placements
CHV91 Charges de gestion des placements, y compris les charges
CHV92 Correction de valeur sur placements
CHV93 Pertes provenant de la réalisation des placements",,,,,,,,,,,,,,,,,,,,,,,,,,,,,,,,,,,,,,,,,,,,,,,,,,,,,,,,,,,,,,,,,,,,,,,
CARTE,4,1,,"-13 475 428,084","-12 965,304","-13 488 393,388",,,"-8 664 588,482",sous total 6,,,,,,,,,,,,,,,,,,,,,,,,,,,,,,,,,,,,,,,,,,,,,,,,,,,,,,,,,,,,,,,,,,,,,,,
CARTE,4,1,,,,,,,,,,,,,,,,,,,,,,,,,,,,,,,,,,,,,,,,,,,,,,,,,,,,,,,,,,,,,,,,,,,,,,,,,,,,,,,
CARTE,4,1,,"616 934,263","0,000","616 934,263",,,"618 725,023",CHV10Moins values non réalisées sur placements,,,,,,,,,,,,,,,,,,,,,,,,,,,,,,,,,,,,,,,,,,,,,,,,,,,,,,,,,,,,,,,,,,,,,,,
CARTE,4,1,,,,,,,,,,,,,,,,,,,,,,,,,,,,,,,,,,,,,,,,,,,,,,,,,,,,,,,,,,,,,,,,,,,,,,,,,,,,,,,
CARTE,4,1,,"-4 419 635,100","0,000","-4 419 635,100",,,"-5 099 232,785","CHV12Produits de placements alloués,transférés à l'état de",,,,,,,,,,,,,,,,,,,,,,,,,,,,,,,,,,,,,,,,,,,,,,,,,,,,,,,,,,,,,,,,,,,,,,,
CARTE,4,1,,,,,,,,résultat non technique,,,,,,,,,,,,,,,,,,,,,,,,,,,,,,,,,,,,,,,,,,,,,,,,,,,,,,,,,,,,,,,,,,,,,,,
CARTE,4,1,,"11 334 013,128","206 421,398 11 540 434,526 10 437 895,208",,,,,"RTV Sous total (résultat technique de l'assurance
et/ou de la réassurance vie)",,,,,,,,,,,,,,,,,,,,,,,,,,,,,,,,,,,,,,,,,,,,,,,,,,,,,,,,,,,,,,,,,,,,,,,
CARTE,5,1,,,,,,,,,,,,,,,,,,,,,,,,,,,,,,,,,,,,,,,,,,,,,,,,,,,,,,,,,,,,,,,,,,,,,,,,,,,,,,,
CARTE,5,1,,,Résultat technique de l'assurance et/ou de la réassurance vie,,,,"10 437 895,208",,RTV,,.+/‐,"11 540 434,526",,,,,,,,,,,,,,,,,,,,,,,,,,,,,,,,,,,,,,,,,,,,,,,,,,,,,,,,,,,,,,,,,,,
CARTE,5,1,,,,,,,,,,,,,,,,,,,,,,,,,,,,,,,,,,,,,,,,,,,,,,,,,,,,,,,,,,,,,,,,,,,,,,,,,,,,,,,
CARTE,5,1,,,,,,,"10 437 895,208",,Sous total 1,,,"11 540 434,526",,,,,,,,,,,,,,,,,,,,,,,,,,,,,,,,,,,,,,,,,,,,,,,,,,,,,,,,,,,,,,,,,,,
CARTE,5,1,,,,,,,"0,000
5 099 232,785
0,000",,"PRNT2 Autres produits non techniques +
PRNT3 Produits de placements alloués,transférés à l'état de
résultat non technique
CHNT3 Autres charges non techniques ‐",,,"31 435,134
4 419 635,100
0,000",,,,,,,,,,,,,,,,,,,,,,,,,,,,,,,,,,,,,,,,,,,,,,,,,,,,,,,,,,,,,,,,,,,
CARTE,5,1,,,,,,,"5 099 232,785",,Sous total 2,,,"4 451 070,234",,,,,,,,,,,,,,,,,,,,,,,,,,,,,,,,,,,,,,,,,,,,,,,,,,,,,,,,,,,,,,,,,,,
CARTE,5,1,,,,,,,,,,,,,,,,,,,,,,,,,,,,,,,,,,,,,,,,,,,,,,,,,,,,,,,,,,,,,,,,,,,,,,,,,,,,,,,
CARTE,5,1,,,,,,,"15 537 127,993",,Résultat provenant des activités ordinaires,,,"15 991 504,760",,,,,,,,,,,,,,,,,,,,,,,,,,,,,,,,,,,,,,,,,,,,,,,,,,,,,,,,,,,,,,,,,,,
CARTE,5,1,,,,,,,"‐3 662 990,375",,CHNT4 Impôts sur le résultat ‐,,,"‐3 739 335,886",,,,,,,,,,,,,,,,,,,,,,,,,,,,,,,,,,,,,,,,,,,,,,,,,,,,,,,,,,,,,,,,,,,
CARTE,5,1,,,,,,,"11 874 137,618",,Résultat provenant des activités ordinaires après impôts,,,"12 252 168,874",,,,,,,,,,,,,,,,,,,,,,,,,,,,,,,,,,,,,,,,,,,,,,,,,,,,,,,,,,,,,,,,,,,
CARTE,5,1,,,,,,,,,,,,,,,,,,,,,,,,,,,,,,,,,,,,,,,,,,,,,,,,,,,,,,,,,,,,,,,,,,,,,,,,,,,,,,,
CARTE,5,1,,,,rdinaires,,,"‐755 491,765",,CHNT5 Pertes extrao,,,"‐771 238,026",,,,,,,,,,,,,,,,,,,,,,,,,,,,,,,,,,,,,,,,,,,,,,,,,,,,,,,,,,,,,,,,,,,
CARTE,5,1,,,,,,,,,,,,,,,,,,,,,,,,,,,,,,,,,,,,,,,,,,,,,,,,,,,,,,,,,,,,,,,,,,,,,,,,,,,,,,,
CARTE,5,1,,,,Résultat extraordinaire,,,"‐755 491,765",,,,,"‐771 238,026",,,,,,,,,,,,,,,,,,,,,,,,,,,,,,,,,,,,,,,,,,,,,,,,,,,,,,,,,,,,,,,,,,,
CARTE,5,1,,,,,,,,,,,,,,,,,,,,,,,,,,,,,,,,,,,,,,,,,,,,,,,,,,,,,,,,,,,,,,,,,,,,,,,,,,,,,,,
CARTE,5,1,,,,,,,"11 118 645,853",,Résultat provenant des activités ordinaires après impôts,,,"11 480 930,848",,,,,,,,,,,,,,,,,,,,,,,,,,,,,,,,,,,,,,,,,,,,,,,,,,,,,,,,,,,,,,,,,,,
CARTE,5,1,,,,,,,,,,,,,,,,,,,,,,,,,,,,,,,,,,,,,,,,,,,,,,,,,,,,,,,,,,,,,,,,,,,,,,,,,,,,,,,
CARTE,5,1,,,,,,,"11 118 645,853",,Résultat net de l'exercice,,,"11 480 930,848",,,,,,,,,,,,,,,,,,,,,,,,,,,,,,,,,,,,,,,,,,,,,,,,,,,,,,,,,,,,,,,,,,,
CARTE,6,1,,"0,000
0,000
0,000
6 556 095,000
0,000
0,000
0,000
0,000
0,000","Engagements reçus
Engagements donnés
HB21 Avals, cautions et garanties de crédit données envers entreprises liées
HB22 Titres et actifs acquis avec engagement de revente
HB23 Autres engagements sur titres, actifs ou revenus
HB24 Autres engagements donnés
Valeurs reçues en nantissement des cessionnaires et
des rétrocessionnaires
Valeurs remises par des organismes réassurés avec caution solidaire
ou de substitution
Valeurs appartenant à des institutions de prévoyance
Autres valeurs détenues pour compte de tiers",,,,"0,000
0,000
0,000
8 231 260
0,000
0,000
0,000
0,000
0,000",,,,,,,,,,,,,,,,,,,,,,,,,,,,,,,,,,,,,,,,,,,,,,,,,,,,,,,,,,,,,,,,,,,,,,,,
CARTE,7,1,,,lux de trésorerie liés à l'exploitation,,,,,,,,,,F,,,,,,,,,,,,,,,,,,,,,,,,,,,,,,,,,,,,,,,,,,,,,,,,,,,,,,,,,,,,,,,,,,
CARTE,7,1,,"101 077 197,330",,,,,"93 167 806,032",,,,,,Encaissements des primes reçues des assurés F1,,,,,,,,,,,,,,,,,,,,,,,,,,,,,,,,,,,,,,,,,,,,,,,,,,,,,,,,,,,,,,,,,,
CARTE,7,1,,"-40 474 283,812
-7 452 702,820",,,,,"-35 445 987,782
-8 587 571,623",,,,,,"Sommes versées pour paiement des sinistres F2
Commissions versées aux intermédiaires F3",,,,,,,,,,,,,,,,,,,,,,,,,,,,,,,,,,,,,,,,,,,,,,,,,,,,,,,,,,,,,,,,,,
CARTE,7,1,,"-10 742 163,935
0,000
-406 659 195,521
340 522 348,218",,,,,"-9 357 158,147
0,000
-222 024 515,114
169 649 491,269",,,,,,"Sommes versées aux fournisseurs et au personnel F4
Variation des espèces reçues des cessionnaires F5
Décaissements liés à l'acquisition de placements financiers F6
Encaissements liés à la cession de placements financiers F7",,,,,,,,,,,,,,,,,,,,,,,,,,,,,,,,,,,,,,,,,,,,,,,,,,,,,,,,,,,,,,,,,,
CARTE,7,1,,"0,000
36 998 665,017
-762 154,540
-613 097,376",,,,,"0,000
19 726 989,808
-755 491,765
-1 478 256,357",,,,,,"Taxes sur les assurances versées au Trésor F8
Produits financiers reçus F9
Impôts sur les bénéfices payés F10
Autres mouvements F11",,,,,,,,,,,,,,,,,,,,,,,,,,,,,,,,,,,,,,,,,,,,,,,,,,,,,,,,,,,,,,,,,,
CARTE,7,1,,"11 894 612,561",,,,,"4 895 306,321",,,,,,Flux de trésorerie provenant de l'exploitation,,,,,,,,,,,,,,,,,,,,,,,,,,,,,,,,,,,,,,,,,,,,,,,,,,,,,,,,,,,,,,,,,,
CARTE,7,1,,,lux de trésorerie liés aux activités d'investissement,,,,,,,,,,F,,,,,,,,,,,,,,,,,,,,,,,,,,,,,,,,,,,,,,,,,,,,,,,,,,,,,,,,,,,,,,,,,,
CARTE,7,1,,"-316 026,536
27 000,000
-1 833 139,454
0,000",,,,,"-426 878,603
50 000,000
-2 380 000,000
0,000",,,,,,"Décaissements provenant de l'acquisition F12
d'immobilisations incorporelles et corporelles
Encaissements provenant de la cession F13
d'immobilisations incorporelles et corporelles
Décaissements provenant de l'acquisition de terrains et F14
constructions destinés à l'exploitation
Encaissements provenant de la cession de terrains et F15
constructions destinées à l'exploitation
Décaissements provenant de l'acquisition de placements F16
auprès d'entreprises liées ou avec un lien de participation
Encaissements provenant de la cession de placements F17
auprès d'entreprises liées ou avec un lien de participation",,,,,,,,,,,,,,,,,,,,,,,,,,,,,,,,,,,,,,,,,,,,,,,,,,,,,,,,,,,,,,,,,,
CARTE,7,1,,"-2 122 165,990",,,,,"-2 756 878,603",,,,,,Flux de trésorerie provenant des activités d'investissement,,,,,,,,,,,,,,,,,,,,,,,,,,,,,,,,,,,,,,,,,,,,,,,,,,,,,,,,,,,,,,,,,,
CARTE,7,1,,,lux de trésorerie liés aux activités de financement,,,,,,,,,,F,,,,,,,,,,,,,,,,,,,,,,,,,,,,,,,,,,,,,,,,,,,,,,,,,,,,,,,,,,,,,,,,,,
CARTE,7,1,,"0,000
-6 500 000,000
0,000
0,000
0,000",,,,,"0,000
-5 000 000,000
0,000
0,000
0,000",,,,,,"Encaissements suite à l'émission d'actions F18
Dividendes et autres distributions F19
Encaissements provenant d'emprunts F20
Remboursements d'emprunts F21
Augmentations/ Diminutions des ressources spéciales F22",,,,,,,,,,,,,,,,,,,,,,,,,,,,,,,,,,,,,,,,,,,,,,,,,,,,,,,,,,,,,,,,,,
CARTE,7,1,,"-6 500 000,000",,,,,"-5 000 000,000",,,,,,Flux de trésorerie provenant des activités de financement,,,,,,,,,,,,,,,,,,,,,,,,,,,,,,,,,,,,,,,,,,,,,,,,,,,,,,,,,,,,,,,,,,
CARTE,7,1,,,,,,,,,,,,,"Incidence des variations de taux de change sur les liquidités
ou équivalents de liquidités",,,,,,,,,,,,,,,,,,,,,,,,,,,,,,,,,,,,,,,,,,,,,,,,,,,,,,,,,,,,,,,,,,
CARTE,7,1,,"3 272 446,571",,,,,"-2 861 572,282",,,,,,Variation de trésorerie,,,,,,,,,,,,,,,,,,,,,,,,,,,,,,,,,,,,,,,,,,,,,,,,,,,,,,,,,,,,,,,,,,
CARTE,7,1,,,,,,,,,,,,,,,,,,,,,,,,,,,,,,,,,,,,,,,,,,,,,,,,,,,,,,,,,,,,,,,,,,,,,,,,,,,,,,,
CARTE,7,1,,"7 249 600,828",,,,,"10 111 173,110",,,,,,Trésorerie de début d'exercice,,,,,,,,,,,,,,,,,,,,,,,,,,,,,,,,,,,,,,,,,,,,,,,,,,,,,,,,,,,,,,,,,,
CARTE,7,1,,,,,,,,,,,,,,,,,,,,,,,,,,,,,,,,,,,,,,,,,,,,,,,,,,,,,,,,,,,,,,,,,,,,,,,,,,,,,,,
CARTE,7,1,,"10 522 047,399",,,,,"7 249 600,828",,,,,,Trésorerie de fin d'exercice,,,,,,,,,,,,,,,,,,,,,,,,,,,,,,,,,,,,,,,,,,,,,,,,,,,,,,,,,,,,,,,,,,
CARTE,7,1,,,,,,,,,,,,,,,,,,,,,,,,,,,,,,,,,,,,,,,,,,,,,,,,,,,,,,,,,,,,,,,,,,,,,,,,,,,,,,,
CARTE,11,1,,,Fonds de commerce,,,,,,,16 399 952.084,,,,,,,11 495 848.450,,,817 757.174,,12 313 605.62,4,,4 086 346.460,,,,,,,,,,,,,,,,,,,,,,,,,,,,,,,,,,,,,,,,,,,,,,,,,,,,,,
CARTE,11,1,,,Logiciels,,,,,,,222 743.392,,,,,,,102 747.158,,,29 959.632,,132 706.79,0,,90 036.602,,,,,,,,,,,,,,,,,,,,,,,,,,,,,,,,,,,,,,,,,,,,,,,,,,,,,,
CARTE,11,1,,,Total,,,,,,,16 622 695.476,,,,,,,11 598 595.608,,,847 716.806,,12 446 312.41,4,,4 176 383.062,,,,,,,,,,,,,,,,,,,,,,,,,,,,,,,,,,,,,,,,,,,,,,,,,,,,,,
CARTE,11,2,,,Matériel de Transport,,,,,,,719 540.900,272 410.341,,,,,,,111 261.504,,,383 671.845,,,335 869.055,,,,,,,,,,,,,,,,,,,,,,,,,,,,,,,,,,,,,,,,,,,,,,,,,,,,,,,
CARTE,11,2,,,Matériel Informatique & Bureau,,,,,,,595 089.294,293 232.357,,,,,,,90 573.949,,,383 806.306,,,211 282.988,,,,,,,,,,,,,,,,,,,,,,,,,,,,,,,,,,,,,,,,,,,,,,,,,,,,,,,
CARTE,11,2,,,Total,,,,,,,1 314 630.194,565 642.698,,,,,,,201 835.453,,,767 478.151,,,547 152.043,,,,,,,,,,,,,,,,,,,,,,,,,,,,,,,,,,,,,,,,,,,,,,,,,,,,,,,
CARTE,11,3,,,,,,,,,,,,,,,,,,,,,,,,,,,,,,,31/12/2024,,,,,,,,,,,,,,,,,,,,,,,,,,,,,,,,,,,,,,,,,,,,,,,,
CARTE,11,3,,,,,,,,,,,,,,,,,,,,,,,,,,,,,,5 858 392.684,,,,,,,,,,,,,,,,,,,,,,,,,,,,,,,,,,,,,,,,,,,,,,,,,
CARTE,11,3,,,,,,,,,,,,,,,,,,,,,,,,,,,,,,163 397 288.571,,,,,,,,,,,,,,,,,,,,,,,,,,,,,,,,,,,,,,,,,,,,,,,,,
CARTE,11,3,,,,,,,,,,,,,,,,,,,,,,,,,,,,,,330 193 031.878,,,,,,,,,,,,,,,,,,,,,,,,,,,,,,,,,,,,,,,,,,,,,,,,,
CARTE,11,3,,,Total,,,,,,,510 939 191.359,,,,,,,,,,,,,,,,,,,-11 490 478.226,499 448 713.133,434 714 606.302,,,,,,,,,,,,,,,,,,,,,,,,,,,,,,,,,,,,,,,,,,,,,,,,
CARTE,12,1,,,,,,,,,,2 843 294.303,,,,,,,,,,,,,,,,,,,,,,,,,,,,,,,,,,,,,,,,,,,,,,,,,,,,,,,,,,,,,,,,,,,,,
CARTE,12,1,,,,,,,,,,-238 256.638,,,,,,,,,,,,,,,,,,,,,,,,,,,,,,,,,,,,,,,,,,,,,,,,,,,,,,,,,,,,,,,,,,,,,
CARTE,12,1,,,Total,,,,,,,2 605 037.644,,,,,,,3 070 694.209,,,,,,,,,,,,,,,,,,,,,,,,,,,,,,,,,,,,,,,,,,,,,,,,,,,,,,,,,,,,,,
CARTE,12,2,,,,,,,,,,2 648 528.034,,,,,,,,,,,,,,,,,,,,,,,,,,,,,,,,,,,,,,,,,,,,,,,,,,,,,,,,,,,,,,,,,,,,,
CARTE,12,2,,,Total,,,,,,,2 648 528.034,,,,,,,1 211 096.719,,,,,,,,,,,,,,,,,,,,,,,,,,,,,,,,,,,,,,,,,,,,,,,,,,,,,,,,,,,,,,
CARTE,12,3,,,,,,,,,,15 600.002,,,,,,,,,,,,,,,,,,,,,,,,,,,,,,,,,,,,,,,,,,,,,,,,,,,,,,,,,,,,,,,,,,,,,
CARTE,12,3,,,,,,,,,,6 472 823.395,,,,,,,,,,,,,,,,,,,,,,,,,,,,,,,,,,,,,,,,,,,,,,,,,,,,,,,,,,,,,,,,,,,,,
CARTE,12,3,,,,,,,,,,2 521 856.408,,,,,,,,,,,,,,,,,,,,,,,,,,,,,,,,,,,,,,,,,,,,,,,,,,,,,,,,,,,,,,,,,,,,,
CARTE,12,3,,,Total,,,,,,,"9 010 279,805",,,,,,,5 172 527.626,,,,,,,,,,,,,,,,,,,,,,,,,,,,,,,,,,,,,,,,,,,,,,,,,,,,,,,,,,,,,,
CARTE,13,1,,,,,,,,,,10 515 356.733,,,,,,,,,,,,,,,,,,,,,,,,,,,,,,,,,,,,,,,,,,,,,,,,,,,,,,,,,,,,,,,,,,,,,
CARTE,13,1,,,,,,,,,,1 349.443,,,,,,,,,,,,,,,,,,,,,,,,,,,,,,,,,,,,,,,,,,,,,,,,,,,,,,,,,,,,,,,,,,,,,
CARTE,13,1,,,,,,,,,,"5 341,223",,,,,,,,,,,,,,,,,,,,,,,,,,,,,,,,,,,,,,,,,,,,,,,,,,,,,,,,,,,,,,,,,,,,,
CARTE,13,1,,,Total,,,,7 249 600.828,,,10 522 047.399,,,,,,,,,,,,,,,,,,,,,,,,,,,,,,,,,,,,,,,,,,,,,,,,,,,,,,,,,,,,,,,,,,,,,
CARTE,13,2,,,,,,,,,,17 148 758.209,,,,,,,,,,,,,,,,,,,,,,,,,,,,,,,,,,,,,,,,,,,,,,,,,,,,,,,,,,,,,,,,,,,,,
CARTE,13,2,,,,,,,,,,479 632.271,,,,,,,,,,,,,,,,,,,,,,,,,,,,,,,,,,,,,,,,,,,,,,,,,,,,,,,,,,,,,,,,,,,,,
CARTE,13,2,,,Total,,,,14 516 674.924,,,17 628 390.480,,,,,,,,,,,,,,,,,,,,,,,,,,,,,,,,,,,,,,,,,,,,,,,,,,,,,,,,,,,,,,,,,,,,,
CARTE,13,3,,,,,,,,,,,,,,,,,,,,,,,,,,,,,,,,,avant,et,,,,,,,,,,,,,,,,,,,,,,,,,,,,,,,,,,,,,,,,,,,,,
CARTE,13,3,,,,,,,,,,,,,,,,,,,,,,,,,,,,,,,,,affectation,imputations,,,,,,,,,,,,,,,,,,,,,,,,,,,,,,,,,,,,,,,,,,,,,
CARTE,13,3,,,,,,,,,,,,,,,,,,,,,,,,,,,,,,,,,,,,,,,15 000 000,,,,,,,,,,,,,,,,,,,,,,,,,,,,,,,,,,,,,,,,
CARTE,13,3,,,,,,,,,,,,,,,,,,,,,,,,,,,,,,,,,,,,,,,,312 315,,,,,,,,,,,,,,,,,,,,,,,,,,,,,,,,,,,,,,,
CARTE,13,3,,,,,,,,,,,,,,,,,,,,,,,,,,,,,,,,,,,,,,,,10 000 000,,,,,,,,,,,,,,,,,,,,,,,,,,,,,,,,,,,,,,,
CARTE,13,3,,,,,,,,,,,,,,,,,,,,,,,,,,,,,,,,,,,,,,,,1 500 000,,,,,,,,,,,,,,,,,,,,,,,,,,,,,,,,,,,,,,,
CARTE,13,3,,,,,,,,,,,,,,,,,,,,,,,,,,,,,,,,,,,,,,,30 237 687,,,,,,,,,,,,,,,,,,,,,,,,,,,,,,,,,,,,,,,,
CARTE,13,3,,,,,,,,,,,,,,,,,,,,,,,,,,,,,,,,,,,,,,,,14 950 032,,,,,,,,,,,,,,,,,,,,,,,,,,,,,,,,,,,,,,,
CARTE,13,3,,,,,,,,,,,,,,,,,,,,,,,,,,,,,,,,,,,,,,,,11 480 931,,,,,,,,,,,,,,,,,,,,,,,,,,,,,,,,,,,,,,,
CARTE,13,3,,,,Total,,,,,,,,,,,,,,,,,-6 500 000,,,,11 480 931,,,,,,,,78 949 540,0,,,-449 507,,,83 480 964,,,,,,,,,,,,,,,,,,,,,,,,,,,,,,,,,,,,,,,
CARTE,13,4,,,,,,,,,,,,,,,,,,,,,,,,,,,,,,,,,,,,,,,,,,2025,,,,,,,,,,,,,,,,,,,,,,,,,,,,,,,,,,,,,
CARTE,13,5,,,,,,,,,,,,,,,,,,,,,,,,,,,,,,,,,,,,,,,,,,,31/12/2025,,,,,,,,,,,,,,,,,,,,,,,,,,,,,,,,,,,,
CARTE,14,1,,,,,,,,,,,,,,,,,,,,,,,,,,,,,,,,,,,,,,,,,,,,,d’actions,,,,,,,,,,,,,,,,,,,,,,,,,,,,,,,,,,
CARTE,14,3,,,,,,,,,,15 961 982.329,,,,,,,,,,,,,,,,,,,,,,,,,,,,,,,,,,,,,,,,,,,,,,,,,,,,,,,,,,,,,,,,,,,,,
CARTE,14,3,,,,,,,,,,5 000 000.000,,,,,,,,,,,,,,,,,,,,,,,,,,,,,,,,,,,,,,,,,,,,,,,,,,,,,,,,,,,,,,,,,,,,,
CARTE,14,3,,,Total,,,,,,,20 961 982.329,,,,,,,9 896 300.000,,,,,,,,,,,,,,,,,,,,,,,,,,,,,,,,,,,,,,,,,,,,,,,,,,,,,,,,,,,,,,
CARTE,14,4,,,,,,,,,,377 156 771.544,,,,,,,,,,,,,,,,,,,,,,,,,,,,,,,,,,,,,,,,,,,,,,,,,,,,,,,,,,,,,,,,,,,,,
CARTE,14,4,,,,,,,,,,21 820 750.381,,,,,,,,,,,,,,,,,,,,,,,,,,,,,,,,,,,,,,,,,,,,,,,,,,,,,,,,,,,,,,,,,,,,,
CARTE,14,4,,,,,,,,,,28 922 121.549,,,,,,,,,,,,,,,,,,,,,,,,,,,,,,,,,,,,,,,,,,,,,,,,,,,,,,,,,,,,,,,,,,,,,
CARTE,14,4,,,,,,,,,,747 752.464,,,,,,,,,,,,,,,,,,,,,,,,,,,,,,,,,,,,,,,,,,,,,,,,,,,,,,,,,,,,,,,,,,,,,
CARTE,14,4,,,Total,,,,,,,428 647 395.938,,,,,,,370 950 054.688,,,,,,,,,,,,,,,,,,,,,,,,,,,,,,,,,,,,,,,,,,,,,,,,,,,,,,,,,,,,,,
CARTE,15,1,,,,,,,,,,64 190.933,,,,,,,,,,,,,,,,,,,,,,,,,,,,,,,,,,,,,,,,,,,,,,,,,,,,,,,,,,,,,,,,,,,,,
CARTE,15,1,,,,,,,,,,3 479 081.701,,,,,,,,,,,,,,,,,,,,,,,,,,,,,,,,,,,,,,,,,,,,,,,,,,,,,,,,,,,,,,,,,,,,,
CARTE,15,1,,,,,,,,,,11 488.481,,,,,,,,,,,,,,,,,,,,,,,,,,,,,,,,,,,,,,,,,,,,,,,,,,,,,,,,,,,,,,,,,,,,,
CARTE,15,1,,,Total,,,,,,,3 554 761.115,,,,,,,3 299 613.342,,,,,,,,,,,,,,,,,,,,,,,,,,,,,,,,,,,,,,,,,,,,,,,,,,,,,,,,,,,,,,
CARTE,15,2,,,,,,,,,,323 452.555,,,,,,,,,,,,,,,,,,,,,,,,,,,,,,,,,,,,,,,,,,,,,,,,,,,,,,,,,,,,,,,,,,,,,
CARTE,15,2,,,,,,,,,,1 204 537.132,,,,,,,,,,,,,,,,,,,,,,,,,,,,,,,,,,,,,,,,,,,,,,,,,,,,,,,,,,,,,,,,,,,,,
CARTE,15,2,,,,,,,,,,582 834.218,,,,,,,,,,,,,,,,,,,,,,,,,,,,,,,,,,,,,,,,,,,,,,,,,,,,,,,,,,,,,,,,,,,,,
CARTE,15,2,,,Total,,,,,,,2 110 823.905,,,,,,,1 451 167.659,,,,,,,,,,,,,,,,,,,,,,,,,,,,,,,,,,,,,,,,,,,,,,,,,,,,,,,,,,,,,,
CARTE,16,1,,,,,,,,,,39 793 433.165,,,,,,,,,,,,,,,,,,,,,,,,,,,,,,,,,,,,,,,,,,,,,,,,,,,,,,,,,,,,,,,,,,,,,
CARTE,16,1,,,,,,,,,,1 224 508.291,,,,,,,,,,,,,,,,,,,,,,,,,,,,,,,,,,,,,,,,,,,,,,,,,,,,,,,,,,,,,,,,,,,,,
CARTE,16,1,,,Total,,,,,,,41 017 941.456,,,,,,,36 091 169.772,,,,,,,,,,,,,,,,,,,,,,,,,,,,,,,,,,,,,,,,,,,,,,,,,,,,,,,,,,,,,,
CARTE,16,2,,,,,,,,,,49 299 179.931,,,,,,,,,,,,,,,,,,,,,,,,,,,,,,,,,,,,,,,,,,,,,,,,,,,,,,,,,,,,,,,,,,,,,
CARTE,16,2,,,,,,,,,,-21 065.187,,,,,,,,,,,,,,,,,,,,,,,,,,,,,,,,,,,,,,,,,,,,,,,,,,,,,,,,,,,,,,,,,,,,,
CARTE,16,2,,,Total,,,,,,,49 278 114.744,,,,,,,44 925 243.334,,,,,,,,,,,,,,,,,,,,,,,,,,,,,,,,,,,,,,,,,,,,,,,,,,,,,,,,,,,,,,
CARTE,16,3,,,,,,,,,,"7 178 667,204",,,,,,,,,,,,,,,,,,,,,,,,,,,,,,,,,,,,,,,,,,,,,,,,,,,,,,,,,,,,,,,,,,,,,
CARTE,16,3,,,,,,,,,,11 734 115.124,,,,,,,,,,,,,,,,,,,,,,,,,,,,,,,,,,,,,,,,,,,,,,,,,,,,,,,,,,,,,,,,,,,,,
CARTE,16,3,,,Total,,,,,,,"18 912 782,328",,,,,,,18 661 502.945,,,,,,,,,,,,,,,,,,,,,,,,,,,,,,,,,,,,,,,,,,,,,,,,,,,,,,,,,,,,,,
CARTE,19,1,,,"17/03/2025
17/03/2025
11/04/2025
16/09/2025
16/09/2025","29/01/2026
29/01/2026
22/01/2026
16/03/2026
16/03/2026",,,,,,"3 922 051,820
1 078 492,732
961 223,228
155 503,809
9 844 710,740","318
318
286
181
181",,,,,,"8,74%
8,74%
8,91%
8,50%
8,50%","302 795,474
83 263,234
68 040,186
6 645,628
420 724,652",,"239 747,649
65 926,232
49 212,628
1 929,963
122 183,050",,,,,,,,,,,,,,,,,,,,,,,,,,,"PL / BTA 114
PL / BTA 115
PL / BTA 103
PL / BTA 89
PL / EMP NAT
2024 T3",,,,,,,,,,,,,,,,,,,,,,,,,,,,,,,,
CARTE,19,1,,,,,,,,,,,,,,,,,,,,,,,,,,,,,,,,,,,,,,,,,,,,,,,TOTAL 15 961 982 881 469 479 000,,,,,,,,,,,,,,,,,,,,,,,,,,,,,,,,
CARTE,22,1,,,,acquisitions,,,,,,cessions,à la cloture,,,,à l'ouverture,,,Augmentations,,,Diminutions,,,,à la cloture,,,,,,,,,,,,,,,,,,,,,,,,à l'ouverture,,,,,,,,,,,,,,,,,,,,,,,,,,,,,,
CARTE,22,1,,,,,,,,,,,,,,,,,Provisions,Amortissements,,Provisions,Amortissements,,Provisions,,Amortissements,,,,,,,,,,,,,Provisions,,,,,,,,,,,Amortissements,,,,,,,,,,,,,,,,,,,,,,,,,,,,,,
CARTE,22,1,,,,,,,,,,,,,,,,,,,,,,,,,,,,,,,,,,,,,,,,,,,,,,,,,,,,,,,,,,,,,,,,,,,,,,,,,,,,,,,
CARTE,22,1,,,,,,,,,,,,,,Actifs incorporels,,,,,,,,,,,,,,,,,,,,,,,,,,,,,,,,,,,,,,,,,,,,,,,,,,,,,,,,,,,,,,,,,
CARTE,22,1,,,"Concessions, brevets, licences, marques,logiciels","25 799,435",,,,,,,"222 743,392",,,,"196 943,957",,,"29 959,632",,,,,,,"132 706,790",,,,,,,,,,,,,,,,,,,,,,,,"102 747,158","90 036,602",,,,,,,,,,,,,,,,,,,,,,,,,,,,,
CARTE,22,1,,,Fonds commercial,,,,,,,,"16 399 952,084",,,,"16 399 952,084",,,"817 757,174",,,,,,,"12 313 605,624",,,,,,,,,,,,,,,,,,,,,,,,"11 495 848,450","4 086 346,460",,,,,,,,,,,,,,,,,,,,,,,,,,,,,
CARTE,22,1,,,,,,,,,,,,,,,,,,,,,,,,,,,,,,,,,,,,,,,,,,,,,,,,,,,,,,,,,,,,,,,,,,,,,,,,,,,,,,,
CARTE,22,1,,,,"25 799,435",,,,,,"0,000","16 622 695,476",,,Total actifs incorporels,"4 998 300,433",,"0,000","847 716,806",,"0,000","0,000",,"0,000",,"12 446 312,414",,,,,,,,,,,,,"0,000",,,,,,,,,,,"11 598 595,608","4 176 383,062",,,,,,,,,,,,,,,,,,,,,,,,,,,,,
CARTE,22,1,,,,,,,,,,,,,,,,,,,,,,,,,,,,,,,,,,,,,,,,,,,,,,,,,,,,,,,,,,,,,,,,,,,,,,,,,,,,,,,
CARTE,22,1,,,,,,,,,,,,,,Actifs corporels d'exploitation,,,,,,,,,,,,,,,,,,,,,,,,,,,,,,,,,,,,,,,,,,,,,,,,,,,,,,,,,,,,,,,,,
CARTE,22,1,,,Installations techniques et machines,"232 900,899",,,,,,"27 000,000","719 540,900",,,,"513 640,001",,,"138 261,504",,,"27 000,000",,,,"383 671,845",,,,,,,,,,,,,,,,,,,,,,,,"272 410,341","335 869,055",,,,,,,,,,,,,,,,,,,,,,,,,,,,,
CARTE,22,1,,,"Autres installations, outillage et mobilier","57 326,202",,,,,,,"595 089,294",,,,"537 763,092",,,"90 573,949",,,,,,,"383 806,306",,,,,,,,,,,,,,,,,,,,,,,,"293 232,357","211 282,988",,,,,,,,,,,,,,,,,,,,,,,,,,,,,
CARTE,22,1,,,,,,,,,,,,,,,,,,,,,,,,,,,,,,,,,,,,,,,,,,,,,,,,,,,,,,,,,,,,,,,,,,,,,,,,,,,,,,,
CARTE,22,1,,,,"290 227,101",,,,,,"27 000,000","1 314 630,194",,,Total actifs corporels d'exploitation,"485 760,395",,"0,000","228 835,453",,"0,000","27 000,000",,"0,000",,"767 478,151",,,,,,,,,,,,,"0,000",,,,,,,,,,,"565 642,698","547 152,043",,,,,,,,,,,,,,,,,,,,,,,,,,,,,
CARTE,22,1,,,,,,,,,,,,,,,,,,,,,,,,,,,,,,,,,,,,,,,,,,,,,,,,,,,,,,,,,,,,,,,,,,,,,,,,,,,,,,,
CARTE,22,1,,,,,,,,,,,,,,Placements,,,,,,,,,,,,,,,,,,,,,,,,,,,,,,,,,,,,,,,,,,,,,,,,,,,,,,,,,,,,,,,,,
CARTE,22,1,,,Terrains et constructions d'exploitation,"1 833 139,454",,,,,,,"7 089 421,954",,,,"5 256 282,500",,,"536 176,068",,,,,,,"1 231 029,271",,,,,,,,,,,,,,,,,,,,,,,,"694 853,203","5 858 392,683",,,,,,,,,,,,,,,,,,,,,,,,,,,,,
CARTE,22,1,,,Terrains et constructions d'exploitaion et hors exploitation,,,,,,,,,,,,,,,,,,,,,,,,,,,,,,,,,,,,,,,,,,,,,,,,,,,,,,,,,,,,,,,,,,,,,,,,,,,,
CARTE,22,1,,,Autres placements financiers,,,,,,,,,,,,,,,,,,,,,,,,,,,,,,,,,,,,,,,,,,,,,,,,,,,,,,,,,,,,,,,,,,,,,,,,,,,,
CARTE,22,1,,,"Actions, autres titres à revenu variable et part dans les FCP","55 879 572,403",,,,,,"21 119 737,674","173 656 737,527",,,,"138 896 902,798",,"7 559 745,098",,,"2 699 703,857",,,,,,,,,,,,,,,,,,"10 259 448,955",,,,,,,,,,,,"163 397 288,572",,,,,,,,,,,,,,,,,,,,,,,,,,,,,
CARTE,22,1,,,Obligations et autres titres à revenus fixe,"47 551 500,000",,,,,,"20 334 382,780","189 900 330,861",,,,"162 683 213,641",,,,,,,,,,,,,,,,,,,,,,,,,,,,,,,,,,,"189 900 330,861",,,,,,,,,,,,,,,,,,,,,,,,,,,,,
CARTE,22,1,,,Autres prêts,"9 078 123,118",,,,,,"7 718 227,764","2 192 701,017",,,,"832 805,663",,,,,,,,,,,,,,,,,,,,,,,,,,,,,,,,,,,"2 192 701,017",,,,,,,,,,,,,,,,,,,,,,,,,,,,,
CARTE,22,1,,,Dépôts auprès des établissements bancaires et financiers,"294 150 000,000",,,,,,"291 350 000,000","138 100 000,000",,,,"135 300 000,000",,,,,,,,,,,,,,,,,,,,,,,,,,,,,,,,,,,"138 100 000,000",,,,,,,,,,,,,,,,,,,,,,,,,,,,,
CARTE,22,1,,,,,,,,,,,,,,,,,,,,,,,,,,,,,,,,,,,,,,,,,,,,,,,,,,,,,,,,,,,,,,,,,,,,,,,,,,,,,,,
CARTE,22,1,,,,,,,,,,,,,,Placements des contrats en unité de compte,,,,,,,,,,,,,,,,,,,,,,,,,,,,,,,,,,,,,,,,,,,,,,,,,,,,,,,,,,,,,,,,,
CARTE,22,1,,,,,,,,,,,,,,,,,,,,,,,,,,,,,,,,,,,,,,,,,,,,,,,,,,,,,,,,,,,,,,,,,,,,,,,,,,,,,,,
CARTE,22,1,,,,"408 492 334,975",,,,,,"340 522 348,218","510 939 191,359",,,Total placements,"434 714 606,302",,"4 730 304,317","536 176,068",,"2 699 703,857","0,000",,"0,000",,"1 231 029,271",,,,,,,,,,,,,"10 259 448,955",,,,,,,,,,,"288 504,952","499 448 713,133",,,,,,,,,,,,,,,,,,,,,,,,,,,,,
CARTE,22,1,,,,,,,,,,,,,,,,,,,,,,,,,,,,,,,,,,,,,,,,,,,,,,,,,,,,,,,,,,,,,,,,,,,,,,,,,,,,,,,
CARTE,22,1,,,Total Général,"408 808 361,511",,,,,,"340 549 348,218","528 876 517,029",,,,"440 198 667,130",,"4 730 304,317","1 612 728,327",,"2 699 703,857","27 000,000",,"0,000",,"14 444 819,836",,,,,,,,,,,,,"10 259 448,955",,,,,,,,,,,"10 626 943,652","504 172 248,238",,,,,,,,,,,,,,,,,,,,,,,,,,,,,
CARTE,23,1,,,,,,,,,,,,,,,,,,,,,,,,,,,,,,,,,,,,,,,,,,,,,,,,,,,Placements immobiliers et placements immobiliers en cours,"7 089 421,954","5 858 392,684",,"-1 231 029,270",,,,,,,,,,,,,,,,,,,,,,,,
CARTE,23,1,,,,,,,,,,,,,,,,,,,,,,,,,,,,,,,,,,,,,,,,,,,,,,,,,,,Actions et autres titres à revenu variable autres que les parts d'OPVCM,"173 656 737,527","163 397 288,571",,"-10 259 448,956",,,,,,,,,,,,,,,,,,,,,,,,
CARTE,23,1,,,,,,,,,,,,,,,,,,,,,,,,,,,,,,,,,,,,,,,,,,,,,,,,,,,Parts d'OPVCM détenant uniquement des titres à revenu fixe,,,,,,,,,,,,,,,,,,,,,,,,,,,,
CARTE,23,1,,,,,,,,,,,,,,,,,,,,,,,,,,,,,,,,,,,,,,,,,,,,,,,,,,,Autres parts d'OPVCM,,,,,,,,,,,,,,,,,,,,,,,,,,,,
CARTE,23,1,,,,,,,,,,,,,,,,,,,,,,,,,,,,,,,,,,,,,,,,,,,,,,,,,,,Obligations et autres titres à revenus fixe,"189 900 330,861","189 900 330,861",,,,,,,,,,,,,,,,,,,,,,,,,,
CARTE,23,1,,,,,,,,,,,,,,,,,,,,,,,,,,,,,,,,,,,,,,,,,,,,,,,,,,,Prêts hypothécaires,,,,,,,,,,,,,,,,,,,,,,,,,,,,
CARTE,23,1,,,,,,,,,,,,,,,,,,,,,,,,,,,,,,,,,,,,,,,,,,,,,,,,,,,Autres prêts et effets assimilés,"2 192 701,017","2 192 701,017",,,,,,,,,,,,,,,,,,,,,,,,,,
CARTE,23,1,,,,,,,,,,,,,,,,,,,,,,,,,,,,,,,,,,,,,,,,,,,,,,,,,,,Dépôts auprès des entreprises cédantes,,,,,,,,,,,,,,,,,,,,,,,,,,,,
CARTE,23,1,,,,,,,,,,,,,,,,,,,,,,,,,,,,,,,,,,,,,,,,,,,,,,,,,,,Autres dépôts,"138 100 000,000","138 100 000,000",,,,,,,,,,,,,,,,,,,,,,,,,,
CARTE,23,1,,,,,,,,,,,,,,,,,,,,,,,,,,,,,,,,,,,,,,,,,,,,,,,,,,,Actifs représentatifs de contrats en unités de comptes,,,,,,,,,,,,,,,,,,,,,,,,,,,,
CARTE,23,1,,,,,,,,,,,,,,,,,,,,,,,,,,,,,,,,,,,,,,,,,,,,,,,,,,,Total placements,"510 939 191,359","499 448 713,133","0,000","-11 490 478,226",,,,,,,,,,,,,,,,,,,,,,,,
CARTE,23,1,,,,,,,,,,,,,,,,,,,,,,,,,,,,,,,,,,,,,,,,,,,,,,,,,,,Dont montant de ces placements qui est admis à la représentation,,,,,,,,,,,,,,,,,,,,,,,,,,,,
CARTE,23,1,,,,,,,,,,,,,,,,,,,,,,,,,,,,,,,,,,,,,,,,,,,,,,,,,,,des provisions techniques,"436 807 853,524","425 317 375,298",,"-11 490 478,226",,,,,,,,,,,,,,,,,,,,,,,,
CARTE,23,1,,,,,,,,,,,,,,,,,,,,,,,,,,,,,,,,,,,,,,,,,,,,,,,,,,,Autres actifs affectables à la représentation des provisions techniques,,,,,,,,,,,,,,,,,,,,,,,,,,,,
CARTE,23,1,,,,,,,,,,,,,,,,,,,,,,,,,,,,,,,,,,,,,,,,,,,,,,,,,,,autres que les placements ou la part des réassureurs dans les,,,,,,,,,,,,,,,,,,,,,,,,,,,,
CARTE,23,1,,,,,,,,,,,,,,,,,,,,,,,,,,,,,,,,,,,,,,,,,,,,,,,,,,,provisions techniques,"12 984 256,433","12 984 256,433",,,,,,,,,,,,,,,,,,,,,,,,,,
CARTE,23,1,,,,,,,,,,,,,,,,,,,,,,,,,,,,,,,,,,,,,,,,,,,,,,,,,,,TOTAL,"449 792 109,957","438 301 631,731","0,000","-11 490 478,226",,,,,,,,,,,,,,,,,,,,,,,,
CARTE,24,1,,,,,,,,,,,,,,,,,,,,,,,,,,,,,,,,,,,,,,,,,,,,,,,,,,,,,,,,,2 018,,,,,,,,,,,,,,,,,,,,,,
CARTE,24,1,,,,,,,,,,,,,,,,,,,,,,,,,,,,,,,,,,,,,,,,,,,,,,,,,,,,,,,,"Inventaire 2018
Réglements cumulés
Provisions pour sinistres","2 335 682
2 054 058",,,,,,,,,,,,,,,,,,,,,,
CARTE,24,1,,,,,,,,,,,,,,,,,,,,,,,,,,,,,,,,,,,,,,,,,,,,,,,,,,,,,,,,Total charges des sinistres,4 389 739,,,,,,,,,,,,,,,,,,,,,,
CARTE,24,1,,,,,,,,,,,,,,,,,,,,,,,,,,,,,,,,,,,,,,,,,,,,,,,,,,,,,,,,Primes acquises,31 108 603,,,,,,,,,,,,,,,,,,,,,,
CARTE,24,1,,,,,,,,,,,,,,,,,,,,,,,,,,,,,,,,,,,,,,,,,,,,,,,,,,,,,,,,% sinistres / primes acquises,"14,11%",,,,,,,,,,,,,,,,,,,,,,
CARTE,24,2,,,,,,,,,,,,,,,,,,,,,,,,,,,,,,,,,,,,,,,,,,,,,,,,,,,,,,,,,2 018,2 019,,,,,,,,,,,,,,,,,,,,,
CARTE,24,2,,,,,,,,,,,,,,,,,,,,,,,,,,,,,,,,,,,,,,,,,,,,,,,,,,,,,,,,"Inventaire 2019
Réglements cumulés
Provisions pour sinistres","2 121 183
1 695 808","2 090 960
1 586 259",,,,,,,,,,,,,,,,,,,,,
CARTE,24,2,,,,,,,,,,,,,,,,,,,,,,,,,,,,,,,,,,,,,,,,,,,,,,,,,,,,,,,,Total charges des sinistres,3 816 992,3 677 219,,,,,,,,,,,,,,,,,,,,,
CARTE,24,2,,,,,,,,,,,,,,,,,,,,,,,,,,,,,,,,,,,,,,,,,,,,,,,,,,,,,,,,Primes acquises,31 108 603,33 807 424,,,,,,,,,,,,,,,,,,,,,
CARTE,24,2,,,,,,,,,,,,,,,,,,,,,,,,,,,,,,,,,,,,,,,,,,,,,,,,,,,,,,,,% sinistres / primes acquises,"12,27%","10,88%",,,,,,,,,,,,,,,,,,,,,
CARTE,24,3,,,,,,,,,,,,,,,,,,,,,,,,,,,,,,,,,,,,,,,,,,,,,,,,,,,,,,,,,2 018,2 019,2 020,,,,,,,,,,,,,,,,,,,,
CARTE,24,3,,,,,,,,,,,,,,,,,,,,,,,,,,,,,,,,,,,,,,,,,,,,,,,,,,,,,,,,"Inventaire 2020
Réglements cumulés
Provisions pour sinistres","400 076
1 439 159","1 919 986
1 833 968","1 353 730
3 459 538",,,,,,,,,,,,,,,,,,,,
CARTE,24,3,,,,,,,,,,,,,,,,,,,,,,,,,,,,,,,,,,,,,,,,,,,,,,,,,,,,,,,,Total charges des sinistres,1 839 235,3 753 954,4 813 268,,,,,,,,,,,,,,,,,,,,
CARTE,24,3,,,,,,,,,,,,,,,,,,,,,,,,,,,,,,,,,,,,,,,,,,,,,,,,,,,,,,,,Primes acquises,31 108 603,33 807 424,28 253 608,,,,,,,,,,,,,,,,,,,,
CARTE,24,3,,,,,,,,,,,,,,,,,,,,,,,,,,,,,,,,,,,,,,,,,,,,,,,,,,,,,,,,% sinistres / primes acquises,"5,91%","11,10%","17,04%",,,,,,,,,,,,,,,,,,,,
CARTE,24,4,,,,,,,,,,,,,,,,,,,,,,,,,,,,,,,,,,,,,,,,,,,,,,,,,,,,,,,,,2 018,2 019,2 020,2 021,,,,,,,,,,,,,,,,,,,
CARTE,24,4,,,,,,,,,,,,,,,,,,,,,,,,,,,,,,,,,,,,,,,,,,,,,,,,,,,,,,,,"Inventaire 2021
Réglements cumulés
Provisions pour sinistres","132 214
158 047","689 176
1 180 650","3 094 794
3 583 597","1 935 513
4 677 920",,,,,,,,,,,,,,,,,,,
CARTE,24,4,,,,,,,,,,,,,,,,,,,,,,,,,,,,,,,,,,,,,,,,,,,,,,,,,,,,,,,,Total charges des sinistres,290 261,1 869 825,6 678 391,6 613 433,,,,,,,,,,,,,,,,,,,
CARTE,24,4,,,,,,,,,,,,,,,,,,,,,,,,,,,,,,,,,,,,,,,,,,,,,,,,,,,,,,,,Primes acquises,31 108 603,33 807 424,28 253 608,28 713 707,,,,,,,,,,,,,,,,,,,
CARTE,24,4,,,,,,,,,,,,,,,,,,,,,,,,,,,,,,,,,,,,,,,,,,,,,,,,,,,,,,,,% sinistres / primes acquises,"0,93%","5,53%","23,64%","23,03%",,,,,,,,,,,,,,,,,,,
CARTE,24,5,,,,,,,,,,,,,,,,,,,,,,,,,,,,,,,,,,,,,,,,,,,,,,,,,,,,,,,,,2 018,2 019,2 020,2 021,2 022,,,,,,,,,,,,,,,,,,
CARTE,24,5,,,,,,,,,,,,,,,,,,,,,,,,,,,,,,,,,,,,,,,,,,,,,,,,,,,,,,,,"Inventaire 2022
Réglements cumulés
Provisions pour sinistres","16 611
40 239","77 023
311 785","1 731 631
1 463 298","4 837 862
3 419 624","1 687 377
3 746 057",,,,,,,,,,,,,,,,,,
CARTE,24,5,,,,,,,,,,,,,,,,,,,,,,,,,,,,,,,,,,,,,,,,,,,,,,,,,,,,,,,,Total charges des sinistres,56 850,388 809,3 194 929,8 257 487,5 433 434,,,,,,,,,,,,,,,,,,
CARTE,24,5,,,,,,,,,,,,,,,,,,,,,,,,,,,,,,,,,,,,,,,,,,,,,,,,,,,,,,,,Primes acquises,31 108 603,33 807 424,28 253 608,28 713 707,32 420 533,,,,,,,,,,,,,,,,,,
CARTE,24,5,,,,,,,,,,,,,,,,,,,,,,,,,,,,,,,,,,,,,,,,,,,,,,,,,,,,,,,,% sinistres / primes acquises,"0,18%","1,15%","11,31%","28,76%","16,76%",,,,,,,,,,,,,,,,,,
CARTE,25,1,,,,,,,,,,,,,,,,,,,,,,,,,,,,,,,,,,,,,,,,,,,,,,,,,,,,,,,,,2 018,2 019,2 020,2 021,2 022,2 023,,,,,,,,,,,,,,,,,
CARTE,25,1,,,,,,,,,,,,,,,,,,,,,,,,,,,,,,,,,,,,,,,,,,,,,,,,,,,,,,,,"Inventaire 2023
Réglements cumulés
Provisions pour sinistres","41 119
127 436","31 348
65 429","165 564
344 851","588 765
2 056 279","2 687 508
2 945 273","2 371 784
2 864 151",,,,,,,,,,,,,,,,,
CARTE,25,1,,,,,,,,,,,,,,,,,,,,,,,,,,,,,,,,,,,,,,,,,,,,,,,,,,,,,,,,Total charges des sinistres,168 554,96 777,510 415,2 645 044,5 632 781,5 235 935,,,,,,,,,,,,,,,,,
CARTE,25,1,,,,,,,,,,,,,,,,,,,,,,,,,,,,,,,,,,,,,,,,,,,,,,,,,,,,,,,,Primes acquises,31 108 603,33 807 424,28 253 608,28 713 707,32 420 533,35 170 793,,,,,,,,,,,,,,,,,
CARTE,25,1,,,,,,,,,,,,,,,,,,,,,,,,,,,,,,,,,,,,,,,,,,,,,,,,,,,,,,,,% sinistres / primes acquises,"0,54%","0,29%","1,81%","9,21%","17,37%","14,89%",,,,,,,,,,,,,,,,,
CARTE,25,2,,,,,,,,,,,,,,,,,,,,,,,,,,,,,,,,,,,,,,,,,,,,,,,,,,,,,,,,,2 018,2 019,2 020,2 021,2 022,2 023,2 024,,,,,,,,,,,,,,,,
CARTE,25,2,,,,,,,,,,,,,,,,,,,,,,,,,,,,,,,,,,,,,,,,,,,,,,,,,,,,,,,,"Inventaire 2024
Réglements cumulés
Provisions pour sinistres","20 850
98 659","1 200
32 660","30 089
166 240","115 069
509 726","996 298
1 437 794","2 028 008
2 938 421","2 413 806
3 065 565",,,,,,,,,,,,,,,,
CARTE,25,2,,,,,,,,,,,,,,,,,,,,,,,,,,,,,,,,,,,,,,,,,,,,,,,,,,,,,,,,Total charges des sinistres,119 509,33 860,196 329,624 795,2 434 092,4 966 429,5 479 372,,,,,,,,,,,,,,,,
CARTE,25,2,,,,,,,,,,,,,,,,,,,,,,,,,,,,,,,,,,,,,,,,,,,,,,,,,,,,,,,,Primes acquises,31 108 603,33 807 424,28 253 608,28 713 707,32 420 533,35 170 793,21 905 527,,,,,,,,,,,,,,,,
CARTE,25,2,,,,,,,,,,,,,,,,,,,,,,,,,,,,,,,,,,,,,,,,,,,,,,,,,,,,,,,,% sinistres / primes acquises,"0,38%","0,10%","0,69%","2,18%","7,51%","14,12%","25,01%",,,,,,,,,,,,,,,,
CARTE,25,3,,,,,,,,,,,,,,,,,,,,,,,,,,,,,,,,,,,,,,,,,,,,,,,,,,,,,,,,,2 018,2 019,2 020,2 021,2 022,2 023,2 024,2 025,,,,,,,,,,,,,,,
CARTE,25,3,,,,,,,,,,,,,,,,,,,,,,,,,,,,,,,,,,,,,,,,,,,,,,,,,,,,,,,,"Inventaire 2025
Réglements cumulés
Provisions pour sinistres","22 650
82 590","6 221
26 439","11 071
143 805","11 585
394 874","113 777
695 786","263 562
2 422 829","1 848 844
3 276 133","2 311 793
2 351 699",,,,,,,,,,,,,,,
CARTE,25,3,,,,,,,,,,,,,,,,,,,,,,,,,,,,,,,,,,,,,,,,,,,,,,,,,,,,,,,,Total charges des sinistres,105 240,32 660,154 876,406 459,809 564,2 686 391,5 124 977,4 663 492,,,,,,,,,,,,,,,
CARTE,25,3,,,,,,,,,,,,,,,,,,,,,,,,,,,,,,,,,,,,,,,,,,,,,,,,,,,,,,,,Primes acquises,31 108 603,33 807 424,28 253 608,28 713 707,32 420 533,35 170 793,21 905 527,14 778 898,,,,,,,,,,,,,,,
CARTE,25,3,,,,,,,,,,,,,,,,,,,,,,,,,,,,,,,,,,,,,,,,,,,,,,,,,,,,,,,,% sinistres / primes acquises,"0,34%","0,10%","0,55%","1,42%","2,50%","7,64%","23,40%","31,56%",,,,,,,,,,,,,,,
CARTE,26,1,,,,,,,,,,,,,,,,,,,,,,,,,,,,,,,,,,,,,,,,,,,,,,,,,,,,,,,,,,,,,,,,,,,,,,,,,,,,,,,
CARTE,26,1,,,,,,,,,,Revenus et frais,,,,,,,,,,,,,,,,,,,,,,,,,,,,,,,,,,,,,,,,,,,,,,,,,,,,,,,,,,,,,,,,,,,,,
CARTE,26,1,,,,,,,,,,financiers,,,,,,,,,,,,,,,,,,,,,,,,,,,,,,,,,,,,,,,,,,,,,,,,,,,,,,,,,,,,,,,,,,,,,
CARTE,26,1,,,,,,,,,,concernant les,,,,,,,,,,,,,,,,,,,,,,,,,,,,,,,,,,,,,,,,,,,,,,,,,,,,,,,,,,,,,,,,,,,,,
CARTE,26,1,,,,,,,,,,placements dans,,,,,,,,,,,,,,,,,,,,,,,,,,,,,,,,,,,,,,,,,,,,,,,,,,,,,,,,,,,,,,,,,,,,,
CARTE,26,1,,,,,,,,,,des entreprises,,,,,,,,,,,,,,,,,,,,,,,,,,,,,,,,,,,,,,,,,,,,,,,,,,,,,,,,,,,,,,,,,,,,,
CARTE,26,1,,,,,,,,,,liées et avec un lien,,,,,,,,,,,,,,,,,,,,,,,,,,,,,,,,,,,,,,,,,,,,,,,,,,,,,,,,,,,,,,,,,,,,,
CARTE,26,1,,,,,,,,,,de participations,,,,,,,,,,,,,,,,,,,,,,,,,,,,,,,,,,,,,,,,,,,,,,,,,,,,,,,,,,,,,,,,,,,,,
CARTE,26,1,,,,,,,,,,,,,,,,,,,,,,,,,,,,,,,,,,,,,,,,,,,,,,,,,,,,,,,,,,,,,,,,,,,,,,,,,,,,,,,
CARTE,26,1,,,Revenu des placements immobiliers,,,,,,,,,,,,,,,,,,,,,,,,,,,,,,,,,,,,,,,,,,,,,,,,,,,,,,,,,,,,,,,,,,,,,,,,,,,,
CARTE,26,1,,,Revenu des participations,,,,,,,,,,,,,,,,,,,,,,,,,,,,,,,,,,,,,,,,,,,,,,,,,,,,,,,,,,,,,,"5 502 820,956","5 502 820,956",,,,,,,,,,,,,
CARTE,26,1,,,Revenu des autres placements,,,,,,,,,,,,,,,,,,,,,,,,,,,,,,,,,,,,,,,,,,,,,,,,,,,,,,,,,,,,,,"32 143 004,056","32 143 004,056",,,,,,,,,,,,,
CARTE,26,1,,,Autres revenus financiers,,,,,,,,,,,,,,,,,,,,,,,,,,,,,,,,,,,,,,,,,,,,,,,,,,,,,,,,,,,,,,"37 165,146","37 165,146",,,,,,,,,,,,,
CARTE,26,1,,,Total produits des placements,"0,000",,,,,,,,,,,,,,,,,,,,,,,,,,,,,,,,,,,,,,,,,,,,,,,,,,,,,,,,,,,,,"37 682 990,158","37 682 990,158",,,,,,,,,,,,,
CARTE,26,1,,,,,,,,,,,,,,,,,,,,,,,,,,,,,,,,,,,,,,,,,,,,,,,,,,,,,,,,,,,,,,,,,,,,,,,,,,,,,,,
CARTE,26,1,,,Intérêts,,,,,,,,,,,,,,,,,,,,,,,,,,,,,,,,,,,,,,,,,,,,,,,,,,,,,,,,,,,,,,,,,,,,,,,,,,,,
CARTE,26,1,,,Frais externes,,,,,,,,,,,,,,,,,,,,,,,,,,,,,,,,,,,,,,,,,,,,,,,,,,,,,,,,,,,,,,"-4 389 377,959","-4 389 377,959",,,,,,,,,,,,,
CARTE,26,1,,,Autres frais,,,,,,,,,,,,,,,,,,,,,,,,,,,,,,,,,,,,,,,,,,,,,,,,,,,,,,,,,,,,,,,,,,,,,,,,,,,,
CARTE,26,1,,,Total charges des placements,"0,000",,,,,,,,,,,,,,,,,,,,,,,,,,,,,,,,,,,,,,,,,,,,,,,,,,,,,,,,,,,,,"-4 389 377,959","-4 389 377,959",,,,,,,,,,,,,
CARTE,26,2,,,,,,,,,,,,,,,,,,,,,,,,,,,,,,,,,,,,,,,,,,,,,,,,,,,,,,,,,,,,,,,,,,,&,,,,,,,,,,,,
CARTE,26,2,,,,,,,,,,,,,,,,,,,,,,,,,,,,,,,,,,,,,,,,,,,,,,,,,,,,,,,,,,,,,,,,,,,Frais financiers,,,,,,,,,,,,
CARTE,27,1,,,Primes,,,,,,,,,,,,,,,,,,,,,,,,,,,,,,,,,,,,,,,,,,,,,,,,,,,,,,,,,,,,,,,,,"14 778 897,945","86 840 784,210","101 619 682,155",,,,,,,,,
CARTE,27,1,,,Charges de prestations,,,,,,,,,,,,,,,,,,,,,,,,,,,,,,,,,,,,,,,,,,,,,,,,,,,,,,,,,,,,,,,,,"-4 589 502,522","-35 884 781,290","-40 474 283,812",,,,,,,,,
CARTE,27,1,,,Charges des provisions d'assurance vie et autres provisions techniques,,,,,,,,,,,,,,,,,,,,,,,,,,,,,,,,,,,,,,,,,,,,,,,,,,,,,,,,,,,,,,,,,,,,,,,,,,,,
CARTE,27,1,,,- Variation Reserves Mathematiques,,,,,,,,,,,,,,,,,,,,,,,,,,,,,,,,,,,,,,,,,,,,,,,,,,,,,,,,,,,,,,,,,"10 015 646,557","-65 984 474,277","-55 968 827,721",,,,,,,,,
CARTE,27,1,,,,,,,,,,,,,,,,,,,,,,,,,,,,,,,,,,,,,,,,,,,,,,,,,,,,,,,,,,,,,,,,,,,,,,,,,,,,,,,
CARTE,27,1,,,- Variation RAR,,,,,,,,,,,,,,,,,,,,,,,,,,,,,,,,,,,,,,,,,,,,,,,,,,,,,,,,,,,,,,,,,"-985 093,579","-743 419,951","-1 728 513,530",,,,,,,,,
CARTE,27,1,,,Solde de souscription,,,,,,,,,,,,,,,,,,,,,,,,,,,,,,,,,,,,,,,,,,,,,,,,,,,,,,,,,,,,,,,,,"19 219 948,401","-15 771 891,308","3 448 057,093",,,,,,,,,
CARTE,27,1,,,,,,,,,,,,,,,,,,,,,,,,,,,,,,,,,,,,,,,,,,,,,,,,,,,,,,,,,,,,,,,,,,,,,,,,,,,,,,,
CARTE,27,1,,,Frais d'acquisition,,,,,,,,,,,,,,,,,,,,,,,,,,,,,,,,,,,,,,,,,,,,,,,,,,,,,,,,,,,,,,,,,"-4 388 798,706","-2 789 868,498","-7 178 667,204",,,,,,,,,
CARTE,27,1,,,Autres charges de gestion nettes,,,,,,,,,,,,,,,,,,,,,,,,,,,,,,,,,,,,,,,,,,,,,,,,,,,,,,,,,,,,,,,,,"-6 772 800,824","-5 136 538,584","-11 909 339,408",,,,,,,,,
CARTE,27,1,,,Charges d'acquisition et de gestion nettes,,,,,,,,,,,,,,,,,,,,,,,,,,,,,,,,,,,,,,,,,,,,,,,,,,,,,,,,,,,,,,,,,"-11 161 599,530","-7 926 407,082","-19 088 006,612",,,,,,,,,
CARTE,27,1,,,,,,,,,,,,,,,,,,,,,,,,,,,,,,,,,,,,,,,,,,,,,,,,,,,,,,,,,,,,,,,,,,,,,,,,,,,,,,,
CARTE,27,1,,,Produits nets de placements,,,,,,,,,,,,,,,,,,,,,,,,,,,,,,,,,,,,,,,,,,,,,,,,,,,,,,,,,,,,,,,,,"3 906 871,947","23 067 090,700","26 973 962,647",,,,,,,,,
CARTE,27,1,,,Solde financier,,,,,,,,,,,,,,,,,,,,,,,,,,,,,,,,,,,,,,,,,,,,,,,,,,,,,,,,,,,,,,,,,"3 906 871,947","23 067 090,700","26 973 962,647",,,,,,,,,
CARTE,27,1,,,,,,,,,,,,,,,,,,,,,,,,,,,,,,,,,,,,,,,,,,,,,,,,,,,,,,,,,,,,,,,,,,,,,,,,,,,,,,,
CARTE,27,1,,,Primes cédées et/ou retrocédées,,,,,,,,,,,,,,,,,,,,,,,,,,,,,,,,,,,,,,,,,,,,,,,,,,,,,,,,,,,,,,,,,"-965 469,184",,"-965 469,184",,,,,,,,,
CARTE,27,1,,,Part des réassureurs et/ou des rétrocessionnaires dans les charges de prestations,,,,,,,,,,,,,,,,,,,,,,,,,,,,,,,,,,,,,,,,,,,,,,,,,,,,,,,,,,,,,,,,,"680 850,647",,"680 850,647",,,,,,,,,
CARTE,27,1,,,Part des réassureurs et/ou des rétrocessionnaires dans les charges de provisions,,,,,,,,,,,,,,,,,,,,,,,,,,,,,,,,,,,,,,,,,,,,,,,,,,,,,,,,,,,,,,,,,"504 005,239",,"504 005,239",,,,,,,,,
CARTE,27,1,,,Commissions reçues des réassureurs et/ou des rétrocessionnaires,,,,,,,,,,,,,,,,,,,,,,,,,,,,,,,,,,,,,,,,,,,,,,,,,,,,,,,,,,,,,,,,,"-12 965,304",,"-12 965,304",,,,,,,,,
CARTE,27,1,,,Solde de réassurance et/ou de rétrocession,,,,,,,,,,,,,,,,,,,,,,,,,,,,,,,,,,,,,,,,,,,,,,,,,,,,,,,,,,,,,,,,,"206 421,398","0,000","206 421,398",,,,,,,,,
CARTE,27,1,,,,,,,,,,,,,,,,,,,,,,,,,,,,,,,,,,,,,,,,,,,,,,,,,,,,,,,,,,,,,,,,,,,,,,,,,,,,,,,
CARTE,27,1,,,Résultat technique,,,,,,,,,,,,,,,,,,,,,,,,,,,,,,,,,,,,,,,,,,,,,,,,,,,,,,,,,,,,,,,,,"12 171 642,216","-631 207,690","11 540 434,526",,,,,,,,,
CARTE,27,1,,,,,,,,,,,,,,,,,,,,,,,,,,,,,,,,,,,,,,,,,,,,,,,,,,,,,,,,,,,,,,,,,,,,,,,,,,,,,,,
CARTE,27,1,,,,,,,,,,,,,,,,,,,,,,,,,,,,,,,,,,,,,,,,,,,,,,,,,,,,,,,,,,,,,,,,,,,,,,,,,,,,,,,
CARTE,27,1,,,Informations complémentaires,,,,,,,,,,,,,,,,,,,,,,,,,,,,,,,,,,,,,,,,,,,,,,,,,,,,,,,,,,,,,,,,,,,,,,,,,,,,
CARTE,27,1,,,Montant des rachats,,,,,,,,,,,,,,,,,,,,,,,,,,,,,,,,,,,,,,,,,,,,,,,,,,,,,,,,,,,,,,,,,,,,,,,,,,,,
CARTE,27,1,,,Intérêts techniques bruts de l'exercice,,,,,,,,,,,,,,,,,,,,,,,,,,,,,,,,,,,,,,,,,,,,,,,,,,,,,,,,,,,,,,,,,,,,,,,,,,,,
CARTE,27,1,,,Provisions techniques brutes à la clôture,,,,,,,,,,,,,,,,,,,,,,,,,,,,,,,,,,,,,,,,,,,,,,,,,,,,,,,,,,,,,,,,,"62 084 703,983","366 562 691,950","428 647 395,933",,,,,,,,,
CARTE,27,1,,,Provisions techniques brutes à l'ouverture (*),,,,,,,,,,,,,,,,,,,,,,,,,,,,,,,,,,,,,,,,,,,,,,,,,,,,,,,,,,,,,,,,,"71 115 256,961","299 834 797,722","370 950 054,682",,,,,,,,,
CARTE,27,1,,,,,,,,,,,,,,,,,,,,,,,,,,,,,,,,,,,,,,,,,,,,,,,,,,,,,,,,,,,,,,,,,,,,,,,,,,,,,,,
CARTE,27,1,,,,,,,,,,,,,,,,,,,,,,,,,,,,,,,,,,,,,,,,,,,,,,,,,,,,,,,,,,,,,,,,,,,,,,,,,,,,,,,
CARTE,27,1,,,A déduire,,,,,,,,,,,,,,,,,,,,,,,,,,,,,,,,,,,,,,,,,,,,,,,,,,,,,,,,,,,,,,,,,,,,,,,,,,,,
CARTE,27,1,,,Provisions devenues exigibles,,,,,,,,,,,,,,,,,,,,,,,,,,,,,,,,,,,,,,,,,,,,,,,,,,,,,,,,,,,,,,,,,,,,,,,,,,,,
CARTE,27,1,,,,,,,,,,,,,,,,,,,,,,,,,,,,,,,,,,,,,,,,,,,,,,,,,,,,,,,,,,,,,,,,,,,,,,,,,,,,,,,
CARTE,28,1,,,,RAPPORT GENERAL,,,,,,,,,,,,,,,,,,,,,,,,,,,,,,,,,,,,,,,,,,,,,,,,,,,,,,,,,,,,,,,,,,,,,,,,,,,
CARTE,28,1,,,,,,,,,,,,,,,,,,,,,,,,,,,,,,,,,,,,,,,,,,,,,,,,,,,,,,,,,,,,,,,,,,,,,,,,,,,,,,,
CARTE,33,1,,,,RAPPORT SPECIAL,,,,,,,,,,,,,,,,,,,,,,,,,,,,,,,,,,,,,,,,,,,,,,,,,,,,,,,,,,,,,,,,,,,,,,,,,,,
CARTE,33,1,,,,,,,,,,,,,,,,,,,,,,,,,,,,,,,,,,,,,,,,,,,,,,,,,,,,,,,,,,,,,,,,,,,,,,,,,,,,,,,
CARTE,34,1,,,,,,,,,,,,,,,,,,,,,,,,,,,,,,,,,,,,,,,,,,,,,,,,,,,,,,,,,,,,,,,,,,,,,,,PL / BTA 115,17/03/2025,29/01/2026,"1 078 492,732",318,"8,74%","83 263,234","65 926,232",
CARTE,34,1,,,,,,,,,,,,,,,,,,,,,,,,,,,,,,,,,,,,,,,,,,,,,,,,,,,,,,,,,,,,,,,,,,,,,,,PL / BTA 103,11/04/2025,22/01/2026,"961 223,228",286,"8,91%","68 040,186","49 212,628",
CARTE,34,1,,,,,,,,,,,,,,,,,,,,,,,,,,,,,,,,,,,,,,,,,,,,,,,,,,,,,,,,,,,,,,,,,,,,,,,PL / BTA 89,16/09/2025,16/03/2026,"155 503,809",181,"8,50%","6 645,628","1 929,963",
CARTE,34,1,,,,,,,,,,,,,,,,,,,,,,,,,,,,,,,,,,,,,,,,,,,,,,,,,,,,,,,,,,,,,,,,,,,,,,,"PL / EMP NAT
2024 T3",16/09/2025,16/03/2026,"9 844 710,740",181,"8,50%","420 724,652","122 183,050",
CARTE,34,1,,,,,,,,,,,,,,,,,,,,,,,,,,,,,,,,,,,,,,,,,,,,,,,,,,,,,,,,,,,,,,,,,,,,,,,TOTAL 15 961 982 881 469 479 000,,,,,,,,
CARTE,36,1,,,"exceptionnelle, pour un montant net de 300 000 Dinars, et ce, en vertu de la décision du conseil d’administration",,,,,,,,,,,,,,,,,,,,,,,,,,,,,,,,,,,,,,,,,,,,,,,,,,,,,,,,,,,,,,,,,,,,,,,,,,,,
CARTE,36,1,,,du 30 Juin 2025.,,,,,,,,,,,,,,,,,,,,,,,,,,,,,,,,,,,,,,,,,,,,,,,,,,,,,,,,,,,,,,,,,,,,,,,,,,,,
