societe,page,table_num,"ACTIFS
(En Dinars Tunisien)",col,col_2,col_3,col_4,col_5,col_6,col_7,col_8,col_9,col_10,col_11,col_12,CAPITAUX PROPRES & PASSIFS,ETAT DE RESULTAT TECHNIQUE DE L'ASSURANCE VIE ET/OU DE LA REASSURANCE VIE,col_13,col_14,Cessions et,Opérations,Opérations nettes,"ETAT DE RESULTAT
(En Dinars Tunisien)",Tableau des engagements reçus et donnés,"ETAT DE FUX DE TRESORERIE
(En Dinars Tunisien)",ETAT DE FUX DE TRESORERIE,Montant,Décaissements provenant de l'acquisition de placements auprès d'entreprises liées ou avec lien de,Désignation,Valeur brute,Taux,Amortissement,Valeur nette,"Valeur brute
2025",Provision,"Valeur nette
2025","Valeur nette
2024",2025,2024,Variation,%,Désignations,Parties liées,Souscriptions,Amortissements,"Solde
clôture","Coupons
bruts",Solde,Coupons,Intérêts,Rachats,Plus-value,Règlements,Solde clôture,"Commissions passées
en charges",Montant passé en,Montant passé en charges,"Montant passé en
charges",Règlements PMD,"Annexe N°8
Mouvements ayant affecté les éléments de l'actifs",col_15,col_16,col_17,col_18,col_19,col_20,col_21,col_22,col_23,col_24,col_25,col_26,col_27,col_28,col_29,col_30,col_31,col_32,col_33,col_34,col_35,col_36,col_37,col_38,col_39,col_40,col_41,V.C.N. à,la,V.C.N. à la,"Valeur
brute","Valeur
nette","Juste
valeur","Plus ou
moins
value
latente",Année d'inventaire,"Exercice de
survenance","Exercice de
survenance_2","Exercice de
survenance_3","Exercice de
survenance_4","Exercice de
survenance_5","Exercice de
survenance_6","Exercice de
survenance_7","Exercice de
survenance_8","Exercice de
survenance_9","Exercice de
survenance_10","Exercice de
survenance_11",Exercice de survenance,"Revenus et frais
financiers
concernant les
placements dans
des entreprises liées
et avec lien de
participations","Autres
revenus et
frais
financiers",Total,Exercice,Raccordement,"Président Du Conseil
D'administration",Directeur Général
Etat financier ATIJARI ASSURANCES 2025,2,1,DESIGNATION,Au 31/12/2025,,,,,,Au 31/12/2024,,,,,,,,,,,,,,,,,,,,,,,,,,,,,,,,,,,,,,,,,,,,,,,,,,,,,,,,,,,,,,,,,,,,,,,,,,,,,,,,,,,,,,,,,,,,,,,,,,,,,,,,
Etat financier ATIJARI ASSURANCES 2025,2,1,,Montant Brut,Amort. & Prov.,,Montant Net,,Montant Brut,,"Amort. &
Prov.",,,Montant Net,,,,,,,,,,,,,,,,,,,,,,,,,,,,,,,,,,,,,,,,,,,,,,,,,,,,,,,,,,,,,,,,,,,,,,,,,,,,,,,,,,,,,,,,,,,,,,,,,,,,
Etat financier ATIJARI ASSURANCES 2025,2,1,"AC1 Actifs incorporels
AC11 Investissements de recherche et développement
AC12 Concessions, brevets, licences, marques
AC13 Fonds commercial
AC14 Acomptes versés
AC2 Actifs corporels d'exploitation
AC21 Installations techniques & machines
AC22 Autres installations, outil et mobilier
AC23 Acomptes versés et Immobilisations corporelles en cours
AC3 Placements
AC31 Terrains et constructions
AC311 Terrains et constructions d'exploitation
AC 312 Terrains et constructions hors exploitation
AC 32 Placements dans les entreprises liées et participations
AC33 Autres placements financiers
AC331 Actions, autres titres à revenu variable et part dans des FCP
AC332 Obligations et autres titres à revenu fixe
AC 333 Prêts hypothécaires
AC334 Autres prêts
AC335Dépôts auprès des établissements bancaires et financiers
AC336 Autres
AC34 Créances pour espèces déposées auprès des entreprises cédantes
AC4 Placements représentant les provisions techniques afférentes aux
contrats en unité de compte
AC5 Part des réassureurs dans les provisions techniques
AC510 Provision pour primes non acquises et primes à annuler
AC520 Provision d'assurance vie
AC530 Provision pour sinistres (Vie)
AC540 Provision pour participation aux bénéfices et ristournes (Vie)
AC550 Provision d'égalisation et d'équilibrage
AC560 Autres Provision.techniques (Vie)
AC570 Provisons techniques des contrats en unités de compte
AC6 Créances
AC61 Créances nées d’opérations d'assurance directe
AC611 Primes acquises et non émises
AC612 Autres créances nées d'opération d'assurance directe
AC613 Créances indemnisées subrogées à l'entreprise d'assurance
AC62 Créances nées d’opérations de réassurance
AC63 Autres créances
AC631 Personnel
AC632 Etat, organismes de sécurité sociale, collectivités publiques
AC633 Débiteurs divers
AC64 Créances sur ressources spéciales
AC7 Autres éléments d'actif
AC 71 Avoirs en banque, CCP, chèques et caisse
AC72 Charges reportées
AC721 Frais d'Acquisition reportés
AC722 Autres charges a répartir
AC73 Comptes de régularisation Actif
AC731 Intérêts et loyers acquis non échues
AC732 Estimation de réassurance-acceptation
AC733 Autres comptes de régularisation
AC74 Ecart de conversion
AC75 Autres","0
1 230 334
0
0","0
861 798
0
0",,"0
368 536
0
0",,"0
1 150 178
0
0",,"0
709 613
0
0",,,"0
440 565
0
0",,,,,,,,,,,,,,,,,,,,,,,,,,,,,,,,,,,,,,,,,,,,,,,,,,,,,,,,,,,,,,,,,,,,,,,,,,,,,,,,,,,,,,,,,,,,,,,,,,,,
Etat financier ATIJARI ASSURANCES 2025,2,1,,1 230 334,861 798,,368 536,,1 150 178,,709 613,,,440 565,,,,,,,,,,,,,,,,,,,,,,,,,,,,,,,,,,,,,,,,,,,,,,,,,,,,,,,,,,,,,,,,,,,,,,,,,,,,,,,,,,,,,,,,,,,,,,,,,,,,
Etat financier ATIJARI ASSURANCES 2025,2,1,,"3 897 684
0
3 897 684
0","2 564 299
0
2 564 299
0",,"1 333 385
0
1 333 385
0",,"3 479 242
0
3 479 242
0",,"1 859 904
0
1 859 904
0",,,"1 619 338
0
1 619 338
0",,,,,,,,,,,,,,,,,,,,,,,,,,,,,,,,,,,,,,,,,,,,,,,,,,,,,,,,,,,,,,,,,,,,,,,,,,,,,,,,,,,,,,,,,,,,,,,,,,,,
Etat financier ATIJARI ASSURANCES 2025,2,1,,3 897 684,2 564 299,,1 333 385,,3 479 242,,1 859 904,,,1 619 338,,,,,,,,,,,,,,,,,,,,,,,,,,,,,,,,,,,,,,,,,,,,,,,,,,,,,,,,,,,,,,,,,,,,,,,,,,,,,,,,,,,,,,,,,,,,,,,,,,,,
Etat financier ATIJARI ASSURANCES 2025,2,1,,"44 811 318
40 127 708
4 683 610
0
854 440 965
34 821 046
733 596 597
0
86 014 322
0
9 000
0","2 053 734
161 720
1 892 014
0
6 522 304
6 522 304
0
0
0
0
0
0",,"42 757 584
39 965 988
2 791 596
0
847 918 661
28 298 742
733 596 597
0
86 014 322
0
9 000
0",,"42 843 823
42 843 823
0
0
717 452 777
25 934 790
606 035 842
0
85 473 145
0
9 000
0",,"1 753 536
1 753 536
0
0
6 500 526
6 500 526
0
0
0
0
0
0",,,"41 090 287
41 090 287
0
0
710 952 251
19 434 264
606 035 842
0
85 473 145
0
9 000
0",,,,,,,,,,,,,,,,,,,,,,,,,,,,,,,,,,,,,,,,,,,,,,,,,,,,,,,,,,,,,,,,,,,,,,,,,,,,,,,,,,,,,,,,,,,,,,,,,,,,
Etat financier ATIJARI ASSURANCES 2025,2,1,,899 252 283,8 576 038,,890 676 245,,760 296 600,,8 254 062,,,752 042 538,,,,,,,,,,,,,,,,,,,,,,,,,,,,,,,,,,,,,,,,,,,,,,,,,,,,,,,,,,,,,,,,,,,,,,,,,,,,,,,,,,,,,,,,,,,,,,,,,,,,
Etat financier ATIJARI ASSURANCES 2025,2,1,,0,0,,0,,0,,0,,,0,,,,,,,,,,,,,,,,,,,,,,,,,,,,,,,,,,,,,,,,,,,,,,,,,,,,,,,,,,,,,,,,,,,,,,,,,,,,,,,,,,,,,,,,,,,,,,,,,,,,
Etat financier ATIJARI ASSURANCES 2025,2,1,,"0
70 664
1 297 091
0
0
0
0","0
0
0
0
0
0
0",,"0
70 664
1 297 091
0
0
0
0",,"0
81 426
1 023 578
0
0
0
0",,"0
0
0
0
0
0
0",,,"0
81 426
1 023 578
0
0
0
0",,,,,,,,,,,,,,,,,,,,,,,,,,,,,,,,,,,,,,,,,,,,,,,,,,,,,,,,,,,,,,,,,,,,,,,,,,,,,,,,,,,,,,,,,,,,,,,,,,,,
Etat financier ATIJARI ASSURANCES 2025,2,1,,1 367 755,0,,1 367 755,,1 105 004,,0,,,1 105 004,,,,,,,,,,,,,,,,,,,,,,,,,,,,,,,,,,,,,,,,,,,,,,,,,,,,,,,,,,,,,,,,,,,,,,,,,,,,,,,,,,,,,,,,,,,,,,,,,,,,
Etat financier ATIJARI ASSURANCES 2025,2,1,,"17 812 479
17 812 479
0
0
1 477 610
13 555 374
730 546
10 701 629
2 123 199
0","0
0
0
0
0
0
0
0
0
0",,"17 812 479
17 812 479
0
0
1 477 610
13 555 374
730 546
10 701 629
2 123 199
0",,"18 249 275
18 249 275
0
0
1 362 934
8 075 388
569 766
6 777 467
728 155
0",,"0
0
0
0
0
0
0
0
0
0",,,"18 249 275
18 249 275
0
0
1 362 934
8 075 388
569 766
6 777 467
728 155
0",,,,,,,,,,,,,,,,,,,,,,,,,,,,,,,,,,,,,,,,,,,,,,,,,,,,,,,,,,,,,,,,,,,,,,,,,,,,,,,,,,,,,,,,,,,,,,,,,,,,
Etat financier ATIJARI ASSURANCES 2025,2,1,,32 845 463,0,,32 845 463,,27 687 597,,0,,,27 687 597,,,,,,,,,,,,,,,,,,,,,,,,,,,,,,,,,,,,,,,,,,,,,,,,,,,,,,,,,,,,,,,,,,,,,,,,,,,,,,,,,,,,,,,,,,,,,,,,,,,,
Etat financier ATIJARI ASSURANCES 2025,2,1,,"47 663 060
0
0
0
49 197 286
48 693 826
0
503 460
0
0","0
0
0
0
0
0
0
0
0
0",,"47 663 060
0
0
0
49 197 286
48 693 826
0
503 460
0
0",,"97 137 703
0
0
0
40 166 691
39 601 970
0
564 721
0
0",,"0
0
0
0
0
0
0
0
0
0",,,"97 137 703
0
0
0
40 166 691
39 601 970
0
564 721
0
0",,,,,,,,,,,,,,,,,,,,,,,,,,,,,,,,,,,,,,,,,,,,,,,,,,,,,,,,,,,,,,,,,,,,,,,,,,,,,,,,,,,,,,,,,,,,,,,,,,,,
Etat financier ATIJARI ASSURANCES 2025,2,1,,96 860 346,0,,96 860 346,,137 304 394,,0,,,137 304 394,,,,,,,,,,,,,,,,,,,,,,,,,,,,,,,,,,,,,,,,,,,,,,,,,,,,,,,,,,,,,,,,,,,,,,,,,,,,,,,,,,,,,,,,,,,,,,,,,,,,
Etat financier ATIJARI ASSURANCES 2025,2,1,Total,1 035 453 865,,12 002 135,,1 023 451 730,,931 023 015,,10 823 579,,,920 199 435,,,,,,,,,,,,,,,,,,,,,,,,,,,,,,,,,,,,,,,,,,,,,,,,,,,,,,,,,,,,,,,,,,,,,,,,,,,,,,,,,,,,,,,,,,,,,,,,,,,
Etat financier ATIJARI ASSURANCES 2025,3,1,,,,,,,,,,,,,,(En Dinars Tunisien),,,,,,,,,,,,,,,,,,,,,,,,,,,,,,,,,,,,,,,,,,,,,,,,,,,,,,,,,,,,,,,,,,,,,,,,,,,,,,,,,,,,,,,,,,,,,,,,,,
Etat financier ATIJARI ASSURANCES 2025,3,1,,,,,,,,,,,,,,,,,,,,,,,,,,,,,,,,,,,,,,,,,,,,,,,,,,,,,,,,,,,,,,,,,,,,,,,,,,,,,,,,,,,,,,,,,,,,,,,,,,,,,,,,,,,,,,,,
Etat financier ATIJARI ASSURANCES 2025,3,1,,,,,,,,,,,,,,,,,,,,,,,,,,,,,,,,,,,,,,,,,,,,,,,,,,,,,,,,,,,,,,,,,,,,,,,,,,,,,,,,,,,,,,,,,,,,,,,,,,,,,,,,,,,,,,,,
Etat financier ATIJARI ASSURANCES 2025,3,1,,DESIGNATION,,,MONTANT,,,MONTANT,,,,,,,,,,,,,,,,,,,,,,,,,,,,,,,,,,,,,,,,,,,,,,,,,,,,,,,,,,,,,,,,,,,,,,,,,,,,,,,,,,,,,,,,,,,,,,,,,,,,,,,,
Etat financier ATIJARI ASSURANCES 2025,3,1,,,,,2025,,,2024,,,,,,,,,,,,,,,,,,,,,,,,,,,,,,,,,,,,,,,,,,,,,,,,,,,,,,,,,,,,,,,,,,,,,,,,,,,,,,,,,,,,,,,,,,,,,,,,,,,,,,,,
Etat financier ATIJARI ASSURANCES 2025,3,1,,"Capitaux Propres
CP1 Capital social
CP2 Réserves et primes liées au capital social
CP3 Rachat d'actions propres
CP4 Autres capitaux propres
CP5 Résultat reporté
Total capitaux propres avant résultat de l'exercice
CP6 Résultat Exercice
Total capitaux propres avant affectation
Passifs
PA1 Autres passifs financiers
PA11 Emprunts obligataires
PA12 TCN émis par l'entreprise
PA13 Autres Emprunts
PA14 Dettes envers les établissements bancaires et financiers
PA2 Provisions pour autres risques et Charges
PA21 Provision pour pensions et obligations similaires
PA22 Provision pour impôts
PA23 Autres Provisions
PA3 Provisions techniques brutes
PA310 Provision pour primes non acquises
PA320 Provision d'assurances vie
PA330 Provision pour sinistres ( Vie )
PA340 Provision pour participation aux bénéfices et ristournes ( Vie )
PA350 Provision d'égalisation et d'équilibrage
PA360 Autres provisions techniques ( Vie )
PA4 Provisions techniques de contrats en unités de compte
PA5 Dettes pour dépôts en espèces reçus des cessionnaires
PA6 Autres dettes
PA61 Dettes nées d'opérations d'assurance directe
PA62 Dettes nées d'opérations de réeassurance
PA621 Parts des réassureurs dans les créances indemnisées subrogées à l'entreprise d'assurance
PA622 Autres
PA63 Autres dettes
PA631 Dépôts et cautionnements reçus
PA632 Personnel
PA633 Etat, organismes de sécurité sociale, collectivités publiques
PA634 Créditeurs divers
PA64 Ressources spéciales
PA7 Autres passifs
PA71 Comptes de régularisations Passif
PA710 Report de commissions reçues des réassureurs
PA711 Estimation de réassurance-rétrocession
PA712 Autres comptes de régularisation Passif
PA72 Ecart de conversion
Total du passif",,"10 000 000
1 000 000
0
0
49 406 701",,,"10 000 000
1 000 000
0
0
45 296 484",,,,,,,,,,,,,,,,,,,,,,,,,,,,,,,,,,,,,,,,,,,,,,,,,,,,,,,,,,,,,,,,,,,,,,,,,,,,,,,,,,,,,,,,,,,,,,,,,,,,,,,,,
Etat financier ATIJARI ASSURANCES 2025,3,1,,,,60 406 701,,,56 296 484,,,,,,,,,,,,,,,,,,,,,,,,,,,,,,,,,,,,,,,,,,,,,,,,,,,,,,,,,,,,,,,,,,,,,,,,,,,,,,,,,,,,,,,,,,,,,,,,,,,,,,,,,
Etat financier ATIJARI ASSURANCES 2025,3,1,,,,12 805 091,,,11 900 218,,,,,,,,,,,,,,,,,,,,,,,,,,,,,,,,,,,,,,,,,,,,,,,,,,,,,,,,,,,,,,,,,,,,,,,,,,,,,,,,,,,,,,,,,,,,,,,,,,,,,,,,,
Etat financier ATIJARI ASSURANCES 2025,3,1,,,,73 211 792,,,68 196 702,,,,,,,,,,,,,,,,,,,,,,,,,,,,,,,,,,,,,,,,,,,,,,,,,,,,,,,,,,,,,,,,,,,,,,,,,,,,,,,,,,,,,,,,,,,,,,,,,,,,,,,,,
Etat financier ATIJARI ASSURANCES 2025,3,1,,,,"0
0
0
0",,,"0
0
0
0",,,,,,,,,,,,,,,,,,,,,,,,,,,,,,,,,,,,,,,,,,,,,,,,,,,,,,,,,,,,,,,,,,,,,,,,,,,,,,,,,,,,,,,,,,,,,,,,,,,,,,,,,
Etat financier ATIJARI ASSURANCES 2025,3,1,,,,0,,,0,,,,,,,,,,,,,,,,,,,,,,,,,,,,,,,,,,,,,,,,,,,,,,,,,,,,,,,,,,,,,,,,,,,,,,,,,,,,,,,,,,,,,,,,,,,,,,,,,,,,,,,,,
Etat financier ATIJARI ASSURANCES 2025,3,1,,,,"0
0
738 693",,,"0
0
619 493",,,,,,,,,,,,,,,,,,,,,,,,,,,,,,,,,,,,,,,,,,,,,,,,,,,,,,,,,,,,,,,,,,,,,,,,,,,,,,,,,,,,,,,,,,,,,,,,,,,,,,,,,
Etat financier ATIJARI ASSURANCES 2025,3,1,,,,738 693,,,619 493,,,,,,,,,,,,,,,,,,,,,,,,,,,,,,,,,,,,,,,,,,,,,,,,,,,,,,,,,,,,,,,,,,,,,,,,,,,,,,,,,,,,,,,,,,,,,,,,,,,,,,,,,
Etat financier ATIJARI ASSURANCES 2025,3,1,,,,"0
873 233 459
24 537 531
23 316 950
11 256
0",,,"0
783 495 737
16 796 795
22 168 690
15 956
0",,,,,,,,,,,,,,,,,,,,,,,,,,,,,,,,,,,,,,,,,,,,,,,,,,,,,,,,,,,,,,,,,,,,,,,,,,,,,,,,,,,,,,,,,,,,,,,,,,,,,,,,,
Etat financier ATIJARI ASSURANCES 2025,3,1,,,,921 099 196,,,822 477 178,,,,,,,,,,,,,,,,,,,,,,,,,,,,,,,,,,,,,,,,,,,,,,,,,,,,,,,,,,,,,,,,,,,,,,,,,,,,,,,,,,,,,,,,,,,,,,,,,,,,,,,,,
Etat financier ATIJARI ASSURANCES 2025,3,1,,,,,,,,,,,,,,,,,,,,,,,,,,,,,,,,,,,,,,,,,,,,,,,,,,,,,,,,,,,,,,,,,,,,,,,,,,,,,,,,,,,,,,,,,,,,,,,,,,,,,,,,,,,,,,,,
Etat financier ATIJARI ASSURANCES 2025,3,1,,,,0,,,0,,,,,,,,,,,,,,,,,,,,,,,,,,,,,,,,,,,,,,,,,,,,,,,,,,,,,,,,,,,,,,,,,,,,,,,,,,,,,,,,,,,,,,,,,,,,,,,,,,,,,,,,,
Etat financier ATIJARI ASSURANCES 2025,3,1,,,,,,,,,,,,,,,,,,,,,,,,,,,,,,,,,,,,,,,,,,,,,,,,,,,,,,,,,,,,,,,,,,,,,,,,,,,,,,,,,,,,,,,,,,,,,,,,,,,,,,,,,,,,,,,,
Etat financier ATIJARI ASSURANCES 2025,3,1,,,,1 368 476,,,1 093 222,,,,,,,,,,,,,,,,,,,,,,,,,,,,,,,,,,,,,,,,,,,,,,,,,,,,,,,,,,,,,,,,,,,,,,,,,,,,,,,,,,,,,,,,,,,,,,,,,,,,,,,,,
Etat financier ATIJARI ASSURANCES 2025,3,1,,,,"7 376 568
0
0
0
3 827 867
0
3 527
299 407
3 524 933
0",,,"13 628 412
0
0
0
1 289 979
0
2 141
740 920
546 918
0",,,,,,,,,,,,,,,,,,,,,,,,,,,,,,,,,,,,,,,,,,,,,,,,,,,,,,,,,,,,,,,,,,,,,,,,,,,,,,,,,,,,,,,,,,,,,,,,,,,,,,,,,
Etat financier ATIJARI ASSURANCES 2025,3,1,,,,11 204 435,,,14 918 391,,,,,,,,,,,,,,,,,,,,,,,,,,,,,,,,,,,,,,,,,,,,,,,,,,,,,,,,,,,,,,,,,,,,,,,,,,,,,,,,,,,,,,,,,,,,,,,,,,,,,,,,,
Etat financier ATIJARI ASSURANCES 2025,3,1,,,,"15 829 138
0
0
15 829 138
0",,,"12 894 449
0
0
12 894 449
0",,,,,,,,,,,,,,,,,,,,,,,,,,,,,,,,,,,,,,,,,,,,,,,,,,,,,,,,,,,,,,,,,,,,,,,,,,,,,,,,,,,,,,,,,,,,,,,,,,,,,,,,,
Etat financier ATIJARI ASSURANCES 2025,3,1,,,,15 829 138,,,12 894 449,,,,,,,,,,,,,,,,,,,,,,,,,,,,,,,,,,,,,,,,,,,,,,,,,,,,,,,,,,,,,,,,,,,,,,,,,,,,,,,,,,,,,,,,,,,,,,,,,,,,,,,,,
Etat financier ATIJARI ASSURANCES 2025,3,1,,,,,,,,,,,,,,,,,,,,,,,,,,,,,,,,,,,,,,,,,,,,,,,,,,,,,,,,,,,,,,,,,,,,,,,,,,,,,,,,,,,,,,,,,,,,,,,,,,,,,,,,,,,,,,,,
Etat financier ATIJARI ASSURANCES 2025,3,1,,,,950 239 938,,,852 002 733,,,,,,,,,,,,,,,,,,,,,,,,,,,,,,,,,,,,,,,,,,,,,,,,,,,,,,,,,,,,,,,,,,,,,,,,,,,,,,,,,,,,,,,,,,,,,,,,,,,,,,,,,
Etat financier ATIJARI ASSURANCES 2025,3,1,,,,,,,,,,,,,,,,,,,,,,,,,,,,,,,,,,,,,,,,,,,,,,,,,,,,,,,,,,,,,,,,,,,,,,,,,,,,,,,,,,,,,,,,,,,,,,,,,,,,,,,,,,,,,,,,
Etat financier ATIJARI ASSURANCES 2025,3,1,,,,,1 023 451 730,,,920 199 435,,,,,,Total des capitaux propres et du passif,,,,,,,,,,,,,,,,,,,,,,,,,,,,,,,,,,,,,,,,,,,,,,,,,,,,,,,,,,,,,,,,,,,,,,,,,,,,,,,,,,,,,,,,,,,,,,,,,,
Etat financier ATIJARI ASSURANCES 2025,4,1,,,,,,,,,,,,,,,(En Dinars Tunisien),,,,,,,,,,,,,,,,,,,,,,,,,,,,,,,,,,,,,,,,,,,,,,,,,,,,,,,,,,,,,,,,,,,,,,,,,,,,,,,,,,,,,,,,,,,,,,,,,
Etat financier ATIJARI ASSURANCES 2025,4,1,,DESIGNATION,,"Opérations
brutes 2025",,,"Cessions et
/ou
rétrocessions
2025",,,"Opérations nettes
2025",,,Opérations nettes 2024,,,,,,,,,,,,,,,,,,,,,,,,,,,,,,,,,,,,,,,,,,,,,,,,,,,,,,,,,,,,,,,,,,,,,,,,,,,,,,,,,,,,,,,,,,,,,,,,,,,
Etat financier ATIJARI ASSURANCES 2025,4,1,,"PRV1 Primes
PRV11 Primes émises et acceptées +
PRV2 Produits de Placements
PRV21 Revenus des placements +
PRV22 Produits des autres placements +
sous total 2a
PRV23 Reprises de corrections de valeur sur placements +
PRV24 Profits provenant de la réalisation des placements et de
+
change
sous total 2
PRV3 Plus values non réalisées sur placements +
PRV4 Autres produits techniques +
CHV1 Charge de sinistres
CHV11 Montants payés -
CHV12 Variation de la provision pour sinistres +/-
sous total 3
CHV2 Variation des Autres Provisions
CHV21 Provisions d'assurance vie +/-
CHV22 Autres provisions techniques +/-
CHV23 Provision sur contrats en unité de compte +/-
sous total 4
CHV3 Participation aux bénéfices et ristournes
CHV4 Frais d'exploitation
CHV41 Frais d'acquisition -
CHV42 Variation du montant des frais d'acquisition reportés +/-
CHV43 Frais d'administration -
CHV44 Commissions reçues des réassureurs +
sous total 5
CHV5 Autres Charges techniques -
CHV9 Charges de placements
CHV91 Charges de gestion des placements, y compris les charges
-
d'intérêt
CHV92 Correction de valeur sur placements -
CHV93 Pertes provenant de la réalisation des placements -
sous total 6
CHV10 Moins values non réalisées sur placements -
CHV12 Produits de placements alloués, transférés à l'état de
-
résultat",,,,,,,,167 805 448,,,141 663 231,,,,,,,,,,,,,,,,,,,,,,,,,,,,,,,,,,,,,,,,,,,,,,,,,,,,,,,,,,,,,,,,,,,,,,,,,,,,,,,,,,,,,,,,,,,,,,,,,,,
Etat financier ATIJARI ASSURANCES 2025,4,1,,,,,168 582 816,,,777 368,,,,,,,,,,,,,,,,,,,,,,,,,,,,,,,,,,,,,,,,,,,,,,,,,,,,,,,,,,,,,,,,,,,,,,,,,,,,,,,,,,,,,,,,,,,,,,,,,,,,,,,,
Etat financier ATIJARI ASSURANCES 2025,4,1,,,,,,,,,,,,,,,,,,,,,,,,,,,,,,,,,,,,,,,,,,,,,,,,,,,,,,,,,,,,,,,,,,,,,,,,,,,,,,,,,,,,,,,,,,,,,,,,,,,,,,,,,,,,,,,,
Etat financier ATIJARI ASSURANCES 2025,4,1,,,,,,,,,,,,,,,,,,,,,,,,,,,,,,,,,,,,,,,,,,,,,,,,,,,,,,,,,,,,,,,,,,,,,,,,,,,,,,,,,,,,,,,,,,,,,,,,,,,,,,,,,,,,,,,,
Etat financier ATIJARI ASSURANCES 2025,4,1,,,,,72 370 063,,,0,,"72 370 063
0",,,"64 386 238
0",,,,,,,,,,,,,,,,,,,,,,,,,,,,,,,,,,,,,,,,,,,,,,,,,,,,,,,,,,,,,,,,,,,,,,,,,,,,,,,,,,,,,,,,,,,,,,,,,,,
Etat financier ATIJARI ASSURANCES 2025,4,1,,,,,0,,,0,,,,,,,,,,,,,,,,,,,,,,,,,,,,,,,,,,,,,,,,,,,,,,,,,,,,,,,,,,,,,,,,,,,,,,,,,,,,,,,,,,,,,,,,,,,,,,,,,,,,,,,,
Etat financier ATIJARI ASSURANCES 2025,4,1,,,,,240 952 879,,,777 368,,,240 175 511,,,,,206 049 469,,,,,,,,,,,,,,,,,,,,,,,,,,,,,,,,,,,,,,,,,,,,,,,,,,,,,,,,,,,,,,,,,,,,,,,,,,,,,,,,,,,,,,,,,,,,,,,,
Etat financier ATIJARI ASSURANCES 2025,4,1,,,,,0,,,0,,"0
0",,,"0
0",,,,,,,,,,,,,,,,,,,,,,,,,,,,,,,,,,,,,,,,,,,,,,,,,,,,,,,,,,,,,,,,,,,,,,,,,,,,,,,,,,,,,,,,,,,,,,,,,,,
Etat financier ATIJARI ASSURANCES 2025,4,1,,,,0,,,0,,,,,,,,,,,,,,,,,,,,,,,,,,,,,,,,,,,,,,,,,,,,,,,,,,,,,,,,,,,,,,,,,,,,,,,,,,,,,,,,,,,,,,,,,,,,,,,,,,,,,,,,,
Etat financier ATIJARI ASSURANCES 2025,4,1,,,,,240 952 879,,,777 368,,,240 175 511,,,,,206 049 469,,,,,,,,,,,,,,,,,,,,,,,,,,,,,,,,,,,,,,,,,,,,,,,,,,,,,,,,,,,,,,,,,,,,,,,,,,,,,,,,,,,,,,,,,,,,,,,,
Etat financier ATIJARI ASSURANCES 2025,4,1,,,,,,,,,,,,,,,,,,,,,,,,,,,,,,,,,,,,,,,,,,,,,,,,,,,,,,,,,,,,,,,,,,,,,,,,,,,,,,,,,,,,,,,,,,,,,,,,,,,,,,,,,,,,,,,,
Etat financier ATIJARI ASSURANCES 2025,4,1,,,,,0,,,0,,0,,,0,,,,,,,,,,,,,,,,,,,,,,,,,,,,,,,,,,,,,,,,,,,,,,,,,,,,,,,,,,,,,,,,,,,,,,,,,,,,,,,,,,,,,,,,,,,,,,,,,,,
Etat financier ATIJARI ASSURANCES 2025,4,1,,,,,953 707,,,0,,953 707,,,1 006 972,,,,,,,,,,,,,,,,,,,,,,,,,,,,,,,,,,,,,,,,,,,,,,,,,,,,,,,,,,,,,,,,,,,,,,,,,,,,,,,,,,,,,,,,,,,,,,,,,,,
Etat financier ATIJARI ASSURANCES 2025,4,1,,,,,,,,,,"97 902 928
2 532 277",,,"87 003 902
2 205 749",,,,,,,,,,,,,,,,,,,,,,,,,,,,,,,,,,,,,,,,,,,,,,,,,,,,,,,,,,,,,,,,,,,,,,,,,,,,,,,,,,,,,,,,,,,,,,,,,,,
Etat financier ATIJARI ASSURANCES 2025,4,1,,,,,98 565 089,,,662 161,,,,,,,,,,,,,,,,,,,,,,,,,,,,,,,,,,,,,,,,,,,,,,,,,,,,,,,,,,,,,,,,,,,,,,,,,,,,,,,,,,,,,,,,,,,,,,,,,,,,,,,,
Etat financier ATIJARI ASSURANCES 2025,4,1,,,,,2 805 790,,,273 513,,,,,,,,,,,,,,,,,,,,,,,,,,,,,,,,,,,,,,,,,,,,,,,,,,,,,,,,,,,,,,,,,,,,,,,,,,,,,,,,,,,,,,,,,,,,,,,,,,,,,,,,
Etat financier ATIJARI ASSURANCES 2025,4,1,,,,,101 370 879,,,935 674,,,100 435 205,,,,,89 209 651,,,,,,,,,,,,,,,,,,,,,,,,,,,,,,,,,,,,,,,,,,,,,,,,,,,,,,,,,,,,,,,,,,,,,,,,,,,,,,,,,,,,,,,,,,,,,,,,
Etat financier ATIJARI ASSURANCES 2025,4,1,,,,,,,,,,"95 849 201
0
0",,,"77 035 212
0
0",,,,,,,,,,,,,,,,,,,,,,,,,,,,,,,,,,,,,,,,,,,,,,,,,,,,,,,,,,,,,,,,,,,,,,,,,,,,,,,,,,,,,,,,,,,,,,,,,,,
Etat financier ATIJARI ASSURANCES 2025,4,1,,,,,,,,,,,,,,,,,,,,,,,,,,,,,,,,,,,,,,,,,,,,,,,,,,,,,,,,,,,,,,,,,,,,,,,,,,,,,,,,,,,,,,,,,,,,,,,,,,,,,,,,,,,,,,,,
Etat financier ATIJARI ASSURANCES 2025,4,1,,,,,95 816 227,,,-32 974,,,,,,,,,,,,,,,,,,,,,,,,,,,,,,,,,,,,,,,,,,,,,,,,,,,,,,,,,,,,,,,,,,,,,,,,,,,,,,,,,,,,,,,,,,,,,,,,,,,,,,,,
Etat financier ATIJARI ASSURANCES 2025,4,1,,,,,0,,,0,,,,,,,,,,,,,,,,,,,,,,,,,,,,,,,,,,,,,,,,,,,,,,,,,,,,,,,,,,,,,,,,,,,,,,,,,,,,,,,,,,,,,,,,,,,,,,,,,,,,,,,,
Etat financier ATIJARI ASSURANCES 2025,4,1,,,,,0,,,0,,,,,,,,,,,,,,,,,,,,,,,,,,,,,,,,,,,,,,,,,,,,,,,,,,,,,,,,,,,,,,,,,,,,,,,,,,,,,,,,,,,,,,,,,,,,,,,,,,,,,,,,
Etat financier ATIJARI ASSURANCES 2025,4,1,,,,,95 816 227,,,-32 974,,,95 849 201,,,,,77 035 212,,,,,,,,,,,,,,,,,,,,,,,,,,,,,,,,,,,,,,,,,,,,,,,,,,,,,,,,,,,,,,,,,,,,,,,,,,,,,,,,,,,,,,,,,,,,,,,,
Etat financier ATIJARI ASSURANCES 2025,4,1,,,,,,,,,,,,,,,,,,,,,,,,,,,,,,,,,,,,,,,,,,,,,,,,,,,,,,,,,,,,,,,,,,,,,,,,,,,,,,,,,,,,,,,,,,,,,,,,,,,,,,,,,,,,,,,,
Etat financier ATIJARI ASSURANCES 2025,4,1,,,,,0,,,0,,0,,,0,,,,,,,,,,,,,,,,,,,,,,,,,,,,,,,,,,,,,,,,,,,,,,,,,,,,,,,,,,,,,,,,,,,,,,,,,,,,,,,,,,,,,,,,,,,,,,,,,,,
Etat financier ATIJARI ASSURANCES 2025,4,1,,,,,,,,,,"13 704 539
0
4 222 417
0",,,"10 740 004
0
3 613 941
-3 942",,,,,,,,,,,,,,,,,,,,,,,,,,,,,,,,,,,,,,,,,,,,,,,,,,,,,,,,,,,,,,,,,,,,,,,,,,,,,,,,,,,,,,,,,,,,,,,,,,,
Etat financier ATIJARI ASSURANCES 2025,4,1,,,,,13 704 539,,,0,,,,,,,,,,,,,,,,,,,,,,,,,,,,,,,,,,,,,,,,,,,,,,,,,,,,,,,,,,,,,,,,,,,,,,,,,,,,,,,,,,,,,,,,,,,,,,,,,,,,,,,,
Etat financier ATIJARI ASSURANCES 2025,4,1,,,,,0,,,0,,,,,,,,,,,,,,,,,,,,,,,,,,,,,,,,,,,,,,,,,,,,,,,,,,,,,,,,,,,,,,,,,,,,,,,,,,,,,,,,,,,,,,,,,,,,,,,,,,,,,,,,
Etat financier ATIJARI ASSURANCES 2025,4,1,,,,,4 222 417,,,0,,,,,,,,,,,,,,,,,,,,,,,,,,,,,,,,,,,,,,,,,,,,,,,,,,,,,,,,,,,,,,,,,,,,,,,,,,,,,,,,,,,,,,,,,,,,,,,,,,,,,,,,
Etat financier ATIJARI ASSURANCES 2025,4,1,,,,,0,,,0,,,,,,,,,,,,,,,,,,,,,,,,,,,,,,,,,,,,,,,,,,,,,,,,,,,,,,,,,,,,,,,,,,,,,,,,,,,,,,,,,,,,,,,,,,,,,,,,,,,,,,,,
Etat financier ATIJARI ASSURANCES 2025,4,1,,,,,17 926 956,,,0,,,17 926 956,,,,,14 350 003,,,,,,,,,,,,,,,,,,,,,,,,,,,,,,,,,,,,,,,,,,,,,,,,,,,,,,,,,,,,,,,,,,,,,,,,,,,,,,,,,,,,,,,,,,,,,,,,
Etat financier ATIJARI ASSURANCES 2025,4,1,,,,,,,,,,,,,,,,,,,,,,,,,,,,,,,,,,,,,,,,,,,,,,,,,,,,,,,,,,,,,,,,,,,,,,,,,,,,,,,,,,,,,,,,,,,,,,,,,,,,,,,,,,,,,,,,
Etat financier ATIJARI ASSURANCES 2025,4,1,,,,,5 351 754,,,0,,5 351 754,,,4 026 096,,,,,,,,,,,,,,,,,,,,,,,,,,,,,,,,,,,,,,,,,,,,,,,,,,,,,,,,,,,,,,,,,,,,,,,,,,,,,,,,,,,,,,,,,,,,,,,,,,,
Etat financier ATIJARI ASSURANCES 2025,4,1,,,,,,,,,,,,,,,,,,,,,,,,,,,,,,,,,,,,,,,,,,,,,,,,,,,,,,,,,,,,,,,,,,,,,,,,,,,,,,,,,,,,,,,,,,,,,,,,,,,,,,,,,,,,,,,,
Etat financier ATIJARI ASSURANCES 2025,4,1,,,,1 168 264,,,0,,,"1 168 264
0
0",,,"657 378
0
0",,,,,,,,,,,,,,,,,,,,,,,,,,,,,,,,,,,,,,,,,,,,,,,,,,,,,,,,,,,,,,,,,,,,,,,,,,,,,,,,,,,,,,,,,,,,,,,,,,,
Etat financier ATIJARI ASSURANCES 2025,4,1,,,,,0,,,0,,,,,,,,,,,,,,,,,,,,,,,,,,,,,,,,,,,,,,,,,,,,,,,,,,,,,,,,,,,,,,,,,,,,,,,,,,,,,,,,,,,,,,,,,,,,,,,,,,,,,,,,
Etat financier ATIJARI ASSURANCES 2025,4,1,,,,,0,,,0,,,,,,,,,,,,,,,,,,,,,,,,,,,,,,,,,,,,,,,,,,,,,,,,,,,,,,,,,,,,,,,,,,,,,,,,,,,,,,,,,,,,,,,,,,,,,,,,,,,,,,,,
Etat financier ATIJARI ASSURANCES 2025,4,1,,,,,6 520 018,,,0,,,6 520 018,,,,,4 683 474,,,,,,,,,,,,,,,,,,,,,,,,,,,,,,,,,,,,,,,,,,,,,,,,,,,,,,,,,,,,,,,,,,,,,,,,,,,,,,,,,,,,,,,,,,,,,,,,
Etat financier ATIJARI ASSURANCES 2025,4,1,,,,,,,,,,,,,,,,,,,,,,,,,,,,,,,,,,,,,,,,,,,,,,,,,,,,,,,,,,,,,,,,,,,,,,,,,,,,,,,,,,,,,,,,,,,,,,,,,,,,,,,,,,,,,,,,
Etat financier ATIJARI ASSURANCES 2025,4,1,,,,,0,,,0,,0,,,0,,,,,,,,,,,,,,,,,,,,,,,,,,,,,,,,,,,,,,,,,,,,,,,,,,,,,,,,,,,,,,,,,,,,,,,,,,,,,,,,,,,,,,,,,,,,,,,,,,,
Etat financier ATIJARI ASSURANCES 2025,4,1,,,,0,,,0,,,0,,,0,,,,,,,,,,,,,,,,,,,,,,,,,,,,,,,,,,,,,,,,,,,,,,,,,,,,,,,,,,,,,,,,,,,,,,,,,,,,,,,,,,,,,,,,,,,,,,,,,,,
Etat financier ATIJARI ASSURANCES 2025,4,1,,,,,,,,,,,,,,,,,,,,,,,,,,,,,,,,,,,,,,,,,,,,,,,,,,,,,,,,,,,,,,,,,,,,,,,,,,,,,,,,,,,,,,,,,,,,,,,,,,,,,,,,,,,,,,,,
Etat financier ATIJARI ASSURANCES 2025,4,1,,,,20 272 506,,,-125 332,,,20 397 838,,,21 778 102,,RTV Sous total (résultat technique de l'assurance et/ou de la,,,,,,,,,,,,,,,,,,,,,,,,,,,,,,,,,,,,,,,,,,,,,,,,,,,,,,,,,,,,,,,,,,,,,,,,,,,,,,,,,,,,,,,,,,,,,,,,,
Etat financier ATIJARI ASSURANCES 2025,4,1,,,,,,,,,,,,,,,réassurance vie),,,,,,,,,,,,,,,,,,,,,,,,,,,,,,,,,,,,,,,,,,,,,,,,,,,,,,,,,,,,,,,,,,,,,,,,,,,,,,,,,,,,,,,,,,,,,,,,,
Etat financier ATIJARI ASSURANCES 2025,4,2,,,,,,,,,,,,,,,,,,/ou,,,,,,,,,,,,,,,,,,,,,,,,,,,,,,,,,,,,,,,,,,,,,,,,,,,,,,,,,,,,,,,,,,,,,,,,,,,,,,,,,,,,,,,,,,,,,,
Etat financier ATIJARI ASSURANCES 2025,4,2,,,,,,,,,,,,,,,,,,rétrocessions,,,,,,,,,,,,,,,,,,,,,,,,,,,,,,,,,,,,,,,,,,,,,,,,,,,,,,,,,,,,,,,,,,,,,,,,,,,,,,,,,,,,,,,,,,,,,,
Etat financier ATIJARI ASSURANCES 2025,4,2,,,,,,,,,,,,,,,,,,2025,,,,,,,,,,,,,,,,,,,,,,,,,,,,,,,,,,,,,,,,,,,,,,,,,,,,,,,,,,,,,,,,,,,,,,,,,,,,,,,,,,,,,,,,,,,,,,
Etat financier ATIJARI ASSURANCES 2025,4,3,,,,,,,,,,,,,,,,,,,brutes 2025,,,,,,,,,,,,,,,,,,,,,,,,,,,,,,,,,,,,,,,,,,,,,,,,,,,,,,,,,,,,,,,,,,,,,,,,,,,,,,,,,,,,,,,,,,,,,
Etat financier ATIJARI ASSURANCES 2025,4,4,,,,,,,,,,,,,,,,,,,,2025,,,,,,,,,,,,,,,,,,,,,,,,,,,,,,,,,,,,,,,,,,,,,,,,,,,,,,,,,,,,,,,,,,,,,,,,,,,,,,,,,,,,,,,,,,,,
Etat financier ATIJARI ASSURANCES 2025,5,1,,,,,,,,Montant,,,Montant,,,,,,,,,,DESIGNATION,,,,,,,,,,,,,,,,,,,,,,,,,,,,,,,,,,,,,,,,,,,,,,,,,,,,,,,,,,,,,,,,,,,,,,,,,,,,,,,,,,,,,,,,,,,
Etat financier ATIJARI ASSURANCES 2025,5,1,,,,,,,,2025,,,2024,,,,,,,,,,,,,,,,,,,,,,,,,,,,,,,,,,,,,,,,,,,,,,,,,,,,,,,,,,,,,,,,,,,,,,,,,,,,,,,,,,,,,,,,,,,,,,,,,,,,,
Etat financier ATIJARI ASSURANCES 2025,5,1,,,,,,,,,,,,,,,,,,,,,"RTV Résultat technique de l'assurance vie +/-
PRNT1 Produits des Placements
PRNT11 Revenus des placements +
PRNT12 Produits des autres Placements +
sous total 1a
PRNT13 Reprise de correction de valeur sur placements +
PRNT14 Profits provenant de la réalisation des placements +
sous total 1
PRNT3 Produits des placements alloués, transférés de l'état de résultat +
technique de l'assurance et/ou de la réassurance vie
CHNT1 Charges des Placements
CHNT11 Charges de gestion des placements y compris les charges d'intérêts -
CHNT12 Correction de valeur sur placements -
CHNT13 Pertes provenant de la réalisation des placements -
sous total 2
CHNT2 Produits des placements alloués, transférés à l'état de résultat -
technique de l'assurance et/ou de la réassurance vie
PRNT2 Autres produits non techniques +
CHNT3 Autres charges non techniques -",,,,,,,,,,,,,,,,,,,,,,,,,,,,,,,,,,,,,,,,,,,,,,,,,,,,,,,,,,,,,,,,,,,,,,,,,,,,,,,,,,,,,,,,,,,
Etat financier ATIJARI ASSURANCES 2025,5,1,,,,,,,,20 397 838,,,21 778 102,,,,,,,,,,,,,,,,,,,,,,,,,,,,,,,,,,,,,,,,,,,,,,,,,,,,,,,,,,,,,,,,,,,,,,,,,,,,,,,,,,,,,,,,,,,,,,,,,,,,,
Etat financier ATIJARI ASSURANCES 2025,5,1,,,,,,,,0,,,0,,,,,,,,,,,,,,,,,,,,,,,,,,,,,,,,,,,,,,,,,,,,,,,,,,,,,,,,,,,,,,,,,,,,,,,,,,,,,,,,,,,,,,,,,,,,,,,,,,,,,
Etat financier ATIJARI ASSURANCES 2025,5,1,,,,,,,,1 086 040,,,1 320 768,,,,,,,,,,,,,,,,,,,,,,,,,,,,,,,,,,,,,,,,,,,,,,,,,,,,,,,,,,,,,,,,,,,,,,,,,,,,,,,,,,,,,,,,,,,,,,,,,,,,,
Etat financier ATIJARI ASSURANCES 2025,5,1,,,,,,,0,,,0,,,,,,,,,,,,,,,,,,,,,,,,,,,,,,,,,,,,,,,,,,,,,,,,,,,,,,,,,,,,,,,,,,,,,,,,,,,,,,,,,,,,,,,,,,,,,,,,,,,,,,
Etat financier ATIJARI ASSURANCES 2025,5,1,,,,,,,1 086 040,,,1 320 768,,,,,,,,,,,,,,,,,,,,,,,,,,,,,,,,,,,,,,,,,,,,,,,,,,,,,,,,,,,,,,,,,,,,,,,,,,,,,,,,,,,,,,,,,,,,,,,,,,,,,,
Etat financier ATIJARI ASSURANCES 2025,5,1,,,,,,,,1 086 040,,,1 320 768,,,,,,,,,,,,,,,,,,,,,,,,,,,,,,,,,,,,,,,,,,,,,,,,,,,,,,,,,,,,,,,,,,,,,,,,,,,,,,,,,,,,,,,,,,,,,,,,,,,,,
Etat financier ATIJARI ASSURANCES 2025,5,1,,,,,,,,0,,,0,,,,,,,,,,,,,,,,,,,,,,,,,,,,,,,,,,,,,,,,,,,,,,,,,,,,,,,,,,,,,,,,,,,,,,,,,,,,,,,,,,,,,,,,,,,,,,,,,,,,,
Etat financier ATIJARI ASSURANCES 2025,5,1,,,,,,,0,,,0,,,,,,,,,,,,,,,,,,,,,,,,,,,,,,,,,,,,,,,,,,,,,,,,,,,,,,,,,,,,,,,,,,,,,,,,,,,,,,,,,,,,,,,,,,,,,,,,,,,,,,
Etat financier ATIJARI ASSURANCES 2025,5,1,,,,,,,21 483 878,,,23 098 870,,,,,,,,,,,,,,,,,,,,,,,,,,,,,,,,,,,,,,,,,,,,,,,,,,,,,,,,,,,,,,,,,,,,,,,,,,,,,,,,,,,,,,,,,,,,,,,,,,,,,,
Etat financier ATIJARI ASSURANCES 2025,5,1,,,,,,,0,,,0,,,,,,,,,,,,,,,,,,,,,,,,,,,,,,,,,,,,,,,,,,,,,,,,,,,,,,,,,,,,,,,,,,,,,,,,,,,,,,,,,,,,,,,,,,,,,,,,,,,,,,
Etat financier ATIJARI ASSURANCES 2025,5,1,,,,,,,,0,,,0,,,,,,,,,,,,,,,,,,,,,,,,,,,,,,,,,,,,,,,,,,,,,,,,,,,,,,,,,,,,,,,,,,,,,,,,,,,,,,,,,,,,,,,,,,,,,,,,,,,,,
Etat financier ATIJARI ASSURANCES 2025,5,1,,,,,,,,0,,,0,,,,,,,,,,,,,,,,,,,,,,,,,,,,,,,,,,,,,,,,,,,,,,,,,,,,,,,,,,,,,,,,,,,,,,,,,,,,,,,,,,,,,,,,,,,,,,,,,,,,,
Etat financier ATIJARI ASSURANCES 2025,5,1,,,,,,,,0,,,103 464,,,,,,,,,,,,,,,,,,,,,,,,,,,,,,,,,,,,,,,,,,,,,,,,,,,,,,,,,,,,,,,,,,,,,,,,,,,,,,,,,,,,,,,,,,,,,,,,,,,,,
Etat financier ATIJARI ASSURANCES 2025,5,1,,,,,,,0,,,0,,,,,,,,,,,,,,,,,,,,,,,,,,,,,,,,,,,,,,,,,,,,,,,,,,,,,,,,,,,,,,,,,,,,,,,,,,,,,,,,,,,,,,,,,,,,,,,,,,,,,,
Etat financier ATIJARI ASSURANCES 2025,5,1,,,,,,,0,,,103 464,,,,,,,,,,,,,,,,,,,,,,,,,,,,,,,,,,,,,,,,,,,,,,,,,,,,,,,,,,,,,,,,,,,,,,,,,,,,,,,,,,,,,,,,,,,,,,,,,,,,,,
Etat financier ATIJARI ASSURANCES 2025,5,1,,,,,,,0,,,0,,,,,,,,,,,,,,,,,,,,,,,,,,,,,,,,,,,,,,,,,,,,,,,,,,,,,,,,,,,,,,,,,,,,,,,,,,,,,,,,,,,,,,,,,,,,,,,,,,,,,,
Etat financier ATIJARI ASSURANCES 2025,5,1,,,,,,,,52 495,,,103 299,,,,,,,,,,,,,,,,,,,,,,,,,,,,,,,,,,,,,,,,,,,,,,,,,,,,,,,,,,,,,,,,,,,,,,,,,,,,,,,,,,,,,,,,,,,,,,,,,,,,,
Etat financier ATIJARI ASSURANCES 2025,5,1,,,,,,,,0,,,1 100 000,,,,,,,,,,,,,,,,,,,,,,,,,,,,,,,,,,,,,,,,,,,,,,,,,,,,,,,,,,,,,,,,,,,,,,,,,,,,,,,,,,,,,,,,,,,,,,,,,,,,,
Etat financier ATIJARI ASSURANCES 2025,5,1,,,,,,,21 536 373,,,21 998 705,,,,,,,,,,,Résultat provenant des activités ordinaires,,,,,,,,,,,,,,,,,,,,,,,,,,,,,,,,,,,,,,,,,,,,,,,,,,,,,,,,,,,,,,,,,,,,,,,,,,,,,,,,,,,,,,,,,,,
Etat financier ATIJARI ASSURANCES 2025,5,1,,,,,,,8 731 282,,,10 098 487,,,,,,,,,,,CHNT4 Impôts sur le résultat -,,,,,,,,,,,,,,,,,,,,,,,,,,,,,,,,,,,,,,,,,,,,,,,,,,,,,,,,,,,,,,,,,,,,,,,,,,,,,,,,,,,,,,,,,,,
Etat financier ATIJARI ASSURANCES 2025,5,1,,,,,,,12 805 091,,,11 900 218,,,,,,,,,,,Résultat provenant des activités ordinaires après Impôts,,,,,,,,,,,,,,,,,,,,,,,,,,,,,,,,,,,,,,,,,,,,,,,,,,,,,,,,,,,,,,,,,,,,,,,,,,,,,,,,,,,,,,,,,,,
Etat financier ATIJARI ASSURANCES 2025,5,1,,,,,,,0,,,0,,,,,,,,,,,"PRNT4 Gains extraordinaires +
CHNT5 Pertes extraordinaires -",,,,,,,,,,,,,,,,,,,,,,,,,,,,,,,,,,,,,,,,,,,,,,,,,,,,,,,,,,,,,,,,,,,,,,,,,,,,,,,,,,,,,,,,,,,
Etat financier ATIJARI ASSURANCES 2025,5,1,,,,,,,0,,,0,,,,,,,,,,,,,,,,,,,,,,,,,,,,,,,,,,,,,,,,,,,,,,,,,,,,,,,,,,,,,,,,,,,,,,,,,,,,,,,,,,,,,,,,,,,,,,,,,,,,,,
Etat financier ATIJARI ASSURANCES 2025,5,1,,,,,,,0,,,0,,,,,,,,,,,Résultat extraordinaire,,,,,,,,,,,,,,,,,,,,,,,,,,,,,,,,,,,,,,,,,,,,,,,,,,,,,,,,,,,,,,,,,,,,,,,,,,,,,,,,,,,,,,,,,,,
Etat financier ATIJARI ASSURANCES 2025,5,1,,,,,,,12 805 091,,,11 900 218,,,,,,,,,,,Résultat net de l'exercice,,,,,,,,,,,,,,,,,,,,,,,,,,,,,,,,,,,,,,,,,,,,,,,,,,,,,,,,,,,,,,,,,,,,,,,,,,,,,,,,,,,,,,,,,,,
Etat financier ATIJARI ASSURANCES 2025,5,1,,,,,,,0,,,0,,,,,,,,,,,CHNT6/PRNT5 Effets Modifications comptables ( nets d'impôts ),,,,,,,,,,,,,,,,,,,,,,,,,,,,,,,,,,,,,,,,,,,,,,,,,,,,,,,,,,,,,,,,,,,,,,,,,,,,,,,,,,,,,,,,,,,
Etat financier ATIJARI ASSURANCES 2025,5,1,,Résultat net de l'exercice après modifications comptables,,,,,,12 805 091,,,11 900 218,,,,,,,,,,,,,,,,,,,,,,,,,,,,,,,,,,,,,,,,,,,,,,,,,,,,,,,,,,,,,,,,,,,,,,,,,,,,,,,,,,,,,,,,,,,,,,,,,,,,,
Etat financier ATIJARI ASSURANCES 2025,6,1,,"Montant
2025","Montant
2024",,,,,,,,,,,,,,,,,,,DESIGNATION,,,,,,,,,,,,,,,,,,,,,,,,,,,,,,,,,,,,,,,,,,,,,,,,,,,,,,,,,,,,,,,,,,,,,,,,,,,,,,,,,,,,,,,,,,
Etat financier ATIJARI ASSURANCES 2025,6,1,,"Nul
Nul
Nul
Nul
Nul
Nul
Nul
Nul","Nul
Nul
Nul
Nul
Nul
Nul
Nul
Nul",,,,,,,,,,,,,,,,,,,"HB1 Engagements reçus
HB2 Engagements donnés
HB 21 Avals, cautionset garanties de crédit données
HB 22 Titres et actifs acquis avec engagements de revente
HB 23 Autres engagements sut titres, actifs ou revenus
HB 24 Autres engagements donnés
HB 3 Valeurs reçues en nantissement des cessionnaires et des rétrocessionnaires
HB 4 Valeurs remises par des organismes réassurés avec caution solidaire ou de substitution
HB 5 Valeurs appartenant à des institutions de prévoyance
HB 6 Autres valeurs détenues pour compte de tiers",,,,,,,,,,,,,,,,,,,,,,,,,,,,,,,,,,,,,,,,,,,,,,,,,,,,,,,,,,,,,,,,,,,,,,,,,,,,,,,,,,,,,,,,,,
Etat financier ATIJARI ASSURANCES 2025,7,1,,,,"Montant
2025",,,"Montant
2024",,,,,,,,,,,,,,,,DESIGNATION,,,,,,,,,,,,,,,,,,,,,,,,,,,,,,,,,,,,,,,,,,,,,,,,,,,,,,,,,,,,,,,,,,,,,,,,,,,,,,,,,,,,,,,,,
Etat financier ATIJARI ASSURANCES 2025,7,1,,Flux de trésorerie liés à l'exploitation,,,,,,,,,,,,,,,,,,,,,,,,,,,,,,,,,,,,,,,,,,,,,,,,,,,,,,,,,,,,,,,,,,,,,,,,,,,,,,,,,,,,,,,,,,,,,,,,,,,,,,,,,,,,,,
Etat financier ATIJARI ASSURANCES 2025,7,1,,Encaissements des primes reçues des assurés,,,162 999 129,,,144 234 802,,,,,,,,,,,,,,,,,,,,,,,,,,,,,,,,,,,,,,,,,,,,,,,,,,,,,,,,,,,,,,,,,,,,,,,,,,,,,,,,,,,,,,,,,,,,,,,,,,,,,,,,
Etat financier ATIJARI ASSURANCES 2025,7,1,,Sommes versées pour paiement des sinistres,,,-97 306 098,,,-86 479 780,,,,,,,,,,,,,,,,,,,,,,,,,,,,,,,,,,,,,,,,,,,,,,,,,,,,,,,,,,,,,,,,,,,,,,,,,,,,,,,,,,,,,,,,,,,,,,,,,,,,,,,,
Etat financier ATIJARI ASSURANCES 2025,7,1,,Encaissements des primes reçues ( acceptations ),,,0,,,0,,,,,,,,,,,,,,,,,,,,,,,,,,,,,,,,,,,,,,,,,,,,,,,,,,,,,,,,,,,,,,,,,,,,,,,,,,,,,,,,,,,,,,,,,,,,,,,,,,,,,,,,
Etat financier ATIJARI ASSURANCES 2025,7,1,,Sommes versées pour paiement des sinistres ( acceptations ),,,0,,,0,,,,,,,,,,,,,,,,,,,,,,,,,,,,,,,,,,,,,,,,,,,,,,,,,,,,,,,,,,,,,,,,,,,,,,,,,,,,,,,,,,,,,,,,,,,,,,,,,,,,,,,,
Etat financier ATIJARI ASSURANCES 2025,7,1,,Commissions versées sur les acceptations,,,0,,,0,,,,,,,,,,,,,,,,,,,,,,,,,,,,,,,,,,,,,,,,,,,,,,,,,,,,,,,,,,,,,,,,,,,,,,,,,,,,,,,,,,,,,,,,,,,,,,,,,,,,,,,,
Etat financier ATIJARI ASSURANCES 2025,7,1,,Décaissements de primes pour les cessions,,,-252 095,,,-695 070,,,,,,,,,,,,,,,,,,,,,,,,,,,,,,,,,,,,,,,,,,,,,,,,,,,,,,,,,,,,,,,,,,,,,,,,,,,,,,,,,,,,,,,,,,,,,,,,,,,,,,,,
Etat financier ATIJARI ASSURANCES 2025,7,1,,Encaissements des sinistres pour les cessions,,,0,,,0,,,,,,,,,,,,,,,,,,,,,,,,,,,,,,,,,,,,,,,,,,,,,,,,,,,,,,,,,,,,,,,,,,,,,,,,,,,,,,,,,,,,,,,,,,,,,,,,,,,,,,,,
Etat financier ATIJARI ASSURANCES 2025,7,1,,Commissions reçues sur les cessions,,,0,,,3 942,,,,,,,,,,,,,,,,,,,,,,,,,,,,,,,,,,,,,,,,,,,,,,,,,,,,,,,,,,,,,,,,,,,,,,,,,,,,,,,,,,,,,,,,,,,,,,,,,,,,,,,,
Etat financier ATIJARI ASSURANCES 2025,7,1,,Commissions versées aux intermédiaires,,,-6 880 016,,,-6 116 498,,,,,,,,,,,,,,,,,,,,,,,,,,,,,,,,,,,,,,,,,,,,,,,,,,,,,,,,,,,,,,,,,,,,,,,,,,,,,,,,,,,,,,,,,,,,,,,,,,,,,,,,
Etat financier ATIJARI ASSURANCES 2025,7,1,,Sommes versées aux fournisseurs et au personnel,,,-25 428 231,,,-25 996 864,,,,,,,,,,,,,,,,,,,,,,,,,,,,,,,,,,,,,,,,,,,,,,,,,,,,,,,,,,,,,,,,,,,,,,,,,,,,,,,,,,,,,,,,,,,,,,,,,,,,,,,,
Etat financier ATIJARI ASSURANCES 2025,7,1,,Variation des dépôts auprès des cédantes,,,275 254,,,542 340,,,,,,,,,,,,,,,,,,,,,,,,,,,,,,,,,,,,,,,,,,,,,,,,,,,,,,,,,,,,,,,,,,,,,,,,,,,,,,,,,,,,,,,,,,,,,,,,,,,,,,,,
Etat financier ATIJARI ASSURANCES 2025,7,1,,Variations des espèces reçues des cessionnaires,,,0,,,0,,,,,,,,,,,,,,,,,,,,,,,,,,,,,,,,,,,,,,,,,,,,,,,,,,,,,,,,,,,,,,,,,,,,,,,,,,,,,,,,,,,,,,,,,,,,,,,,,,,,,,,,
Etat financier ATIJARI ASSURANCES 2025,7,1,,Décaissements liés à l'acquisition de placements financiers,,,-154 470 563,,,-121 876 273,,,,,,,,,,,,,,,,,,,,,,,,,,,,,,,,,,,,,,,,,,,,,,,,,,,,,,,,,,,,,,,,,,,,,,,,,,,,,,,,,,,,,,,,,,,,,,,,,,,,,,,,
Etat financier ATIJARI ASSURANCES 2025,7,1,,Encaissements liés à la cession de placements financiers,,,21 618 186,,132 012 406,,,,,,,,,,,,,,,,,,,,,,,,,,,,,,,,,,,,,,,,,,,,,,,,,,,,,,,,,,,,,,,,,,,,,,,,,,,,,,,,,,,,,,,,,,,,,,,,,,,,,,,,,
Etat financier ATIJARI ASSURANCES 2025,7,1,,Taxes sur les assurances versées au trésor,,,0,,,0,,,,,,,,,,,,,,,,,,,,,,,,,,,,,,,,,,,,,,,,,,,,,,,,,,,,,,,,,,,,,,,,,,,,,,,,,,,,,,,,,,,,,,,,,,,,,,,,,,,,,,,,
Etat financier ATIJARI ASSURANCES 2025,7,1,,Produits financiers reçus,,,60 225 845,,,60 644 728,,,,,,,,,,,,,,,,,,,,,,,,,,,,,,,,,,,,,,,,,,,,,,,,,,,,,,,,,,,,,,,,,,,,,,,,,,,,,,,,,,,,,,,,,,,,,,,,,,,,,,,,
Etat financier ATIJARI ASSURANCES 2025,7,1,,Impôt sur les bénéfices payés,,,0,,,0,,,,,,,,,,,,,,,,,,,,,,,,,,,,,,,,,,,,,,,,,,,,,,,,,,,,,,,,,,,,,,,,,,,,,,,,,,,,,,,,,,,,,,,,,,,,,,,,,,,,,,,,
Etat financier ATIJARI ASSURANCES 2025,7,1,,Autres mouvements,,,0,,,0,,,,,,,,,,,,,,,,,,,,,,,,,,,,,,,,,,,,,,,,,,,,,,,,,,,,,,,,,,,,,,,,,,,,,,,,,,,,,,,,,,,,,,,,,,,,,,,,,,,,,,,,
Etat financier ATIJARI ASSURANCES 2025,7,1,,Flux de trésorerie provenant de l'exploitation,,,-39 218 589,,,96 273 733,,,,,,,,,,,,,,,,,,,,,,,,,,,,,,,,,,,,,,,,,,,,,,,,,,,,,,,,,,,,,,,,,,,,,,,,,,,,,,,,,,,,,,,,,,,,,,,,,,,,,,,,
Etat financier ATIJARI ASSURANCES 2025,7,1,,Flux de trésorerie liés aux activités d'investissement,,,,,,,,,,,,,,,,,,,,,,,,,,,,,,,,,,,,,,,,,,,,,,,,,,,,,,,,,,,,,,,,,,,,,,,,,,,,,,,,,,,,,,,,,,,,,,,,,,,,,,,,,,,,,,
Etat financier ATIJARI ASSURANCES 2025,7,1,,Décaissements provenant de l'acquisition d'immobilisation incorporelles et corporelles,,,-2 466 093,,,-27 625 091,,,,,,,,,,,,,,,,,,,,,,,,,,,,,,,,,,,,,,,,,,,,,,,,,,,,,,,,,,,,,,,,,,,,,,,,,,,,,,,,,,,,,,,,,,,,,,,,,,,,,,,,
Etat financier ATIJARI ASSURANCES 2025,7,1,,Encaissements provenant de la cession d'immobilisation incorporelles et corporelles,,,0,,,55 155,,,,,,,,,,,,,,,,,,,,,,,,,,,,,,,,,,,,,,,,,,,,,,,,,,,,,,,,,,,,,,,,,,,,,,,,,,,,,,,,,,,,,,,,,,,,,,,,,,,,,,,,
Etat financier ATIJARI ASSURANCES 2025,7,1,,Décaissement provenant de l'acquisition de terrains et constructions destinés à l'exploitation,,,0,,,0,,,,,,,,,,,,,,,,,,,,,,,,,,,,,,,,,,,,,,,,,,,,,,,,,,,,,,,,,,,,,,,,,,,,,,,,,,,,,,,,,,,,,,,,,,,,,,,,,,,,,,,,
Etat financier ATIJARI ASSURANCES 2025,7,1,,Encaissements provenant de la cession de terrains et constructions destinées a l'exploitation,,,0,,,0,,,,,,,,,,,,,,,,,,,,,,,,,,,,,,,,,,,,,,,,,,,,,,,,,,,,,,,,,,,,,,,,,,,,,,,,,,,,,,,,,,,,,,,,,,,,,,,,,,,,,,,,
Etat financier ATIJARI ASSURANCES 2025,7,1,,,,0,,,0,,,,,,,,,,,,,,,,"Décaissements provenant de l'acquisition de placements auprès d'entreprises liées ou avec lien de
participation",,,,,,,,,,,,,,,,,,,,,,,,,,,,,,,,,,,,,,,,,,,,,,,,,,,,,,,,,,,,,,,,,,,,,,,,,,,,,,,,,,,,,,,,,
Etat financier ATIJARI ASSURANCES 2025,7,1,,,,0,,,0,,,,,,,,,,,,,,,,"Encaissements provenant de la cession de placements auprès d'entreprises liées ou avec lien de
participation",,,,,,,,,,,,,,,,,,,,,,,,,,,,,,,,,,,,,,,,,,,,,,,,,,,,,,,,,,,,,,,,,,,,,,,,,,,,,,,,,,,,,,,,,
Etat financier ATIJARI ASSURANCES 2025,7,1,,Encaissements provenant de la cession de placements auprès d'entreprises liées ou avec lien de,,,,,,,,,,,,,,,,,,,,,,,,,,,,,,,,,,,,,,,,,,,,,,,,,,,,,,,,,,,,,,,,,,,,,,,,,,,,,,,,,,,,,,,,,,,,,,,,,,,,,,,,,,,,,,
Etat financier ATIJARI ASSURANCES 2025,7,1,,participation,,,,,,,,,,,,,,,,,,,,,,,,,,,,,,,,,,,,,,,,,,,,,,,,,,,,,,,,,,,,,,,,,,,,,,,,,,,,,,,,,,,,,,,,,,,,,,,,,,,,,,,,,,,,,,
Etat financier ATIJARI ASSURANCES 2025,7,1,,Flux de trésorerie provenant des activités d'investissement,,-2 466 093,,,-27 569 936,,,,,,,,,,,,,,,,,,,,,,,,,,,,,,,,,,,,,,,,,,,,,,,,,,,,,,,,,,,,,,,,,,,,,,,,,,,,,,,,,,,,,,,,,,,,,,,,,,,,,,,,,
Etat financier ATIJARI ASSURANCES 2025,7,1,,Flux de trésorerie liés aux activités de financement,,,,,,,,,,,,,,,,,,,,,,,,,,,,,,,,,,,,,,,,,,,,,,,,,,,,,,,,,,,,,,,,,,,,,,,,,,,,,,,,,,,,,,,,,,,,,,,,,,,,,,,,,,,,,,
Etat financier ATIJARI ASSURANCES 2025,7,1,,Encaissements suite à l'émission d'actions,,,0,,,0,,,,,,,,,,,,,,,,,,,,,,,,,,,,,,,,,,,,,,,,,,,,,,,,,,,,,,,,,,,,,,,,,,,,,,,,,,,,,,,,,,,,,,,,,,,,,,,,,,,,,,,,
Etat financier ATIJARI ASSURANCES 2025,7,1,,Dividendes et autres distributions,,,-7 789 961,,,-12 999 935,,,,,,,,,,,,,,,,,,,,,,,,,,,,,,,,,,,,,,,,,,,,,,,,,,,,,,,,,,,,,,,,,,,,,,,,,,,,,,,,,,,,,,,,,,,,,,,,,,,,,,,,
Etat financier ATIJARI ASSURANCES 2025,7,1,,Encaissements provenant d'emprunts,,,0,,,0,,,,,,,,,,,,,,,,,,,,,,,,,,,,,,,,,,,,,,,,,,,,,,,,,,,,,,,,,,,,,,,,,,,,,,,,,,,,,,,,,,,,,,,,,,,,,,,,,,,,,,,,
Etat financier ATIJARI ASSURANCES 2025,7,1,,Remboursements d'emprunts,,,0,,,0,,,,,,,,,,,,,,,,,,,,,,,,,,,,,,,,,,,,,,,,,,,,,,,,,,,,,,,,,,,,,,,,,,,,,,,,,,,,,,,,,,,,,,,,,,,,,,,,,,,,,,,,
Etat financier ATIJARI ASSURANCES 2025,7,1,,Augmentation / Diminutions des ressources spéciales,,,0,,,0,,,,,,,,,,,,,,,,,,,,,,,,,,,,,,,,,,,,,,,,,,,,,,,,,,,,,,,,,,,,,,,,,,,,,,,,,,,,,,,,,,,,,,,,,,,,,,,,,,,,,,,,
Etat financier ATIJARI ASSURANCES 2025,7,1,,Flux de trésorerie provenant des activités de financement,,,-7 789 961,,,-12 999 935,,,,,,,,,,,,,,,,,,,,,,,,,,,,,,,,,,,,,,,,,,,,,,,,,,,,,,,,,,,,,,,,,,,,,,,,,,,,,,,,,,,,,,,,,,,,,,,,,,,,,,,,
Etat financier ATIJARI ASSURANCES 2025,7,1,,Incidence des variations de taux de change sur les liquidités ou équivalents de liquidités,,,,,,,,,,,,,,,,,,,,,,,,,,,,,,,,,,,,,,,,,,,,,,,,,,,,,,,,,,,,,,,,,,,,,,,,,,,,,,,,,,,,,,,,,,,,,,,,,,,,,,,,,,,,,,
Etat financier ATIJARI ASSURANCES 2025,7,1,,Variation de trésorerie,,,-49 474 643,,,55 703 862,,,,,,,,,,,,,,,,,,,,,,,,,,,,,,,,,,,,,,,,,,,,,,,,,,,,,,,,,,,,,,,,,,,,,,,,,,,,,,,,,,,,,,,,,,,,,,,,,,,,,,,,
Etat financier ATIJARI ASSURANCES 2025,7,1,,Trésorerie de début d'exercice,,,97 137 703,,,41 433 841,,,,,,,,,,,,,,,,,,,,,,,,,,,,,,,,,,,,,,,,,,,,,,,,,,,,,,,,,,,,,,,,,,,,,,,,,,,,,,,,,,,,,,,,,,,,,,,,,,,,,,,,
Etat financier ATIJARI ASSURANCES 2025,7,1,,Trésorerie de fin d'exercice,,,47 663 060,,,97 137 703,,,,,,,,,,,,,,,,,,,,,,,,,,,,,,,,,,,,,,,,,,,,,,,,,,,,,,,,,,,,,,,,,,,,,,,,,,,,,,,,,,,,,,,,,,,,,,,,,,,,,,,,
Etat financier ATIJARI ASSURANCES 2025,7,2,,,,,,,,,,,,,,,,,,,,,,,,(En Dinars Tunisien),,,,,,,,,,,,,,,,,,,,,,,,,,,,,,,,,,,,,,,,,,,,,,,,,,,,,,,,,,,,,,,,,,,,,,,,,,,,,,,,,,,,,,,,
Etat financier ATIJARI ASSURANCES 2025,7,3,,,,,,,,,,,,,,,,,,,,,,,,,2025,,,,,,,,,,,,,,,,,,,,,,,,,,,,,,,,,,,,,,,,,,,,,,,,,,,,,,,,,,,,,,,,,,,,,,,,,,,,,,,,,,,,,,,
Etat financier ATIJARI ASSURANCES 2025,7,4,,,,,,,,,,,,,,,,,,,,,,,,,2024,,,,,,,,,,,,,,,,,,,,,,,,,,,,,,,,,,,,,,,,,,,,,,,,,,,,,,,,,,,,,,,,,,,,,,,,,,,,,,,,,,,,,,,
Etat financier ATIJARI ASSURANCES 2025,7,5,,,,,,,,,,,,,,,,,,,,,,,,,,participation,,,,,,,,,,,,,,,,,,,,,,,,,,,,,,,,,,,,,,,,,,,,,,,,,,,,,,,,,,,,,,,,,,,,,,,,,,,,,,,,,,,,,,
Etat financier ATIJARI ASSURANCES 2025,12,1,,,,,,,,,,,,,,,,,,,,,,,,,,,,,d'amort.,,,,,,,,,,,,,,,,,,,,,,,,,,,,,,,,,,,,,,,,,,,,,,,,,,,,,,,,,,,,,,,,,,,,,,,,,,,,,,,,,,,
Etat financier ATIJARI ASSURANCES 2025,12,1,,20%,,,,,,,,,,,,,,,,,,,,,,,,,Matériel de transport,1 307 331,,830 006,477 325,,,,,,,,,,,,,,,,,,,,,,,,,,,,,,,,,,,,,,,,,,,,,,,,,,,,,,,,,,,,,,,,,,,,,,,,,,,,,,,,,
Etat financier ATIJARI ASSURANCES 2025,12,1,,20%,,,,,,,,,,,,,,,,,,,,,,,,,Matériel et Mobiliser de Bureau,694 923,,411 907,283 016,,,,,,,,,,,,,,,,,,,,,,,,,,,,,,,,,,,,,,,,,,,,,,,,,,,,,,,,,,,,,,,,,,,,,,,,,,,,,,,,,
Etat financier ATIJARI ASSURANCES 2025,12,1,,"33,33%",,,,,,,,,,,,,,,,,,,,,,,,,Matériel informatique,1 895 430,,1 322 386,573 044,,,,,,,,,,,,,,,,,,,,,,,,,,,,,,,,,,,,,,,,,,,,,,,,,,,,,,,,,,,,,,,,,,,,,,,,,,,,,,,,,
Etat financier ATIJARI ASSURANCES 2025,12,1,,,,2 564 299,,,,,,,,,,,,,,,,,,,,,,,Total,3 897 684,,,1 333 385,,,,,,,,,,,,,,,,,,,,,,,,,,,,,,,,,,,,,,,,,,,,,,,,,,,,,,,,,,,,,,,,,,,,,,,,,,,,,,,,,
Etat financier ATIJARI ASSURANCES 2025,13,1,,,,,,,,,,,,,,,,,,,,,,,,,,,,,,,,,pour,,,,,,,,,,,,,,,,,,,,,,,,,,,,,,,,,,,,,,,,,,,,,,,,,,,,,,,,,,,,,,,,,,,,,,,,,,,,,,,
Etat financier ATIJARI ASSURANCES 2025,13,1,,,,,,,,,,,,,,,,,,,,,,,,,,,,,,,,,dépréciation,,,,,,,,,,,,,,,,,,,,,,,,,,,,,,,,,,,,,,,,,,,,,,,,,,,,,,,,,,,,,,,,,,,,,,,,,,,,,,,
Etat financier ATIJARI ASSURANCES 2025,13,1,,,0,,,,,,,,,,,,,,,,,,,,,,,,Bons de trésor,,,,,495 596 597,,495 596 597,460 635 842,,,,,,,,,,,,,,,,,,,,,,,,,,,,,,,,,,,,,,,,,,,,,,,,,,,,,,,,,,,,,,,,,,,,,,,,,,,,,
Etat financier ATIJARI ASSURANCES 2025,13,1,,,0,,,,,,,,,,,,,,,,,,,,,,,,Emprunt national,,,,,113 000 000,,113 000 000,115 000 000,,,,,,,,,,,,,,,,,,,,,,,,,,,,,,,,,,,,,,,,,,,,,,,,,,,,,,,,,,,,,,,,,,,,,,,,,,,,,
Etat financier ATIJARI ASSURANCES 2025,13,1,,,0,,,,,,,,,,,,,,,,,,,,,,,,Emprunts obligataires,,,,,125 000 000,,125 000 000,15 400 000,,,,,,,,,,,,,,,,,,,,,,,,,,,,,,,,,,,,,,,,,,,,,,,,,,,,,,,,,,,,,,,,,,,,,,,,,,,,,
Etat financier ATIJARI ASSURANCES 2025,13,1,,,6 522 304,,,,,,,,,,,,,,,,,,,,,,,,Actions cotées,,,,,6 996 169,,473 865,495 644,,,,,,,,,,,,,,,,,,,,,,,,,,,,,,,,,,,,,,,,,,,,,,,,,,,,,,,,,,,,,,,,,,,,,,,,,,,,,
Etat financier ATIJARI ASSURANCES 2025,13,1,,,0,,,,,,,,,,,,,,,,,,,,,,,,Actions Attijari SICAV,,,,,27 824 877,,27 824 877,18 938 620,,,,,,,,,,,,,,,,,,,,,,,,,,,,,,,,,,,,,,,,,,,,,,,,,,,,,,,,,,,,,,,,,,,,,,,,,,,,,
Etat financier ATIJARI ASSURANCES 2025,13,1,,,0,,,,,,,,,,,,,,,,,,,,,,,,Avances sur contrats,,,,,84 389 864,,84 389 864,83 756 556,,,,,,,,,,,,,,,,,,,,,,,,,,,,,,,,,,,,,,,,,,,,,,,,,,,,,,,,,,,,,,,,,,,,,,,,,,,,,
Etat financier ATIJARI ASSURANCES 2025,13,1,,,0,,,,,,,,,,,,,,,,,,,,,,,,Certificats de dépôt,,,,,0,,0,15 000 000,,,,,,,,,,,,,,,,,,,,,,,,,,,,,,,,,,,,,,,,,,,,,,,,,,,,,,,,,,,,,,,,,,,,,,,,,,,,,
Etat financier ATIJARI ASSURANCES 2025,13,1,,,0,,,,,,,,,,,,,,,,,,,,,,,,Prêts et Cautionnements,,,,,1 633 458,,1 633 458,1 725 589,,,,,,,,,,,,,,,,,,,,,,,,,,,,,,,,,,,,,,,,,,,,,,,,,,,,,,,,,,,,,,,,,,,,,,,,,,,,,
Etat financier ATIJARI ASSURANCES 2025,13,1,,854 440 965,,,847 918 661,710 952 251,,,,,,,,,,,,,,,,,,,,,Total,,,,,,6 522 304,,,,,,,,,,,,,,,,,,,,,,,,,,,,,,,,,,,,,,,,,,,,,,,,,,,,,,,,,,,,,,,,,,,,,,,,,,,,,,,
Etat financier ATIJARI ASSURANCES 2025,14,1,,730 546,,569 766,,,,,,,,,,,,,,,,,,,,,,,Personnel avances et acomptes,,,,,,,,,,,,,,,,,,,,,,,,,,,,,,,,,,,,,,,,,,,,,,,,,,,,,,,,,,,,,,,,,,,,,,,,,,,,,,,,,,,,,
Etat financier ATIJARI ASSURANCES 2025,14,1,,10 701 629,,6 777 467,,,,,,,,,,,,,,,,,,,,,,,Crédits d’IS,,,,,,,,,,,,,,,,,,,,,,,,,,,,,,,,,,,,,,,,,,,,,,,,,,,,,,,,,,,,,,,,,,,,,,,,,,,,,,,,,,,,,
Etat financier ATIJARI ASSURANCES 2025,14,1,,445,,708,,,,,,,,,,,,,,,,,,,,,,,Fournisseurs avances et acomptes,,,,,,,,,,,,,,,,,,,,,,,,,,,,,,,,,,,,,,,,,,,,,,,,,,,,,,,,,,,,,,,,,,,,,,,,,,,,,,,,,,,,,
Etat financier ATIJARI ASSURANCES 2025,14,1,,2 122 754,,727 447,,,,,,,,,,,,,,,,,,,,,,,Autres débiteurs,,,,,,,,,,,,,,,,,,,,,,,,,,,,,,,,,,,,,,,,,,,,,,,,,,,,,,,,,,,,,,,,,,,,,,,,,,,,,,,,,,,,,
Etat financier ATIJARI ASSURANCES 2025,14,1,,,,,,,,,,,,,,,,,,,,,,,,,,,Total,,,,,,,,,13 555 374,8 075 388,,,,,,,,,,,,,,,,,,,,,,,,,,,,,,,,,,,,,,,,,,,,,,,,,,,,,,,,,,,,,,,,,,,,,,,,,,,
Etat financier ATIJARI ASSURANCES 2025,15,1,,45 661 523,,,,,,,,,,,,,,,,,,,,,,,,,Comptes courants,,,,,,,,,,87 933 907,,,,,,,,,,,,,,,,,,,,,,,,,,,,,,,,,,,,,,,,,,,,,,,,,,,,,,,,,,,,,,,,,,,,,,,,,,,
Etat financier ATIJARI ASSURANCES 2025,15,1,,1 999 888,,,,,,,,,,,,,,,,,,,,,,,,,Compte chez Attijari Intermédiation,,,,,,,,,,9 199 924,,,,,,,,,,,,,,,,,,,,,,,,,,,,,,,,,,,,,,,,,,,,,,,,,,,,,,,,,,,,,,,,,,,,,,,,,,,
Etat financier ATIJARI ASSURANCES 2025,15,1,,1 649,,,,,,,,,,,,,,,,,,,,,,,,,Caisse Siège,,,,,,,,,,3 872,,,,,,,,,,,,,,,,,,,,,,,,,,,,,,,,,,,,,,,,,,,,,,,,,,,,,,,,,,,,,,,,,,,,,,,,,,,
Etat financier ATIJARI ASSURANCES 2025,15,1,,,,,,,,,,,,,,,,,,,,,,,,,,,Total,,,,,,,,,47 663 060,97 137 703,,,,,,,,,,,,,,,,,,,,,,,,,,,,,,,,,,,,,,,,,,,,,,,,,,,,,,,,,,,,,,,,,,,,,,,,,,,
Etat financier ATIJARI ASSURANCES 2025,15,2,,,18 669 047,,,,,,,,,,,,,,,,,,,,,,,,"Amortissement des différences sur les prix de
remboursement des BTA (décotes)",,,,,,,,,23 030 573,,,,,,,,,,,,,,,,,,,,,,,,,,,,,,,,,,,,,,,,,,,,,,,,,,,,,,,,,,,,,,,,,,,,,,,,,,,,
Etat financier ATIJARI ASSURANCES 2025,15,2,,,20 746 928,,,,,,,,,,,,,,,,,,,,,,,,Intérêts courus et échus sur placements,,,,,,,,,25 573 783,,,,,,,,,,,,,,,,,,,,,,,,,,,,,,,,,,,,,,,,,,,,,,,,,,,,,,,,,,,,,,,,,,,,,,,,,,,,
Etat financier ATIJARI ASSURANCES 2025,15,2,,,185 995,,,,,,,,,,,,,,,,,,,,,,,,Agios créditeurs relatifs aux comptes courants bancaires,,,,,,,,,89 470,,,,,,,,,,,,,,,,,,,,,,,,,,,,,,,,,,,,,,,,,,,,,,,,,,,,,,,,,,,,,,,,,,,,,,,,,,,,
Etat financier ATIJARI ASSURANCES 2025,15,2,,,403 842,,,,,,,,,,,,,,,,,,,,,,,,Charges constatées d'avance,,,,,,,,,313 338,,,,,,,,,,,,,,,,,,,,,,,,,,,,,,,,,,,,,,,,,,,,,,,,,,,,,,,,,,,,,,,,,,,,,,,,,,,,
Etat financier ATIJARI ASSURANCES 2025,15,2,,,160 879,,,,,,,,,,,,,,,,,,,,,,,,Autres,,,,,,,,,190 122,,,,,,,,,,,,,,,,,,,,,,,,,,,,,,,,,,,,,,,,,,,,,,,,,,,,,,,,,,,,,,,,,,,,,,,,,,,,
Etat financier ATIJARI ASSURANCES 2025,15,2,,,,,,,,,,,,,,,,,,,,,,,,,,,Total,,,,,,,,,49 197 286,40 166 691,,,,,,,,,,,,,,,,,,,,,,,,,,,,,,,,,,,,,,,,,,,,,,,,,,,,,,,,,,,,,,,,,,,,,,,,,,,
Etat financier ATIJARI ASSURANCES 2025,15,3,,,,,,,,,,,,,,,,,,,,,,,,,,,Provisions pour congés à payer,,,,,,,,,455 029,,,,,,,,,,,,,,,,,,,,,,,,,,,,,,,,,,,,,,,,,,,,,,,,,,,,,,,,,,,,,,,,,,,,,,,,,,,,
Etat financier ATIJARI ASSURANCES 2025,15,3,,,,,,,,,,,,,,,,,,,,,,,,,,,Provision pour IDR,,,,,,,,,283 664,,,,,,,,,,,,,,,,,,,,,,,,,,,,,,,,,,,,,,,,,,,,,,,,,,,,,,,,,,,,,,,,,,,,,,,,,,,,
Etat financier ATIJARI ASSURANCES 2025,15,3,,,,,,,,,,,,,,,,,,,,,,,,,,,Total des provisions techniques,,,,,,,,,738 693,,,,,,,,,,,,,,,,,,,,,,,,,,,,,,,,,,,,,,,,,,,,,,,,,,,,,,,,,,,,,,,,,,,,,,,,,,,,
Etat financier ATIJARI ASSURANCES 2025,16,1,,,,,,,,,,,,,,,,,,,,,,,,,,,Provisions mathématiques Epargne,,,,,,,,,857 546 125,769 297 931,,,,,,,,,,,,,,,,,,,,,,,,,,,,,,,,,,,,,,,,,,,,,,,,,,,,,,,,,,,,,,,,,,,,,,,,,,,
Etat financier ATIJARI ASSURANCES 2025,16,1,,,,,,,,,,,,,,,,,,,,,,,,,,,Provision pour participation aux bénéfices,,,,,,,,,23 316 950,22 168 690,,,,,,,,,,,,,,,,,,,,,,,,,,,,,,,,,,,,,,,,,,,,,,,,,,,,,,,,,,,,,,,,,,,,,,,,,,,
Etat financier ATIJARI ASSURANCES 2025,16,1,,,,,,,,,,,,,,,,,,,,,,,,,,,Provisions pour sinistres à payer Epargne,,,,,,,,,4 934 945,0,,,,,,,,,,,,,,,,,,,,,,,,,,,,,,,,,,,,,,,,,,,,,,,,,,,,,,,,,,,,,,,,,,,,,,,,,,,
Etat financier ATIJARI ASSURANCES 2025,16,1,,,,,,,,,,,,,,,,,,,,,,,,,,,S/T Provisions Epargne,,,,,,,,,885 798 020,791 466 621,,,,,,,,,,,,,,,,,,,,,,,,,,,,,,,,,,,,,,,,,,,,,,,,,,,,,,,,,,,,,,,,,,,,,,,,,,,
Etat financier ATIJARI ASSURANCES 2025,16,1,,,,,,,,,,,,,,,,,,,,,,,,,,,Provisions mathématiques Décès,,,,,,,,,15 687 334,14 197 807,,,,,,,,,,,,,,,,,,,,,,,,,,,,,,,,,,,,,,,,,,,,,,,,,,,,,,,,,,,,,,,,,,,,,,,,,,,
Etat financier ATIJARI ASSURANCES 2025,16,1,,,,,,,,,,,,,,,,,,,,,,,,,,,Provisions pour sinistres à payer Décès,,,,,,,,,18 669 129,15 996 948,,,,,,,,,,,,,,,,,,,,,,,,,,,,,,,,,,,,,,,,,,,,,,,,,,,,,,,,,,,,,,,,,,,,,,,,,,,
Etat financier ATIJARI ASSURANCES 2025,16,1,,,,,,,,,,,,,,,,,,,,,,,,,,,Provision pour frais de gestion des sinistres,,,,,,,,,933 456,799 846,,,,,,,,,,,,,,,,,,,,,,,,,,,,,,,,,,,,,,,,,,,,,,,,,,,,,,,,,,,,,,,,,,,,,,,,,,,
Etat financier ATIJARI ASSURANCES 2025,16,1,,,,,,,,,,,,,,,,,,,,,,,,,,,Provisions d'égalisation,,,,,,,,,11 256,15 956,,,,,,,,,,,,,,,,,,,,,,,,,,,,,,,,,,,,,,,,,,,,,,,,,,,,,,,,,,,,,,,,,,,,,,,,,,,
Etat financier ATIJARI ASSURANCES 2025,16,1,,,,,,,,,,,,,,,,,,,,,,,,,,,S/T Provisions Décès,,,,,,,,,35 301 176,31 010 557,,,,,,,,,,,,,,,,,,,,,,,,,,,,,,,,,,,,,,,,,,,,,,,,,,,,,,,,,,,,,,,,,,,,,,,,,,,
Etat financier ATIJARI ASSURANCES 2025,16,1,,,,,,,,,,,,,,,,,,,,,,,,,,,Total des provisions techniques,,,,,,,,,921 099 196,822 477 178,,,,,,,,,,,,,,,,,,,,,,,,,,,,,,,,,,,,,,,,,,,,,,,,,,,,,,,,,,,,,,,,,,,,,,,,,,,
Etat financier ATIJARI ASSURANCES 2025,16,2,,0,,,,,,,,,,,,,,,,,,,,,,,,,Impôts et taxes,,,,,,,,,,526 405,,,,,,,,,,,,,,,,,,,,,,,,,,,,,,,,,,,,,,,,,,,,,,,,,,,,,,,,,,,,,,,,,,,,,,,,,,,
Etat financier ATIJARI ASSURANCES 2025,16,2,,299 407,,,,,,,,,,,,,,,,,,,,,,,,,CNSS,,,,,,,,,,214 515,,,,,,,,,,,,,,,,,,,,,,,,,,,,,,,,,,,,,,,,,,,,,,,,,,,,,,,,,,,,,,,,,,,,,,,,,,,
Etat financier ATIJARI ASSURANCES 2025,16,2,,299 407,,,,,,,,,,,,,,,,,,,,,,,,,"Etat, organismes de sécurité sociale, collectivités
publiques",,,,,,,,,,740 920,,,,,,,,,,,,,,,,,,,,,,,,,,,,,,,,,,,,,,,,,,,,,,,,,,,,,,,,,,,,,,,,,,,,,,,,,,,
Etat financier ATIJARI ASSURANCES 2025,16,2,,3 483 409,,,,,,,,,,,,,,,,,,,,,,,,,Divers fournisseurs d'exploitation,,,,,,,,,,495 554,,,,,,,,,,,,,,,,,,,,,,,,,,,,,,,,,,,,,,,,,,,,,,,,,,,,,,,,,,,,,,,,,,,,,,,,,,,
Etat financier ATIJARI ASSURANCES 2025,16,2,,41 524,,,,,,,,,,,,,,,,,,,,,,,,,Fournisseurs factures non encore parvenues,,,,,,,,,,51 364,,,,,,,,,,,,,,,,,,,,,,,,,,,,,,,,,,,,,,,,,,,,,,,,,,,,,,,,,,,,,,,,,,,,,,,,,,,
Etat financier ATIJARI ASSURANCES 2025,16,2,,,,,,,,,,,,,,,,,,,,,,,,,,,Créditeurs divers,,,,,,,,,3 524 933,546 918,,,,,,,,,,,,,,,,,,,,,,,,,,,,,,,,,,,,,,,,,,,,,,,,,,,,,,,,,,,,,,,,,,,,,,,,,,,
Etat financier ATIJARI ASSURANCES 2025,16,2,,3 527,,,,,,,,,,,,,,,,,,,,,,,,,Personnel rémunérations dues,,,,,,,,,,2 141,,,,,,,,,,,,,,,,,,,,,,,,,,,,,,,,,,,,,,,,,,,,,,,,,,,,,,,,,,,,,,,,,,,,,,,,,,,
Etat financier ATIJARI ASSURANCES 2025,16,2,,,,,,,,,,,,,,,,,,,,,,,,,,,Total,,,,,,,,,3 827 867,1 289 979,,,,,,,,,,,,,,,,,,,,,,,,,,,,,,,,,,,,,,,,,,,,,,,,,,,,,,,,,,,,,,,,,,,,,,,,,,,
Etat financier ATIJARI ASSURANCES 2025,17,1,,,1 250 000,,950 000,,,,,,,,,,,,,,,,,,,,,,Provision pour bonus à payer,,,,,,,,,,,,,,,,,,,,,,,,,,,,,,,,,,,,,,,,,,,,,,,,,,,,,,,,,,,,,,,,,,,,,,,,,,,,,,,,,,,,,
Etat financier ATIJARI ASSURANCES 2025,17,1,,,153 000,,144 900,,,,,,,,,,,,,,,,,,,,,,Provision Rémunération spéciale,,,,,,,,,,,,,,,,,,,,,,,,,,,,,,,,,,,,,,,,,,,,,,,,,,,,,,,,,,,,,,,,,,,,,,,,,,,,,,,,,,,,,
Etat financier ATIJARI ASSURANCES 2025,17,1,,,390 188,,751 499,,,,,,,,,,,,,,,,,,,,,,Provision Challenges aux réseaux,,,,,,,,,,,,,,,,,,,,,,,,,,,,,,,,,,,,,,,,,,,,,,,,,,,,,,,,,,,,,,,,,,,,,,,,,,,,,,,,,,,,,
Etat financier ATIJARI ASSURANCES 2025,17,1,,,0,,185 053,,,,,,,,,,,,,,,,,,,,,,Provisions pour cadeaux,,,,,,,,,,,,,,,,,,,,,,,,,,,,,,,,,,,,,,,,,,,,,,,,,,,,,,,,,,,,,,,,,,,,,,,,,,,,,,,,,,,,,
Etat financier ATIJARI ASSURANCES 2025,17,1,,,1 718 146,,1 235 586,,,,,,,,,,,,,,,,,,,,,,Commission d'acquisition/PANE,,,,,,,,,,,,,,,,,,,,,,,,,,,,,,,,,,,,,,,,,,,,,,,,,,,,,,,,,,,,,,,,,,,,,,,,,,,,,,,,,,,,,
Etat financier ATIJARI ASSURANCES 2025,17,1,,,171 877,,142 011,,,,,,,,,,,,,,,,,,,,,,Cotisations Assurance Groupe à payer,,,,,,,,,,,,,,,,,,,,,,,,,,,,,,,,,,,,,,,,,,,,,,,,,,,,,,,,,,,,,,,,,,,,,,,,,,,,,,,,,,,,,
Etat financier ATIJARI ASSURANCES 2025,17,1,,,3 464 724,,1 107 953,,,,,,,,,,,,,,,,,,,,,,Redevance SI WASSIL,,,,,,,,,,,,,,,,,,,,,,,,,,,,,,,,,,,,,,,,,,,,,,,,,,,,,,,,,,,,,,,,,,,,,,,,,,,,,,,,,,,,,
Etat financier ATIJARI ASSURANCES 2025,17,1,,,921 242,,921 242,,,,,,,,,,,,,,,,,,,,,,Provision IS,,,,,,,,,,,,,,,,,,,,,,,,,,,,,,,,,,,,,,,,,,,,,,,,,,,,,,,,,,,,,,,,,,,,,,,,,,,,,,,,,,,,,
Etat financier ATIJARI ASSURANCES 2025,17,1,,,7 666 638,,7 401 269,,,,,,,,,,,,,,,,,,,,,,Diverses charges à payer,,,,,,,,,,,,,,,,,,,,,,,,,,,,,,,,,,,,,,,,,,,,,,,,,,,,,,,,,,,,,,,,,,,,,,,,,,,,,,,,,,,,,
Etat financier ATIJARI ASSURANCES 2025,17,1,,,93 323,,54 936,,,,,,,,,,,,,,,,,,,,,,Capitaux constitutifs de rentes,,,,,,,,,,,,,,,,,,,,,,,,,,,,,,,,,,,,,,,,,,,,,,,,,,,,,,,,,,,,,,,,,,,,,,,,,,,,,,,,,,,,,
Etat financier ATIJARI ASSURANCES 2025,17,1,,,,,,,,,,,,,,,,,,,,,,,,,,,Total,,,,,,,,,15 829 138,12 894 449,,,,,,,,,,,,,,,,,,,,,,,,,,,,,,,,,,,,,,,,,,,,,,,,,,,,,,,,,,,,,,,,,,,,,,,,,,,
Etat financier ATIJARI ASSURANCES 2025,17,2,,169 002 179,139 843 492,,,,,,,,,,,,,,,,,,,,,,,,Primes émises,,,,,,,,,,,29 158 687,"20,85%",,,,,,,,,,,,,,,,,,,,,,,,,,,,,,,,,,,,,,,,,,,,,,,,,,,,,,,,,,,,,,,,,,,,,,,,,
Etat financier ATIJARI ASSURANCES 2025,17,2,,-501,-178 186,,,,,,,,,,,,,,,,,,,,,,,,Primes annulées,,,,,,,,,,,177 685,"-99,72%",,,,,,,,,,,,,,,,,,,,,,,,,,,,,,,,,,,,,,,,,,,,,,,,,,,,,,,,,,,,,,,,,,,,,,,,,
Etat financier ATIJARI ASSURANCES 2025,17,2,,169 001 678,139 665 306,,,,,,,,,,,,,,,,,,,,,,,,Primes émises nettes,,,,,,,,,,,29 336 372,"21,00%",,,,,,,,,,,,,,,,,,,,,,,,,,,,,,,,,,,,,,,,,,,,,,,,,,,,,,,,,,,,,,,,,,,,,,,,,
Etat financier ATIJARI ASSURANCES 2025,17,2,,-418 862,2 698 935,,,,,,,,,,,,,,,,,,,,,,,,"Variation Primes acquises non
encore émises",,,,,,,,,,,-3 117 797,"-115,52%",,,,,,,,,,,,,,,,,,,,,,,,,,,,,,,,,,,,,,,,,,,,,,,,,,,,,,,,,,,,,,,,,,,,,,,,,
Etat financier ATIJARI ASSURANCES 2025,17,2,,,,,,,,,,,,,,,,,,,,,,,,,,,Chiffre d’affaires,,,,,,,,,168 582 816,142 364 241,26 218 575,"18,42%",,,,,,,,,,,,,,,,,,,,,,,,,,,,,,,,,,,,,,,,,,,,,,,,,,,,,,,,,,,,,,,,,,,,,,,,,
Etat financier ATIJARI ASSURANCES 2025,17,2,,-777 368,-701 010,,,,,,,,,,,,,,,,,,,,,,,,Primes cédées,,,,,,,,,,,-76 358,"10,89%",,,,,,,,,,,,,,,,,,,,,,,,,,,,,,,,,,,,,,,,,,,,,,,,,,,,,,,,,,,,,,,,,,,,,,,,,
Etat financier ATIJARI ASSURANCES 2025,17,2,,,,,,,,,,,,,,,,,,,,,,,,,,,Total net,,,,,,,,,167 805 448,141 663 231,26 142 21,"18,45%",,,,,,,,,,,,,,,,,,,,,,,,,,,,,,,,,,,,,,,,,,,,,,,,,,,,,,,,,,,,,,,,,,,,,,,,,
Etat financier ATIJARI ASSURANCES 2025,18,1,,6 745 681,,6 062 390,,,,,,,,,,,,,,,,,,,,,,,,,,,,,,,,,,,,Sinistres payés,,,,,,,,,,,,,,,,,,,,,,,,,,,,,,,,,,,,,,,,,,,,,,,,,,,,,,,,,,,,,,,,,,,,,,,,
Etat financier ATIJARI ASSURANCES 2025,18,1,,-662 161,,-423 011,,,,,,,,,,,,,,,,,,,,,,,,,,,,,,,,,,,,Part des réassureurs,,,,,,,,,,,,,,,,,,,,,,,,,,,,,,,,,,,,,,,,,,,,,,,,,,,,,,,,,,,,,,,,,,,,,,,,
Etat financier ATIJARI ASSURANCES 2025,18,1,,6 083 520,,5 639 379,,,,,,,,,,,,,,,,,,,,,,,,,,,,,,,,,,,,S/T,,,,,,,,,,,,,,,,,,,,,,,,,,,,,,,,,,,,,,,,,,,,,,,,,,,,,,,,,,,,,,,,,,,,,,,,
Etat financier ATIJARI ASSURANCES 2025,18,1,,2 672 181,,2 615 610,,,,,,,,,,,,,,,,,,,,,,,,,,,,,,,,,,,,Variations des provisions pour sinistres à payer,,,,,,,,,,,,,,,,,,,,,,,,,,,,,,,,,,,,,,,,,,,,,,,,,,,,,,,,,,,,,,,,,,,,,,,,
Etat financier ATIJARI ASSURANCES 2025,18,1,,-273 513,,-540 641,,,,,,,,,,,,,,,,,,,,,,,,,,,,,,,,,,,,Part des réassureurs,,,,,,,,,,,,,,,,,,,,,,,,,,,,,,,,,,,,,,,,,,,,,,,,,,,,,,,,,,,,,,,,,,,,,,,,
Etat financier ATIJARI ASSURANCES 2025,18,1,,2 398 668,,2 074 969,,,,,,,,,,,,,,,,,,,,,,,,,,,,,,,,,,,,S/T,,,,,,,,,,,,,,,,,,,,,,,,,,,,,,,,,,,,,,,,,,,,,,,,,,,,,,,,,,,,,,,,,,,,,,,,
Etat financier ATIJARI ASSURANCES 2025,18,1,,90 560 417,,80 417 390,,,,,,,,,,,,,,,,,,,,,,,,,,,,,,,,,,,,Prestations payées,,,,,,,,,,,,,,,,,,,,,,,,,,,,,,,,,,,,,,,,,,,,,,,,,,,,,,,,,,,,,,,,,,,,,,,,
Etat financier ATIJARI ASSURANCES 2025,18,1,,0,,0,,,,,,,,,,,,,,,,,,,,,,,,,,,,,,,,,,,,Variation des provisions pour prestations à payer,,,,,,,,,,,,,,,,,,,,,,,,,,,,,,,,,,,,,,,,,,,,,,,,,,,,,,,,,,,,,,,,,,,,,,,,
Etat financier ATIJARI ASSURANCES 2025,18,1,,90 560 417,,80 417 390,,,,,,,,,,,,,,,,,,,,,,,,,,,,,,,,,,,,S/T,,,,,,,,,,,,,,,,,,,,,,,,,,,,,,,,,,,,,,,,,,,,,,,,,,,,,,,,,,,,,,,,,,,,,,,,
Etat financier ATIJARI ASSURANCES 2025,18,1,,1 258 991,,947 132,,,,,,,,,,,,,,,,,,,,,,,,,,,,,,,,,,,,Charges de gestion des sinistres,,,,,,,,,,,,,,,,,,,,,,,,,,,,,,,,,,,,,,,,,,,,,,,,,,,,,,,,,,,,,,,,,,,,,,,,
Etat financier ATIJARI ASSURANCES 2025,18,1,,133 609,,130 781,,,,,,,,,,,,,,,,,,,,,,,,,,,,,,,,,,,,Variation provision pour charges de sinistres,,,,,,,,,,,,,,,,,,,,,,,,,,,,,,,,,,,,,,,,,,,,,,,,,,,,,,,,,,,,,,,,,,,,,,,,
Etat financier ATIJARI ASSURANCES 2025,18,1,,1 392 600,,1 077 913,,,,,,,,,,,,,,,,,,,,,,,,,,,,,,,,,,,,S/T,,,,,,,,,,,,,,,,,,,,,,,,,,,,,,,,,,,,,,,,,,,,,,,,,,,,,,,,,,,,,,,,,,,,,,,,
Etat financier ATIJARI ASSURANCES 2025,18,1,,,,,,,,,,,,,,,,,,,,,,,,,,,,,,,,,,,,100 435 205,89 209 651,,,Total charges de sinistre,,,,,,,,,,,,,,,,,,,,,,,,,,,,,,,,,,,,,,,,,,,,,,,,,,,,,,,,,,,,,,,,,,,,,,,,
Etat financier ATIJARI ASSURANCES 2025,18,2,,93 183 139,,,,,,,,,,,,,,,,,,,,,,,,,Var. Provisions mathématique Epargne,,,,,,,,,,73 788 577,,,,,,,,,,,,,,,,,,,,,,,,,,,,,,,,,,,,,,,,,,,,,,,,,,,,,,,,,,,,,,,,,,,,,,,,,,,
Etat financier ATIJARI ASSURANCES 2025,18,2,,1 148 260,,,,,,,,,,,,,,,,,,,,,,,,,Var. Provision pour participation aux bénéfices,,,,,,,,,,2 180 496,,,,,,,,,,,,,,,,,,,,,,,,,,,,,,,,,,,,,,,,,,,,,,,,,,,,,,,,,,,,,,,,,,,,,,,,,,,
Etat financier ATIJARI ASSURANCES 2025,18,2,,598 448,,,,,,,,,,,,,,,,,,,,,,,,,Var. Provisions mathématique Décès,,,,,,,,,,214 335,,,,,,,,,,,,,,,,,,,,,,,,,,,,,,,,,,,,,,,,,,,,,,,,,,,,,,,,,,,,,,,,,,,,,,,,,,,
Etat financier ATIJARI ASSURANCES 2025,18,2,,891 080,,,,,,,,,,,,,,,,,,,,,,,,,Var. Provisions mathématique PU Assur emprunt,,,,,,,,,,840 196,,,,,,,,,,,,,,,,,,,,,,,,,,,,,,,,,,,,,,,,,,,,,,,,,,,,,,,,,,,,,,,,,,,,,,,,,,,
Etat financier ATIJARI ASSURANCES 2025,18,2,,-4 700,,,,,,,,,,,,,,,,,,,,,,,,,Var. Provision d’égalisation,,,,,,,,,,-5 278,,,,,,,,,,,,,,,,,,,,,,,,,,,,,,,,,,,,,,,,,,,,,,,,,,,,,,,,,,,,,,,,,,,,,,,,,,,
Etat financier ATIJARI ASSURANCES 2025,18,2,,,,,,,,,,,,,,,,,,,,,,,,,,,Total brut de la variation des autres provisions d’assurance vie,,,,,,,,,95 816 227,77 018 326,,,,,,,,,,,,,,,,,,,,,,,,,,,,,,,,,,,,,,,,,,,,,,,,,,,,,,,,,,,,,,,,,,,,,,,,,,,
Etat financier ATIJARI ASSURANCES 2025,18,2,,32 974,,,,,,,,,,,,,,,,,,,,,,,,,Var. Part des réassureurs dans les PM,,,,,,,,,,16 886,,,,,,,,,,,,,,,,,,,,,,,,,,,,,,,,,,,,,,,,,,,,,,,,,,,,,,,,,,,,,,,,,,,,,,,,,,,
Etat financier ATIJARI ASSURANCES 2025,18,2,,,,,,,,,,,,,,,,,,,,,,,,,,,Total net de la variation des autres provisions d’assurance vie,,,,,,,,,95 849 201,77 035 212,,,,,,,,,,,,,,,,,,,,,,,,,,,,,,,,,,,,,,,,,,,,,,,,,,,,,,,,,,,,,,,,,,,,,,,,,,,
Etat financier ATIJARI ASSURANCES 2025,21,1,,,,,,,,,,,,,,,,,,,,,,,,,,,,,,,,,,,,,,,,,Attijari leasing,35 000 000,3 000 000,41 000 000,939 500,,,,,,,,,,,,,,,,,,,,,,,,,,,,,,,,,,,,,,,,,,,,,,,,,,,,,,,,,,,,,,,,,,,
Etat financier ATIJARI ASSURANCES 2025,21,1,,,,,,,,,,,,,,,,,,,,,,,,,,,,,,,,,,,,,,,,,Attijari Banque,80 000 000,2 000 000,84 000 000,612 000,,,,,,,,,,,,,,,,,,,,,,,,,,,,,,,,,,,,,,,,,,,,,,,,,,,,,,,,,,,,,,,,,,,
Etat financier ATIJARI ASSURANCES 2025,21,2,,,,,,,,,,,,,,,,,,,,,,,,,,,,,,,,,,,,,,,,,,,,,,clôture,,,,,,,,,,,,,,,,,,,,,,,,,,,,,,,,,,,,,,,,,,,,,,,,,,,,,,,,,,,,,,,,,,
Etat financier ATIJARI ASSURANCES 2025,21,3,,,,,,,,,,,,,,,,,,,,,,,,,,,,,,,,,,,,,,,,,,,,,,,bruts,,,,,,,,,,,,,,,,,,,,,,,,,,,,,,,,,,,,,,,,,,,,,,,,,,,,,,,,,,,,,,,,,
Etat financier ATIJARI ASSURANCES 2025,21,4,,Remboursements,,,,,,,,,,,,,,,,,,,,,,,,,,,,,,,,,,,,,,,,,,,,,,perçus,,,,,,,,,,,,,,,,,,,,,,,,,,,,,,,,,,,,,,,,,,,,,,,,,,,,,,,,,,,,,,,,
Etat financier ATIJARI ASSURANCES 2025,21,4,,,,,,,,,,,,,,,,,,,,,,,,,,,,,,,,,,,,,,,,,,,,,,,,d’avance,,,,,,,,,,,,,,,,,,,,,,,,,,,,,,,,,,,,,,,,,,,,,,,,,,,,,,,,,,,,,,,,
Etat financier ATIJARI ASSURANCES 2025,21,4,,103 500 000,740 120,,,,,,,,,,,,,,,,,,,,,,,,,,,,,,,,,,,,,,Attijari Bank,103 500 000,,-,,,,,,,,,,,,,,,,,,,,,,,,,,,,,,,,,,,,,,,,,,,,,,,,,,,,,,,,,,,,,,,,,,,,
Etat financier ATIJARI ASSURANCES 2025,21,5,,Dividendes,,,,,,,,,,,,,,,,,,,,,,,,,,,,,,,,,,,,,,,,,,,,,,,,,,,,,,,,,,,,,,,,,,,,,,,,,,,,,,,,,,,,,,,,,,,,,,,,,,,,,,,,,,,,,,
Etat financier ATIJARI ASSURANCES 2025,21,5,,,,,,,,,,,,,,,,,,,,,,,,,,,,,,,,,,,,,,,,,,,,,,clôture,,,,,,,,,,,,,,,,,,,,,,,,,,,,,,,,,,,,,,,,,,,,,,,,,,,,,,,,,,,,,,,,,,
Etat financier ATIJARI ASSURANCES 2025,21,5,,,,,,,,,,,,,,,,,,,,,,,,,,,,,,,,,,,,,,,,,,,,,,,,,,,,,,,,,,,,,,,,,,,,,,,,,,,,,,,,,,,,,,,,,,,,,,,,,,,,,,,,,,,,,,,,
Etat financier ATIJARI ASSURANCES 2025,21,5,,1 311 821,27 563 499,,,,,,,,,,,,,,,,,,,,,,,,,,,,,,,,,,,,,,"Attijari
intermédiation",14 600 355,,,,,,,636,-7,,,,,,,,,,,,,,,,,,,,,,,,,,,,,,,,,,,,,,,,,,,,,,,,,,,,,,,,,,,,,,
Etat financier ATIJARI ASSURANCES 2025,21,5,,2 927 010,261 378,,,,,,,,,,,,,,,,,,,,,,,,,,,,,,,,,,,,,,Attijari Bank,44 506 078,,,,,,,49 972 356,-247 177,,,,,,,,,,,,,,,,,,,,,,,,,,,,,,,,,,,,,,,,,,,,,,,,,,,,,,,,,,,,,,
Etat financier ATIJARI ASSURANCES 2025,21,6,,,,,,,,,,,,,,,,,,,,,,,,,,,,,,,,,,,,,,,,,Attijari Bank,,,,,,,,,,6 401 917,7 162 650,7 640 693,,,,,,,,,,,,,,,,,,,,,,,,,,,,,,,,,,,,,,,,,,,,,,,,,,,,,,,,,,,
Etat financier ATIJARI ASSURANCES 2025,22,1,,,,,,,,,,,,,,,,,,,,,,,,,,,,,,,,,,,,,,,,,,,,,,,,,,,,,,charges,,,,,,,,,,,,,,,,,,,,,,,,,,,,,,,,,,,,,,,,,,,,,,,,,,,,,,,,,,
Etat financier ATIJARI ASSURANCES 2025,22,1,,35 549,,,,,,,,,,,,,,,,,,,,,,,,,,,,,,,,,,,,,,,Attijari Bank,,,,,,,,,,0,0,,,,,,,,,,,,,,,,,,,,,,,,,,,,,,,,,,,,,,,,,,,,,,,,,,,,,,,,,,,,
Etat financier ATIJARI ASSURANCES 2025,22,2,,Attijari Bank,,1 474 498,,,,,,,,,,,,,,,,,,,,,,,,,,,,,,,,,,,,,,,,,,,,,,,,,,,,,,,,,,,,,,,,,,,,,,,,,,,,,,,,,,,,,,,,,,,,,,,,,,,,,,,,,,,,
Etat financier ATIJARI ASSURANCES 2025,22,3,,,,,,,,,,,,,,,,,,,,,,,,,,,,,,,,,,,,,,,,,Wafa Assurance,,,,,,,,,,-,,,,,3 464 724,,,,,,,,,,,,,,,,,,,,,,,,,,,,,,,,,,,,,,,,,,,,,,,,,,,,,,,,
Etat financier ATIJARI ASSURANCES 2025,22,4,,,,,,,,,,,,,,,,,,,,,,,,,,,,,,,,,,,,,,,,,Wafa assurance,,,,,,,,,,,,,,,,135 200,,,,,,,,,,,,,,,,,,,,,,,,,,,,,,,,,,,,,,,,,,,,,,,,,,,,,,,
Etat financier ATIJARI ASSURANCES 2025,26,1,,,,,Valeur brute,,,,,,,,,,,,,,,,,,,,,,,,,,,,,,,,,,,,,,,,,,,,,,,,,,,,,Désignation,,Amortissements et provisions,,,,,,,,,,,,,,,,,,,,,,"V.C.N. à
clôtur",,"la
e",,,,,,,,,,,,,,,,,,,,,,,,,,,,
Etat financier ATIJARI ASSURANCES 2025,26,1,,,,À l'ouverture,,,Acquisitions,,,"V.C.N. à la
clôture",,,A la clôture,,,,,,,,,,,,,,,,,,,,,,,,,,,,,,,,,,,,,,,,,,,,,,,A l'ouverture,,,,,Augmentations,,,,,,Diminutions (1),,,,,,A la clôture,,,,,,,,,,,,,,,,,,,,,,,,,,,,,,,,,,,
Etat financier ATIJARI ASSURANCES 2025,26,1,,,,,,,,,,,,,,,,,,,,,,,,,,,,,,,,,,,,,,,,,,,,,,,,,,,,,,,,,,,,Amortissem,,Provisions,,,Amortissem,,Provisions,,,,Amortisse,,,Provisio,,,Amortisse,,Provisions,,,,,,,,,,,,,,,,,,,,,,,,,,,,,,,,,
Etat financier ATIJARI ASSURANCES 2025,26,1,,,,,,,,,,,,,,,,,,,,,,,,,,,,,,,,,,,,,,,,,,,,,,,,,,,,,,,,,,,,ents,,,,,ents,,,,,,ments,,,ns,,,ments,,,,,,,,,,,,,,,,,,,,,,,,,,,,,,,,,,,
Etat financier ATIJARI ASSURANCES 2025,26,1,,Actifs incorporels,,,1 150 178,,,100 997,,,20 841,,,,,1 230 334,,,,,,,,,,,,,,,,,,,,,,,,,,,,,,,,,,,,,,,,,,,,709 613,,0,,,152 185,,,0,,,0,,,0,,,861 798,,,0,,,368 53,6,,,,,,,,,,,,,,,,,,,,,,,,,,,,
Etat financier ATIJARI ASSURANCES 2025,26,1,,Frais de recherche et développement,,,0,,,,,,,,,,,0,,,,,,,,,,,,,,,,,,,,,,,,,,,,,,,,,,,,,,,,,,,,0,,0,,,0,,,0,,,0,,,0,,,0,,,0,,,0,,,,,,,,,,,,,,,,,,,,,,,,,,,,,
Etat financier ATIJARI ASSURANCES 2025,26,1,,,,,,,,,,,,,,,,,,,,,,,,,,,,,,,,,,,,,,,,,,,,,,,,,,,,,,,,,,,,,,,,,,,,,,,,,,,,,,,,,,,,,,,,,,,,,,,,,,,,,,,,,,,,,,,,
Etat financier ATIJARI ASSURANCES 2025,26,1,,"Concessions, brevets, licences, marques",,,1 150 178,,,100 997,,,20 841,,,,,1 230 334,,,,,,,,,,,,,,,,,,,,,,,,,,,,,,,,,,,,,,,,,,,,709 613,,0,,,152 185,,,0,,,0,,,0,,,861 798,,,0,,,368 53,6,,,,,,,,,,,,,,,,,,,,,,,,,,,,
Etat financier ATIJARI ASSURANCES 2025,26,1,,Fonds de commerce,,,0,,,0,,,0,,,,,0,,,,,,,,,,,,,,,,,,,,,,,,,,,,,,,,,,,,,,,,,,,,0,,0,,,0,,,0,,,0,,,0,,,0,,,0,,,0,,,,,,,,,,,,,,,,,,,,,,,,,,,,,
Etat financier ATIJARI ASSURANCES 2025,26,1,,Acomptes versés,,,0,,,0,,,0,,,,,0,,,,,,,,,,,,,,,,,,,,,,,,,,,,,,,,,,,,,,,,,,,,0,,0,,,0,,,0,,,0,,,0,,,0,,,0,,,0,,,,,,,,,,,,,,,,,,,,,,,,,,,,,
Etat financier ATIJARI ASSURANCES 2025,26,1,,Actifs corporels d'exploitation,,,3 479 242,,,418 442,,,0,,,,,3 897 684,,,,,,,,,,,,,,,,,,,,,,,,,,,,,,,,,,,,,,,,,,,,1 859 904,,0,,,704 395,,,0,,,0,,,0,,,2 564 299,,,0,,,1 333 3,85,,,,,,,,,,,,,,,,,,,,,,,,,,,,
Etat financier ATIJARI ASSURANCES 2025,26,1,,Installations techniques et machines,,,0,,,0,,,0,,,,,0,,,,,,,,,,,,,,,,,,,,,,,,,,,,,,,,,,,,,,,,,,,,0,,0,,,0,,,0,,,0,,,0,,,0,,,0,,,0,,,,,,,,,,,,,,,,,,,,,,,,,,,,,
Etat financier ATIJARI ASSURANCES 2025,26,1,,,,3 479 242,,,418 442,,,0,,,3 897 684,,,,,,,,,,,,,,,,,,,,,,,,,,,,,,,,,,,,,,,,,,,,,"Autres installations, outillage et mobilier",1 859 904,,,0,,704 395,,,0,,,0,,,0,,,2 564 299,,,0,,,1 333 3,,85,,,,,,,,,,,,,,,,,,,,,,,,,,,,
Etat financier ATIJARI ASSURANCES 2025,26,1,,,,0,,,0,,,0,,,0,,,,,,,,,,,,,,,,,,,,,,,,,,,,,,,,,,,,,,,,,,,,,Acomptes versés,0,,,0,,0,,,0,,,0,,,0,,,0,,,0,,,0,,,,,,,,,,,,,,,,,,,,,,,,,,,,,,
Etat financier ATIJARI ASSURANCES 2025,26,1,,Placements,,,857 434 303,,,927 450 995,,,837 969 953,,,,,946 915 344,,,,,,,,,,,,,,,,,,,,,,,,,,,,,,,,,,,,,,,,,,,,1 753 536,,6 500 525,,,300 197,,,21 779,,,0,,,0,,,2 053 734,,,6 522 304,,,938 339,307,,,,,,,,,,,,,,,,,,,,,,,,,,,,
Etat financier ATIJARI ASSURANCES 2025,26,1,,Terrains et constructions d'exploitation et hors,,42 843 823,,,1 967 495,,,0,,,44 811 318,,,,,,,,,,,,,,,,,,,,,,,,,,,,,,,,,,,,,,,,,,,,,,1 753 536,,,0,,300 197,,,0,,,0,,,0,,,2 053 734,,,0,,,42 757,,584,,,,,,,,,,,,,,,,,,,,,,,,,,,,
Etat financier ATIJARI ASSURANCES 2025,26,1,,exploitation,,,,,,,,,,,,,,,,,,,,,,,,,,,,,,,,,,,,,,,,,,,,,,,,,,,,,,,,,,,,,,,,,,,,,,,,,,,,,,,,,,,,,,,,,,,,,,,,,,,,,,,,,,,,,,
Etat financier ATIJARI ASSURANCES 2025,26,1,,Placements dans les entreprises liées,,,0,,,0,,,0,,,,,0,,,,,,,,,,,,,,,,,,,,,,,,,,,,,,,,,,,,,,,,,,,,0,,0,,,0,,,0,,,0,,,0,,,0,,,0,,,0,,,,,,,,,,,,,,,,,,,,,,,,,,,,,
Etat financier ATIJARI ASSURANCES 2025,26,1,,Parts,,,0,,,0,,,0,,,,,0,,,,,,,,,,,,,,,,,,,,,,,,,,,,,,,,,,,,,,,,,,,,0,,0,,,0,,,0,,,0,,,0,,,0,,,0,,,0,,,,,,,,,,,,,,,,,,,,,,,,,,,,,
Etat financier ATIJARI ASSURANCES 2025,26,1,,Bons et obligations,,,0,,,0,,,0,,,,,0,,,,,,,,,,,,,,,,,,,,,,,,,,,,,,,,,,,,,,,,,,,,0,,0,,,0,,,0,,,0,,,0,,,0,,,0,,,0,,,,,,,,,,,,,,,,,,,,,,,,,,,,,
Etat financier ATIJARI ASSURANCES 2025,26,1,,Placements dans les entreprises avec un lien de,,0,,,0,,,0,,,0,,,,,,,,,,,,,,,,,,,,,,,,,,,,,,,,,,,,,,,,,,,,,,0,,,0,,0,,,0,,,0,,,0,,,0,,,0,,,0,,,,,,,,,,,,,,,,,,,,,,,,,,,,,,
Etat financier ATIJARI ASSURANCES 2025,26,1,,participation,,,,,,,,,,,,,,,,,,,,,,,,,,,,,,,,,,,,,,,,,,,,,,,,,,,,,,,,,,,,,,,,,,,,,,,,,,,,,,,,,,,,,,,,,,,,,,,,,,,,,,,,,,,,,,
Etat financier ATIJARI ASSURANCES 2025,26,1,,Parts,,,0,,,0,,,0,,,,,0,,,,,,,,,,,,,,,,,,,,,,,,,,,,,,,,,,,,,,,,,,,,0,,0,,,0,,,0,,,0,,,0,,,0,,,0,,,0,,,,,,,,,,,,,,,,,,,,,,,,,,,,,
Etat financier ATIJARI ASSURANCES 2025,26,1,,Bons et obligations,,,0,,,0,,,0,,,,,0,,,,,,,,,,,,,,,,,,,,,,,,,,,,,,,,,,,,,,,,,,,,0,,0,,,0,,,0,,,0,,,0,,,0,,,0,,,0,,,,,,,,,,,,,,,,,,,,,,,,,,,,,
Etat financier ATIJARI ASSURANCES 2025,26,1,,Autres placements financiers,,,814 590 480,,,925 483 500,,,837 969 953,,,,,902 104 027,,,,,,,,,,,,,,,,,,,,,,,,,,,,,,,,,,,,,,,,,,,,0,,6 500 525,,,0,,,21 779,,,0,,,0,,,0,,,6 522 304,,,895 581,722,,,,,,,,,,,,,,,,,,,,,,,,,,,,
Etat financier ATIJARI ASSURANCES 2025,26,1,,"Actions, autres titres à revenu variable",,,25 934 790,,,59 106 433,,,50 220 176,,,,,34 821 046,,,,,,,,,,,,,,,,,,,,,,,,,,,,,,,,,,,,,,,,,,,,0,,6 500 525,,,0,,,21 779,,,0,,,0,,,0,,,6 522 304,,,28 298,742,,,,,,,,,,,,,,,,,,,,,,,,,,,,
Etat financier ATIJARI ASSURANCES 2025,26,1,,Obligations et autres titres à revenu fixe,,,591 035 842,,,149 960 755,,,7 400 000,,,,,733 596 597,,,,,,,,,,,,,,,,,,,,,,,,,,,,,,,,,,,,,,,,,,,,0,,0,,,0,,,0,,,0,,,0,,,0,,,0,,,733 596,597,,,,,,,,,,,,,,,,,,,,,,,,,,,,
Etat financier ATIJARI ASSURANCES 2025,26,1,,Prêts hypothécaire,,,0,,,0,,,0,,,,,0,,,,,,,,,,,,,,,,,,,,,,,,,,,,,,,,,,,,,,,,,,,,0,,0,,,0,,,0,,,0,,,0,,,0,,,0,,,0,,,,,,,,,,,,,,,,,,,,,,,,,,,,,
Etat financier ATIJARI ASSURANCES 2025,26,1,,Autres prêts,,,85 473 145,,,16 341 838,,,15 800 661,,,,,86 014 322,,,,,,,,,,,,,,,,,,,,,,,,,,,,,,,,,,,,,,,,,,,,0,,0,,,0,,,0,,,0,,,0,,,0,,,0,,,86 014,322,,,,,,,,,,,,,,,,,,,,,,,,,,,,
Etat financier ATIJARI ASSURANCES 2025,26,1,,Dépôt auprès des établi. Bancaires et financiers,,,112 137 703,,,700 074 474,,,764 549 116,,,,,47 663 060,,,,,,,,,,,,,,,,,,,,,,,,,,,,,,,,,,,,,,,,,,,,0,,0,,,0,,,0,,,0,,,0,,,0,,,0,,,47 663,060,,,,,,,,,,,,,,,,,,,,,,,,,,,,
Etat financier ATIJARI ASSURANCES 2025,26,1,,Autres,,,9 000,,,0,,,0,,,,,9 000,,,,,,,,,,,,,,,,,,,,,,,,,,,,,,,,,,,,,,,,,,,,0,,0,,,0,,,0,,,0,,,0,,,0,,,0,,,9 000,,,,,,,,,,,,,,,,,,,,,,,,,,,,,
Etat financier ATIJARI ASSURANCES 2025,26,1,,Créances pour espèces déposés,,,0,,,0,,,0,,,,,0,,,,,,,,,,,,,,,,,,,,,,,,,,,,,,,,,,,,,,,,,,,,0,,0,,,0,,,0,,,0,,,0,,,0,,,0,,,0,,,,,,,,,,,,,,,,,,,,,,,,,,,,,
Etat financier ATIJARI ASSURANCES 2025,26,1,,Placements des contrats en UC,,,0,,,0,,,0,,,,,0,,,,,,,,,,,,,,,,,,,,,,,,,,,,,,,,,,,,,,,,,,,,0,,0,,,0,,,0,,,0,,,0,,,0,,,0,,,0,,,,,,,,,,,,,,,,,,,,,,,,,,,,,
Etat financier ATIJARI ASSURANCES 2025,26,1,,,,862 063 723,,,927 970 433,,,837 990 794,,,952 043 363,,,,,,,,,,,,,,,,,,,,,,,,,,,,,,,,,,,,,,,,,,,,,TOTAL,4 323 054,,,6 500 525,,1 156 777,,,21 779,,,0,,,0,,,5 479 831,,,6 522 304,,,940 041,,228,,,,,,,,,,,,,,,,,,,,,,,,,,,,
Etat financier ATIJARI ASSURANCES 2025,26,1,,,,,,,,,,,,,,,,,,,,,,,,,,,,,,,,,,,,,,,,,,,,,,,,,,,,,,,,,,Page 26 sur 40,,,,,,,,,,,,,,,,,,,,,,,,,,,,,,,,,,,,,,,,,,,,,,,,,,,,,,
Etat financier ATIJARI ASSURANCES 2025,26,2,,,,,,,,,,,,,,,,,,,,,,,,,,,,,,,,,,,,,,,,,,,,,,,,,,,,,,,,,,,,,,,,,,,,,,,,,,,,,,,,,,,,,,clôtur,e,,,,,,,,,,,,,,,,,,,,,,,,,
Etat financier ATIJARI ASSURANCES 2025,26,3,,,,,,,,,,,,,,,,,,,,,,,,,,,,,,,,,,,,,,,,,,,,,,,,,,,,,,,,,,,,,,,,,,,,,,,,,,,,,,,,,,,,,,,,clôture,,,,,,,,,,,,,,,,,,,,,,,,
Etat financier ATIJARI ASSURANCES 2025,27,1,,"Placements immobiliers et
placements immobiliers en cours",,,,,,,,,,,,,,,,,,,,,,,,,,,,,,,,,,,,,,,,,,,,,,,,,,,,,,,,,,,,,,,,,,,,,,,,,,,,,,,,,,,,,,,44 811 318,42 757 584,,-2 053 734,,,,,,,,,,,,,,,,,,,,
Etat financier ATIJARI ASSURANCES 2025,27,1,,"Actions et autres titres à revenu
variable autres que les parts
d'OPCVM",,,,,,,,,,,,,,,,,,,,,,,,,,,,,,,,,,,,,,,,,,,,,,,,,,,,,,,,,,,,,,,,,,,,,,,,,,,,,,,,,,,,,,,34 821 046,28 298 742,,-6 522 304,,,,,,,,,,,,,,,,,,,,
Etat financier ATIJARI ASSURANCES 2025,27,1,,"Parts d'OPCVM détenant uniquement
des titres à revenu fixe",,,,,,,,,,,,,,,,,,,,,,,,,,,,,,,,,,,,,,,,,,,,,,,,,,,,,,,,,,,,,,,,,,,,,,,,,,,,,,,,,,,,,,,,,,,,,,,,,,,,,,,,,,,,,,
Etat financier ATIJARI ASSURANCES 2025,27,1,,Autres parts d'OPCVM,,,,,,,,,,,,,,,,,,,,,,,,,,,,,,,,,,,,,,,,,,,,,,,,,,,,,,,,,,,,,,,,,,,,,,,,,,,,,,,,,,,,,,,,,,,,,,,,,,,,,,,,,,,,,,
Etat financier ATIJARI ASSURANCES 2025,27,1,,"Obligations et autres titres à revenu
fixe",,,,,,,,,,,,,,,,,,,,,,,,,,,,,,,,,,,,,,,,,,,,,,,,,,,,,,,,,,,,,,,,,,,,,,,,,,,,,,,,,,,,,,,733 596 597,733 596 597,,0,,,,,,,,,,,,,,,,,,,,
Etat financier ATIJARI ASSURANCES 2025,27,1,,Prêts hypothécaires,,,,,,,,,,,,,,,,,,,,,,,,,,,,,,,,,,,,,,,,,,,,,,,,,,,,,,,,,,,,,,,,,,,,,,,,,,,,,,,,,,,,,,,,,,,,,,,,,,,,,,,,,,,,,,
Etat financier ATIJARI ASSURANCES 2025,27,1,,Autres prêts et effets assimilés,,,,,,,,,,,,,,,,,,,,,,,,,,,,,,,,,,,,,,,,,,,,,,,,,,,,,,,,,,,,,,,,,,,,,,,,,,,,,,,,,,,,,,,86 014 322,86 014 322,,,,,,,,,,,,,,,,,,,,,,
Etat financier ATIJARI ASSURANCES 2025,27,1,,"Dépôts auprès des entreprises
cédantes",,,,,,,,,,,,,,,,,,,,,,,,,,,,,,,,,,,,,,,,,,,,,,,,,,,,,,,,,,,,,,,,,,,,,,,,,,,,,,,,,,,,,,,,,,,,,,,,,,,,,,,,,,,,,,
Etat financier ATIJARI ASSURANCES 2025,27,1,,Autres dépôts,,,,,,,,,,,,,,,,,,,,,,,,,,,,,,,,,,,,,,,,,,,,,,,,,,,,,,,,,,,,,,,,,,,,,,,,,,,,,,,,,,,,,,,47 672 060,47 672 060,,0,,,,,,,,,,,,,,,,,,,,
Etat financier ATIJARI ASSURANCES 2025,27,1,,"Actifs représentatifs de contrats en
unités de comptes",,,,,,,,,,,,,,,,,,,,,,,,,,,,,,,,,,,,,,,,,,,,,,,,,,,,,,,,,,,,,,,,,,,,,,,,,,,,,,,,,,,,,,,,,,0,,,,,,,,,,,,,,,,,,,,
Etat financier ATIJARI ASSURANCES 2025,27,1,,,Total des Placements,,946 915 343,,,-8 576 038,,,,,,,,,,,,,,,,,,,,,,,,,,,,,,,,,,,,,,,,,,,,,,,,,,,,,,,,,,,,,,,,,,,,,,,,,,,,,,,,,,938 339 305,,,,,,,,,,,,,,,,,,,,,,
Etat financier ATIJARI ASSURANCES 2025,27,1,,"Dont montant de ces placements qui
est admis à la représentation des
provisions techniques",,,,,,,,,,,,,,,,,,,,,,,,,,,,,,,,,,,,,,,,,,,,,,,,,,,,,,,,,,,,,,,,,,,,,,,,,,,,,,,,,,,,,,,946 915 343,938 339 305,,8 576 038,,,,,,,,,,,,,,,,,,,,
Etat financier ATIJARI ASSURANCES 2025,27,1,,"Autres actifs affectables à la
représentation des provisions
techniques autres que les placements
ou la part des réassureurs dans les
provisions techniques",,,,,,,,,,,,,,,,,,,,,,,,,,,,,,,,,,,,,,,,,,,,,,,,,,,,,,,,,,,,,,,,,,,,,,,,,,,,,,,,,,,,,,,,,,,,,,,,,,,,,,,,,,,,,,
Etat financier ATIJARI ASSURANCES 2025,27,1,,,Total,,946 915 343,,,8 576 038,,,,,,,,,,,,,,,,,,,,,,,,,,,,,,,,,,,,,,,,,,,,,,,,,,,,,,,,,,,,,,,,,,,,,,,,,,,,,,,,,,938 339 305,,,,,,,,,,,,,,,,,,,,,,
Etat financier ATIJARI ASSURANCES 2025,28,1,,,,,,,,,,,,,,,,,,,,,,,,,,,,,,,,,,,,,,,,,,,,,,,,,,,,,,,,,,,,,,,,,,,,,,,,,,,,,,,,,,,,,,,,,,,,,,2013,2014,2015,2016,2017,2018,2019,2020,2021,2022,,,,,,,,,
Etat financier ATIJARI ASSURANCES 2025,28,1,,,,,,,,,,,,,,,,,,,,,,,,,,,,,,,,,,,,,,,,,,,,,,,,,,,,,,,,,,,,,,,,,,,,,,,,,,,,,,,,,,,,,,,,,,,,,"Inventaire 2022
Règlements cumulés
Provisions pour sinistres déclarés",8 9 362,"412 602
1 20 891","854 736
216 774","1 263 901
409 736","1 606 797
746 393","2 517 582
825 962","3 094 431
910 261","3 704 497
1 462 872","4 550 390
2 514 572","1 021 680
1 466 421",,,,,,,,,
Etat financier ATIJARI ASSURANCES 2025,28,1,,,,,,,,,,,,,,,,,,,,,,,,,,,,,,,,,,,,,,,,,,,,,,,,,,,,,,,,,,,,,,,,,,,,,,,,,,,,,,,,,,,,,,,,,,,,,Total charges des sinistres,89 362,533 493,1 071 510,1 673 637,2 353 190,3 343 544,4 004 692,5 167 368,7 064 962,2 488 101,,,,,,,,,
Etat financier ATIJARI ASSURANCES 2025,28,1,,,,,,,,,,,,,,,,,,,,,,,,,,,,,,,,,,,,,,,,,,,,,,,,,,,,,,,,,,,,,,,,,,,,,,,,,,,,,,,,,,,,,,,,,,,,,"Primes acquises
% sinistres / primes acquises","208 116
42,94%","2 973 594
17,94%","6 013 229
17,82%","9 575 231
17,48%","12 165 760
19,34%","14 090 001
23,73%","16 268 843
24,62%","16 043 348
32,21%","20 533 435
34,41%","19 392 115
12,83%",,,,,,,,,
Etat financier ATIJARI ASSURANCES 2025,28,2,,,,,,,,,,,,,,,,,,,,,,,,,,,,,,,,,,,,,,,,,,,,,,,,,,,,,,,,,,,,,,,,,,,,,,,,,,,,,,,,,,,,,,,,,,,,,,2013,2014,2015,2016,2017,2018,2019,2020,2021,2022,2023,,,,,,,,
Etat financier ATIJARI ASSURANCES 2025,28,2,,,,,,,,,,,,,,,,,,,,,,,,,,,,,,,,,,,,,,,,,,,,,,,,,,,,,,,,,,,,,,,,,,,,,,,,,,,,,,,,,,,,,,,,,,,,,"Inventaire 2023
Règlements cumulés
Provisions pour sinistres déclarés",8 9 362,"417 122
1 18 791","866 008
202 211","1 273 654
400 105","1 656 884
696 840","2 588 258
751 671","3 264 522
723 035","4 019 974
1 027 686","5 431 246
1 629 763","2 192 814
2 282 352","1 545 292
1 810 822",,,,,,,,
Etat financier ATIJARI ASSURANCES 2025,28,2,,,,,,,,,,,,,,,,,,,,,,,,,,,,,,,,,,,,,,,,,,,,,,,,,,,,,,,,,,,,,,,,,,,,,,,,,,,,,,,,,,,,,,,,,,,,,Total charges des sinistres,89 362,535 913,1 068 219,1 673 759,2 353 724,3 339 929,3 987 557,5 047 661,7 061 009,4 475 166,3 356 113,,,,,,,,
Etat financier ATIJARI ASSURANCES 2025,28,2,,,,,,,,,,,,,,,,,,,,,,,,,,,,,,,,,,,,,,,,,,,,,,,,,,,,,,,,,,,,,,,,,,,,,,,,,,,,,,,,,,,,,,,,,,,,,"Primes acquises
% sinistres / primes acquises","208 116
42,94%","2 973 594
18,02%","6 013 229
17,76%","9 575 231
17,48%","12 165 760
19,35%","14 090 001
23,70%","16 268 843
24,51%","16 043 348
31,46%","20 533 435
34,39%","19 493 902
22,96%","21 064 116
15,93%",,,,,,,,
Etat financier ATIJARI ASSURANCES 2025,28,3,,2014,2015,2016,2017,2018,2019,2020,2021,2022,2023,2024,,,,,,,,,,,,,,,,,,,,,,,,,,,,,,,,,,,,,,,,,,,,,,,,,,,,,,,,,,,,,,,,,,,,,,,,,,,,,,,,,,,,,,,,,,,,,2013,,,,,,,
Etat financier ATIJARI ASSURANCES 2025,28,3,,"419 162
1 16 751","904 715
162 638","1 300 132
372 627","1 694 714
662 613","2 599 643
739 286","3 286 584
697 895","4 026 821
968 706","5 463 951
1 564 693","2 717 229
2 161 351","2 508 062
2 276 633","1 168 571
2 757 024",,,,,,,,,,,,,,,,,,,,,,,,,,,,,,,,,,,,,,,,,,,,,,,,,,,,,,,,,,,,,,,,,,,,,,,,,,,,,,,,,"Inventaire 2024
Règlements cumulés
Provisions pour sinistres déclarés",,,,,,,,,,,,8 9 362,,,,,,,
Etat financier ATIJARI ASSURANCES 2025,28,3,,535 913,1 067 353,1 672 759,2 357 327,3 338 929,3 984 479,4 995 527,7 028 644,4 878 579,4 784 695,3 925 595,,,,,,,,,,,,,,,,,,,,,,,,,,,,,,,,,,,,,,,,,,,,,,,,,,,,,,,,,,,,,,,,,,,,,,,,,,,,,,,,,Total charges des sinistres,,,,,,,,,,,,89 362,,,,,,,
Etat financier ATIJARI ASSURANCES 2025,28,3,,"2 973 594
18,02%","6 013 229
17,75%","9 575 231
17,47%","12 165 760
19,38%","14 090 001
23,70%","16 268 843
24,49%","16 043 348
31,14%","20 533 435
34,23%","19 493 902
25,03%","21 064 116
22,71%","23 377 034
16,79%",,,,,,,,,,,,,,,,,,,,,,,,,,,,,,,,,,,,,,,,,,,,,,,,,,,,,,,,,,,,,,,,,,,,,,,,,,,,,,,,,"Primes acquises
% sinistres / primes acquises",,,,,,,,,,,,"208 116
42,94%",,,,,,,
Etat financier ATIJARI ASSURANCES 2025,28,4,,2014,2015,2016,2017,2018,2019,2020,2021,2022,2023,2024,2025,,,,,,,,,,,,,,,,,,,,,,,,,,,,,,,,,,,,,,,,,,,,,,,,,,,,,,,,,,,,,,,,,,,,,,,,,,,,,,,,,,,,,,,,,,,,2013,,,,,,,
Etat financier ATIJARI ASSURANCES 2025,28,4,,"420 842
120 824","904 715
170 770","1 302 612
388 655","1 694 714
695 061","2 604 123
785 501","3 298 951
719 850","4 066 419
984 175","5 606 429
1 549 475","3 030 734
1 910 596","3 156 405
2 040 549","3 005 287
2 991 364","1 761 830
2 818 709",,,,,,,,,,,,,,,,,,,,,,,,,,,,,,,,,,,,,,,,,,,,,,,,,,,,,,,,,,,,,,,,,,,,,,,,,,,,,,,,"Inventaire 2025
Règlements cumulés
Provisions pour sinistres déclarés",,,,,,,,,,,,"8 9 362
-",,,,,,,
Etat financier ATIJARI ASSURANCES 2025,28,4,,541 667,1 075 485,1 691 267,2 389 775,3 389 624,4 018 802,5 050 594,7 155 904,4 941 330,5 196 955,5 996 652,4 580 540,,,,,,,,,,,,,,,,,,,,,,,,,,,,,,,,,,,,,,,,,,,,,,,,,,,,,,,,,,,,,,,,,,,,,,,,,,,,,,,,Total charges des sinistres,,,,,,,,,,,,89 362,,,,,,,
Etat financier ATIJARI ASSURANCES 2025,28,4,,"2 973 594
18,22%","6 013 229
17,89%","9 575 231
17,66%","12 165 760
19,64%","14 090 001
24,06%","16 268 843
24,70%","16 043 348
31,48%","2 0 533 435
34,85%","19 493 902
25,35%","21 064 116
24,67%","23 377 034
25,65%","25 054 778
18,28%",,,,,,,,,,,,,,,,,,,,,,,,,,,,,,,,,,,,,,,,,,,,,,,,,,,,,,,,,,,,,,,,,,,,,,,,,,,,,,,,"Primes acquises
% sinistres / primes acquises",,,,,,,,,,,,"208 116
42,94%",,,,,,,
Etat financier ATIJARI ASSURANCES 2025,29,1,,"Revenus des placements immobiliers
Revenu des participations
Revenu des autres placements
Autres revenu financiers (commissions,
honoraires)
Total produits des placements
Intérêts
Frais externes
Autres frais
Total charges des placements",,,,,,,,,,,,,,,,,,,,,,,,,,,,,,,,,,,,,,,,,,,,,,,,,,,,,,,,,,,,,,,,,,,,,,,,,,,,,,,,,,,,,,,,,,,,,,,,,,,,,,,,0,73 456 103,73 456 103,,,,
Etat financier ATIJARI ASSURANCES 2025,29,1,,,,,,,,,,,,,,,,,,,,,,,,,,,,,,,,,,,,,,,,,,,,,,,,,,,,,,,,,,,,,,,,,,,,,,,,,,,,,,,,,,,,,,,,,,,,,,,,,,,,,,,,,,"0
0
0","73 456 103
1 168 264
0","73 456 103
1 168 264
0",,,,
Etat financier ATIJARI ASSURANCES 2025,29,1,,,,,,,,,,,,,,,,,,,,,,,,,,,,,,,,,,,,,,,,,,,,,,,,,,,,,,,,,,,,,,,,,,,,,,,,,,,,,,,,,,,,,,,,,,,,,,,,,,,,,,,,,,0,1 168 264,1 168 264,,,,
Etat financier ATIJARI ASSURANCES 2025,30,1,,"Primes
Charges de prestations
Charges des provisions d'assurance vie et des autres provisions techniques
Ajustement ACAV (Assurance à Capital Variable)",,,,,,,,,,,,,,,,,,,,,,,,,,,,,,,,,,,,,,,,,,,,,,,,,,,,,,,,,,,,,,,,,,,,,,,,,,,,,,,,,,,,,,,,,,,,,,,,,,,,,,,,,,"168 582 816
101 370 879
93 635 731",,,,
Etat financier ATIJARI ASSURANCES 2025,30,1,,"Solde de souscription
Frais d'acquisition
Autres charges de gestion nettes",,,,,,,,,,,,,,,,,,,,,,,,,,,,,,,,,,,,,,,,,,,,,,,,,,,,,,,,,,,,,,,,,,,,,,,,,,,,,,,,,,,,,,,,,,,,,,,,,,,,,,,,,,"-26 423 794
13 704 539
8 620 464",,,,
Etat financier ATIJARI ASSURANCES 2025,30,1,,"Charges d'acquisition et de gestion nettes
Produits nets de placements
Participation aux résultats et intérêts techniques",,,,,,,,,,,,,,,,,,,,,,,,,,,,,,,,,,,,,,,,,,,,,,,,,,,,,,,,,,,,,,,,,,,,,,,,,,,,,,,,,,,,,,,,,,,,,,,,,,,,,,,,,,"22 325 003
71 201 799
2 180 496",,,,
Etat financier ATIJARI ASSURANCES 2025,30,1,,"Solde financier
Primes cédées et/ou rétrocédées
Part des réassureurs et/ou des rétrocessionnaires dans les charges de prestations
Part des réassureurs et/ou des rétrocessionnaires dans les charges de provisions
Part des réassureurs et/ou des rétrocessionnaires dans la participation aux résultats
Commissions reçues des réassureurs et/ou des rétrocessionnaires",,,,,,,,,,,,,,,,,,,,,,,,,,,,,,,,,,,,,,,,,,,,,,,,,,,,,,,,,,,,,,,,,,,,,,,,,,,,,,,,,,,,,,,,,,,,,,,,,,,,,,,,,,"69 021 303
777 368
662 161
240 539
0
0",,,,
Etat financier ATIJARI ASSURANCES 2025,30,1,,Solde de réassurance et/ou de rétrocession,,,,,,,,,,,,,,,,,,,,,,,,,,,,,,,,,,,,,,,,,,,,,,,,,,,,,,,,,,,,,,,,,,,,,,,,,,,,,,,,,,,,,,,,,,,,,,,,,,,,,,,,,,-125 332,,,,
Etat financier ATIJARI ASSURANCES 2025,30,1,,"Résultat technique
Informations complémentaires
Montants des rachats
Intérêts techniques bruts de l'exercice
Provisions techniques brutes à la clôture
Provisions techniques brutes à l'ouverture
A déduire
Provision devenues exigibles",,,,,,,,,,,,,,,,,,,,,,,,,,,,,,,,,,,,,,,,,,,,,,,,,,,,,,,,,,,,,,,,,,,,,,,,,,,,,,,,,,,,,,,,,,,,,,,,,,,,,,,,,,"20 397 838
90 580 397
28 129 387
921 099 196
822 477 178",,,,
Etat financier ATIJARI ASSURANCES 2025,30,2,,,2017,2018,2019,2020,2021,2022,2023,2024,2025,,,,,,,,,,,,,,,,,,,,,,,,,,,,,,,,,,,,,,,,,,,,,,,,,,,,,,,,,,,,,,,,,,,,,,,,,,,,,,,,,,,,,,,,,,,,,,,,,,2016,,,
Etat financier ATIJARI ASSURANCES 2025,30,2,,"Participation aux résultats (1) (état de
résultat technique)
. Participation attribuée à des contrats
(y compris intérêts techniques)
. Variation de la provision pour
participation aux bénéfices
Participation aux résultats des contrats
d'assurances vie (2)
. Provisions mathématiques moyennes
. Montant minimum de participation
. Montant effectif de la participation
dont attribuée (y compris intérêts tech.)
dont variation de la provision pour PB","6 397 313
1 425 943
151 615 388","9 719 219
2 844 154
207 116 040","15 683 186
2 716 128
273 234 146","17 056 435
1 755 467
352 546 903","23 090 588
2 591 327
451 588 768","31 412 314
4 381 644
552 038 183","42 383 133
2 994 238
654 753 059","47 240 090
2 180 496
732 403 642","50 971 000
1 148 260
813 422 028",,,,,,,,,,,,,,,,,,,,,,,,,,,,,,,,,,,,,,,,,,,,,,,,,,,,,,,,,,,,,,,,,,,,,,,,,,,,,,,,,,,,,,,,,,,,,,,,,,"4 225 113
536 163
107 379 714",,,
Etat financier ATIJARI ASSURANCES 2025,31,1,,"Primes
Charges de prestations
Charges des provisions d'assurance vie et des autres provisions
techniques
Ajustement ACAV (Assurance à Capital Variable)",,,,,,,,,,,,,,,,,,,,,,,,,,,,,,,,,,,,,,,,,,,,,,,,,,,,,,,,,,,,,,,,,,,,,,,,,,,,,,,,,,,,,,,,,,,,,,,,,,,,,,,,,,168 582 816,,"PRV1 1ère colonne
CHV1 1ère colonne
CHV2 1ère colonne",,
Etat financier ATIJARI ASSURANCES 2025,31,1,,,,,,,,,,,,,,,,,,,,,,,,,,,,,,,,,,,,,,,,,,,,,,,,,,,,,,,,,,,,,,,,,,,,,,,,,,,,,,,,,,,,,,,,,,,,,,,,,,,,,,,,,,,,101 370 879,,,,
Etat financier ATIJARI ASSURANCES 2025,31,1,,,,,,,,,,,,,,,,,,,,,,,,,,,,,,,,,,,,,,,,,,,,,,,,,,,,,,,,,,,,,,,,,,,,,,,,,,,,,,,,,,,,,,,,,,,,,,,,,,,,,,,,,,,,93 635 731,,,,
Etat financier ATIJARI ASSURANCES 2025,31,1,,"Solde de souscription
Frais d'acquisition
Autres charges de gestion nettes",,,,,,,,,,,,,,,,,,,,,,,,,,,,,,,,,,,,,,,,,,,,,,,,,,,,,,,,,,,,,,,,,,,,,,,,,,,,,,,,,,,,,,,,,,,,,,,,,,,,,,,,,,"-26 423 794
13 704 539
8 620 464",,"CHV41+CHV42
CHV43+CHV5-PRV4",,
Etat financier ATIJARI ASSURANCES 2025,31,1,,"Charges d'acquisition et de gestion nettes
Produits nets de placements
Participation aux résultats et intérêts techniques",,,,,,,,,,,,,,,,,,,,,,,,,,,,,,,,,,,,,,,,,,,,,,,,,,,,,,,,,,,,,,,,,,,,,,,,,,,,,,,,,,,,,,,,,,,,,,,,,,,,,,,,,,"22 325 003
71 201 799
2 180 496",,"PRV2-CHV9
CHV3 1ère colonne",,
Etat financier ATIJARI ASSURANCES 2025,31,1,,"Solde financier
Primes cédées et/ou rétrocédées
Part des réassureurs et/ou des rétrocessionnaires dans les
charges de prestations
Part des réassureurs et/ou des rétrocessionnaires dans les
charges de provisions
Part des réassureurs et/ou des rétrocessionnaires dans la
participation aux résultats
Commissions reçues des réassureurs et/ou des
rétrocessionnaires",,,,,,,,,,,,,,,,,,,,,,,,,,,,,,,,,,,,,,,,,,,,,,,,,,,,,,,,,,,,,,,,,,,,,,,,,,,,,,,,,,,,,,,,,,,,,,,,,,,,,,,,,,"69 021 303
777 368
662 161
240 539
0
0",,"PRV1 2ème colonne
CHV11 2ème colonne
(CHV12+CHV21) 2ème
colonne
CHV44 2ème colonne",,
Etat financier ATIJARI ASSURANCES 2025,31,1,,Solde de réassurance et/ou de rétrocession,,,,,,,,,,,,,,,,,,,,,,,,,,,,,,,,,,,,,,,,,,,,,,,,,,,,,,,,,,,,,,,,,,,,,,,,,,,,,,,,,,,,,,,,,,,,,,,,,,,,,,,,,,-125 332,,,,
Etat financier ATIJARI ASSURANCES 2025,31,1,,"Résultat technique
Informations complémentaires
Montants des rachats
Intérêts techniques bruts de l'exercice
Provisions techniques brutes à la clôture
Provisions techniques brutes à l'ouverture
A déduire
Provision devenues exigibles",,,,,,,,,,,,,,,,,,,,,,,,,,,,,,,,,,,,,,,,,,,,,,,,,,,,,,,,,,,,,,,,,,,,,,,,,,,,,,,,,,,,,,,,,,,,,,,,,,,,,,,,,,"20 397 838
90 580 397
28 129 387
921 099 196
822 477 178",,,,
Etat financier ATIJARI ASSURANCES 2025,40,1,,,"Passif au
31/12/2025","Charges de
l’exercice (*)","Passif au
31/12/2025",,,,,,,,,,,,,,,,,,,,,,,,,,,,,,,,,,,,,,,,,,,,,,,,,,,,,,,,,,,,,,,,,,,,,,,,,,,,,,,,,,,,,,,,,,,,,,,,,,,,,,,,,,"Charges de
l’exercice",
Etat financier ATIJARI ASSURANCES 2025,40,1,,Avantages à court terme,153 000,,0,,,,,,,,,,,,,,,,,,,,,,,,,,,,,,,,,,,,,,,,,,,,,,,,,,,,,,,,,,,,,,,,,,,,,,,,,,,,,,,,,,,,,,,,,,,,,,,,,,,,,,,,,,112 500,1 184 860
Etat financier ATIJARI ASSURANCES 2025,40,1,,Avantages postérieurs à l’emploi,-,,-,,,,,,,,,,,,,,,,,,,,,,,,,,,,,,,,,,,,,,,,,,,,,,,,,,,,,,,,,,,,,,,,,,,,,,,,,,,,,,,,,,,,,,,,,,,,,,,,,,,,,,,,,,-,-
Etat financier ATIJARI ASSURANCES 2025,40,1,,Indemnités de fin de contrat de travail,-,,-,,,,,,,,,,,,,,,,,,,,,,,,,,,,,,,,,,,,,,,,,,,,,,,,,,,,,,,,,,,,,,,,,,,,,,,,,,,,,,,,,,,,,,,,,,,,,,,,,,,,,,,,,,-,-
Etat financier ATIJARI ASSURANCES 2025,40,1,,Paiements en actions,-,,-,,,,,,,,,,,,,,,,,,,,,,,,,,,,,,,,,,,,,,,,,,,,,,,,,,,,,,,,,,,,,,,,,,,,,,,,,,,,,,,,,,,,,,,,,,,,,,,,,,,,,,,,,,-,-
Etat financier ATIJARI ASSURANCES 2025,40,1,,TOTAL,153 000,,0,,,,,,,,,,,,,,,,,,,,,,,,,,,,,,,,,,,,,,,,,,,,,,,,,,,,,,,,,,,,,,,,,,,,,,,,,,,,,,,,,,,,,,,,,,,,,,,,,,,,,,,,,,112 500,1 184 860
Etat financier ATIJARI ASSURANCES 2025,40,1,,(*) charges sociales et fiscales comprises,,,,,,,,,,,,,,,,,,,,,,,,,,,,,,,,,,,,,,,,,,,,,,,,,,,,,,,,,,,,,,,,,,,,,,,,,,,,,,,,,,,,,,,,,,,,,,,,,,,,,,,,,,,,,,
