societe,page,table_num,A C T I F,NOTES,Exercice 2025,col,col_2,"Exercice 2024
Montant Net","AC1 Actifs incorporels
AC12 Concessions, brevets, licences, marques
AC14 Acomptes versés
AC2 Actifs corporels d'exploitation
AC21 Installations techniques et machines
AC22 Autres installations, outillage et mobilier
AC3 Placements
AC31 Terrains et constructions
AC312 Terrains et constructions hors exploitation
AC32 Placements dans les entreprises liées et participations
AC323 Parts dans les entreprises avec liens de participations
AC324 Bons et Obligations emis par les entreprises avec liens de participations
AC33 Autres placements financiers
AC331 Actions, autres titres à revenu variable et part dans des FCP
AC332 Obligations et autres titres à revenu fixe
AC334 Autres prêts
AC335 Dépôts auprès des établissements bancaires et financiers
AC336 Autres
AC4 Placements représentants les PT afferantes aux contrats en Unité de Compte
AC5 Part des réassureurs dans les provisions techniques
AC6 Créances
AC61 Créances nées d'opérations d'assurance directe
AC611 Primes acquises et non émises et primes à annuler
AC612 Autres créances nées d'opérations d'assurance directe
AC62 Créances nées d'opérations de réassurance
AC63 Autres créances
AC631 Personnel
AC632 Etat, organismes de sécurité sociale, collectivités publiques","A1
A1
A2","9 677 102
779 238",9 117 323,"559 779
779 238","976 380
535 257","Capitaux propres
CP1 Capital social ou fonds équivalent
CP2 Réserves et primes liées au capital
CP4 Autres capitaux propres
CP5 Résultats reportés
Total capitaux propres avant résultat de l'exercice
CP6 Résultat de l'exercice
Total capitaux propres avant affectation
Passifs
PA2 Provisions pour autres risques et charges
PA23 Autres provisions
PA3 Provisions techniques brutes
PA320 Provisions d'assurance vie
PA330 Provision pour sinistres (vie)
PA340 Provisions pour participations aux bénéfices et ristournes (vie)
PA350 Provisions pour égalisation
PA4 Provisions techniques de contrats en unité de compte
PA5 Dettes pour dépôts en espèces reçus des cessionnaires
PA6 Autres dettes
PA61 Dettes nées d'opérations d'assurance directe
PA62 Dettes nées d'opérations de réassurance
PA622 Autres
PA63 Autres dettes
PA632 Personnel
PA633 Etat, organismes de sécurité sociale, collectivités publiques","P1
P2
P2","15 000 000
29 996 338
5 888 886
0","15 000 000
26 977 755
5 888 886
0",2025,col_3,2024,"PRV1 Primes
PRV11 Primes émises et acceptées
PRV2 Produits de placements
PRV21 Revenus des placements
PRV23 Reprise de corrections de valeur sur placements
PRV24 Profits provenant de la réalisation des placements et de change
TOTAL 1
PRV3 Plus values non réalisées sur placements
PRV4 Autres produits techniques
CHV1 Charges de sinistres
CHV11 Montants payés
CHV12 Variation de la provision pour sinistres
TOTAL 2
CHV2 Variation des autres provisions techniques
CHV21 Provision d'assurance vie
CHV22 Autres provisions techniques
CHV23 Provision pour contrat en unité de compte
CHV3 Participation aux bénéfices et ristournes
CHV4 Frais d'exploitation
CHV41 Frais d'acquisition
CHV42 Variation du montant des Frais d'acquisition reportés
CHV43 Frais d'administration
CHV44 Commissions reçues des réassureurs
TOTAL 3
CHV5 Autres charges techniques
TOTAL 4
CHV9 Charges de placements
CHV91 Charges de gestion des placements, y compris les charges d'intérêt
CHV93 Pertes provenant de la réalisation des placements
TOTAL 5
CHV10 Moins values non réalisées sur placements
TOTAL 6
CHNT2 Produits de placements alloués, transférés à l'état de résultat
TOTAL 7
RTV RESULTAT TECHNIQUE DE L'ASSURANCE VIE",134 206 304,-1 125 768,133 080 536,111 337 036,"RTV Résultat technique de l'assurance vie
PRNT3 Produits des placements alloués, transférés de l'état de résultat
CHNT1 Charges des placements
CHNT12 Correction de valeur sur placements
CHNT13 Pertes provenant de la réalisation des placements et de changes
PRNT2 Autres produits non techniques
CHNT3 Autres charges non techniques
Résultat provenant des activités ordinaires
CHNT4 Impôt sur le résultat
Résultat provenant des activités ordinaires après impôts
PRNT4 Gains extraordinaires
CHNT5 Pertes extraordinaires (Contribution Conjoncturelle)
Résultat extraordinaire
Résultat net de l'exercice
CHNT6/PRNT5 Effets des modifications comptables ( nets d'impôts )
RESULTAT NET DE L'EXERCICE APRES MODIFICATIONS COMPTABLES",15 041 401,13 642 315,"Flux de trésorerie liés à l'exploitation
101 Encaissements de primes reçues du réseau
102 Encaissements de primes acceptations
103 Décaissements de primes sur cessions
104 Réglements de sinistre rachat & Cap.Echus siége et agences
105 Réglements de sinistres acceptations
106 Encaissements de sinistres sur cession
107 Commissions versées aux intermédiaires
108 Commissions reçus sur cessions
109 Commissions versées sur acceptations
110 Sommes versées aux fournisseurs & au personnel
111 Variation des dépôts auprès des cédantes
112 Variation des espèces reçus des cessionnaires
113 Décaissements liés à l'acquisition des placements financiers
114 Encaissements liés à la cession des placements financiers
115 Produits financiers reçus
116 Taxes sur les assurances versées au trésor
117 Impôts sur les bénéfices payés
118 Autres mouvements
Flux de trésorerie provenant de l'exploitation
Flux de trésorerie liés aux activités d'investissements
201 Décaissements provenant de l'acquisition d'immobilisations incorporelles et corporelles
202 Encaissements provenant de la cession d'immobilisations incorporelles et corporelles
203 Décaissements provenant de l'acquisition de terrains et constructions destinés à l'exploitation
204 Encaissements provenant de la cession de terrains et constructions destinés à l'exploitation
Décaissements provenant de l'acquisition de placements auprés d'entreprises liées ou avec un
205
lien de participation
Encaissements provenant de la cession de placements auprés d'entreprises liées ou avec un
206
lien de participation
Flux de trésorerie provenant des activités d'investissement
Flux de trésorerie liés aux activités de financement
301 Encaissements suite à l'émission d'actions
302 Dividendes et autres distributions
303 Encaissements provenant d'emprunts
304 Remboursements d'emprunts
305 Variation des ressources spéciales
Flux de trésorerie provenant des activités de financement
Incidence des variations de taux de change sur les liquidités ou équivalents de liquidités
Variation de Trésorerie
Trésorerie de début d'exercice
Trésorerie de fin d'exercice","122 688 820
0
-216 185
-57 002 307
0
0
-7 411 375
0
0
-10 231 886
0
0
-104 674 900
58 513 553
41 323 009
0
-7 976 706
-3 834 926","108 020 461
0
-136 847
-41 801 295
0
0
-6 026 281
0
0
-9 311 475
0
0
-90 870 643
79 200 593
36 484 328
0
-7 104 369
-2 893 925",RUBRIQUES,Indicateur,Définition / Contenu,Formule de calcul,Valeur HAYETT,Nature de l'actif,Brut au,col_4,Mouvements,col_5,col_6,Brut au_2,col_7,col_8,Amortissements,col_9,col_10,Net au,col_11,col_12,Société,"Net au
31/12/2025",Provisions,Provisions_2,col_13,Net au_2,col_14,Libellé,31/12/2024,Dotation,Reprise,31/12/2025,Nature du passif,Nature des produits,Nature des charges,Nature de la charge,Réalisateur,Nature de Produit,Nature de charge,Montant,Nature de flux,Désignation,Valeur Brute,Amortissements et Provisions,VCN à la clôture,Informations complémentaires
HAYETT,2,1,,,Montant Brut,Amort & Prov,Montant Net,,,,,,,,,,,,,,,,,,,,,,,,,,,,,,,,,,,,,,,,,,,,,,,,,,,,,,,,,,,,,,,,,,,,,,,
HAYETT,2,2,,,,,,,,,10 456 340,9 117 323,1 339 017,1 511 638,,,,,,,,,,,,,,,,,,,,,,,,,,,,,,,,,,,,,,,,,,,,,,,,,,,,,,,,,,,,,,,,
HAYETT,2,2,,,,,,,,,"1 251 379
42 044","1 143 440
40 588","107 939
1 456","148 734
2 199",,,,,,,,,,,,,,,,,,,,,,,,,,,,,,,,,,,,,,,,,,,,,,,,,,,,,,,,,,,,,,,,
HAYETT,2,2,,,,,,,,,1 293 423,1 184 028,109 395,150 933,,,,,,,,,,,,,,,,,,,,,,,,,,,,,,,,,,,,,,,,,,,,,,,,,,,,,,,,,,,,,,,,
HAYETT,2,2,,,,,,,,,"11 726 794
9 502 225
34 840 000
20 937 133
285 962 888
10 228 689
199 850 000
1 000","770 524
0
0
44 500
0
0
0
0","10 956 269
9 502 225
34 840 000
20 892 633
285 962 888
10 228 689
199 850 000
1 000","10 990 500
8 640 859
31 712 400
17 608 485
239 163 413
9 580 382
168 500 000
1 000",,,,,,,,,,,,,,,,,,,,,,,,,,,,,,,,,,,,,,,,,,,,,,,,,,,,,,,,,,,,,,,,
HAYETT,2,2,,,,,,,,,573 048 728,815 024,572 233 704,486 197 039,,,,,,,,,,,,,,,,,,,,,,,,,,,,,,,,,,,,,,,,,,,,,,,,,,,,,,,,,,,,,,,,
HAYETT,2,2,,,,,,,,,52 035,0,52 035,47 722,,,,,,,,,,,,,,,,,,,,,,,,,,,,,,,,,,,,,,,,,,,,,,,,,,,,,,,,,,,,,,,,
HAYETT,2,2,,,,,,,,,52 035,0,52 035,47 722,,,,,,,,,,,,,,,,,,,,,,,,,,,,,,,,,,,,,,,,,,,,,,,,,,,,,,,,,,,,,,,,
HAYETT,2,2,,,,,,,,,414 929,,414 929,351 456,,,,,,,,,,,,,,,,,,,,,,,,,,,,,,,,,,,,,,,,,,,,,,,,,,,,,,,,,,,,,,,,
HAYETT,2,2,,,,,,,,,414 929,0,414 929,351 456,,,,,,,,,,,,,,,,,,,,,,,,,,,,,,,,,,,,,,,,,,,,,,,,,,,,,,,,,,,,,,,,
HAYETT,2,2,,,,,,,,,"8 006
19 765 107
82 365
36 065
6 581 429","0
145 252
0
19 611
0","8 006
19 619 854
82 365
16 454
6 581 429","4 478
15 907 378
85 904
14 675
4 978 867",,,,,,,,,,,,,,,,,,,,,,,,,,,,,,,,,,,,,,,,,,,,,,,,,,,,,,,,,,,,,,,,
HAYETT,2,2,,,,,,,AC633 Débiteurs divers,,274 290,0,274 290,168 337,,,,,,,,,,,,,,,,,,,,,,,,,,,,,,,,,,,,,,,,,,,,,,,,,,,,,,,,,,,,,,,,
HAYETT,2,2,,,,,,,"AC7 Autres éléments d'actifs
AC71 Avoirs en banque, CCP, chèques et caisse
AC72 Charges reportées
AC721 Frais d'acquisitions reportés
AC73 Comptes de régularisation Actif
AC731 Intérêts et loyers acquis non échus
AC733 Autres comptes de régularisation
AC75 Autres
TOTAL ACTIF","A3
A4",26 747 262,164 863,26 582 398,21 159 640,,,,,,,,,,,,,,,,,,,,,,,,,,,,,,,,,,,,,,,,,,,,,,,,,,,,,,,,,,,,,,,,
HAYETT,2,2,,,,,,,,,"3 363 525
235 430
16 846 625
9 900 346
187 060","0
0
31 458
0
0","3 363 525
235 430
16 815 167
9 900 346
187 060","8 264 007
250 478
14 660 804
7 980 140
76 452",,,,,,,,,,,,,,,,,,,,,,,,,,,,,,,,,,,,,,,,,,,,,,,,,,,,,,,,,,,,,,,,
HAYETT,2,2,,,,,,,,,30 532 985,31 458,30 501 527,31 231 881,,,,,,,,,,,,,,,,,,,,,,,,,,,,,,,,,,,,,,,,,,,,,,,,,,,,,,,,,,,,,,,,
HAYETT,2,2,,,,,,,,,,,,,,,,,,,,,,,,,,,,,,,,,,,,,,,,,,,,,,,,,,,,,,,,,,,,,,,,,,,,,,,,,,,,
HAYETT,2,2,,,,,,,,,642 545 701,11 312 697,631 233 004,540 650 308,,,,,,,,,,,,,,,,,,,,,,,,,,,,,,,,,,,,,,,,,,,,,,,,,,,,,,,,,,,,,,,,
HAYETT,3,2,,,,,,,,,,,,,,,50 885 224,47 866 641,,,,,,,,,,,,,,,,,,,,,,,,,,,,,,,,,,,,,,,,,,,,,,,,,,,,,,,,,,,,
HAYETT,3,2,,,,,,,,,,,,,,,10 261 406,9 018 583,,,,,,,,,,,,,,,,,,,,,,,,,,,,,,,,,,,,,,,,,,,,,,,,,,,,,,,,,,,,
HAYETT,3,2,,,,,,,,,,,,,,,61 146 631,56 885 224,,,,,,,,,,,,,,,,,,,,,,,,,,,,,,,,,,,,,,,,,,,,,,,,,,,,,,,,,,,,
HAYETT,3,2,,,,,,,,,,,,,,,1 275 335,1 144 023,,,,,,,,,,,,,,,,,,,,,,,,,,,,,,,,,,,,,,,,,,,,,,,,,,,,,,,,,,,,
HAYETT,3,2,,,,,,,,,,,,,,,1 275 335,1 144 023,,,,,,,,,,,,,,,,,,,,,,,,,,,,,,,,,,,,,,,,,,,,,,,,,,,,,,,,,,,,
HAYETT,3,2,,,,,,,,,,,,,,,"512 759 286
28 970 486
9 539 672
0","440 779 964
24 532 554
7 690 049
0",,,,,,,,,,,,,,,,,,,,,,,,,,,,,,,,,,,,,,,,,,,,,,,,,,,,,,,,,,,,
HAYETT,3,2,,,,,,,,,,,,,,,551 269 444,473 002 567,,,,,,,,,,,,,,,,,,,,,,,,,,,,,,,,,,,,,,,,,,,,,,,,,,,,,,,,,,,,
HAYETT,3,2,,,,,,,,,,,,,,,52 032,47 721,,,,,,,,,,,,,,,,,,,,,,,,,,,,,,,,,,,,,,,,,,,,,,,,,,,,,,,,,,,,
HAYETT,3,2,,,,,,,,,,,,,,,52 032,47 721,,,,,,,,,,,,,,,,,,,,,,,,,,,,,,,,,,,,,,,,,,,,,,,,,,,,,,,,,,,,
HAYETT,3,2,,,,,,,,,,,,,,,414 929,351 456,,,,,,,,,,,,,,,,,,,,,,,,,,,,,,,,,,,,,,,,,,,,,,,,,,,,,,,,,,,,
HAYETT,3,2,,,,,,,,,,,,,,,414 929,351 456,,,,,,,,,,,,,,,,,,,,,,,,,,,,,,,,,,,,,,,,,,,,,,,,,,,,,,,,,,,,
HAYETT,3,2,,,,,,,,,,,,,,,"0
973 556
66 773
2 161 422","0
799 600
67 469
1 902 654",,,,,,,,,,,,,,,,,,,,,,,,,,,,,,,,,,,,,,,,,,,,,,,,,,,,,,,,,,,,
HAYETT,3,2,,,,,,,,,,,,,PA634 Créditeurs divers,,10 385 517,3 432 072,,,,,,,,,,,,,,,,,,,,,,,,,,,,,,,,,,,,,,,,,,,,,,,,,,,,,,,,,,,,
HAYETT,3,2,,,,,,,,,,,,,"PA7 Autres passifs
PA71 Compte de régularisation Passif
PA712 Autres comptes de régularisation Passif
Total du passif
TOTAL DES CAPITAUX PROPRES ET DU PASSIF","P3
P4",13 587 268,6 201 795,,,,,,,,,,,,,,,,,,,,,,,,,,,,,,,,,,,,,,,,,,,,,,,,,,,,,,,,,,,,
HAYETT,3,2,,,,,,,,,,,,,,,3 487 366,3 017 523,,,,,,,,,,,,,,,,,,,,,,,,,,,,,,,,,,,,,,,,,,,,,,,,,,,,,,,,,,,,
HAYETT,3,2,,,,,,,,,,,,,,,3 487 366,3 017 523,,,,,,,,,,,,,,,,,,,,,,,,,,,,,,,,,,,,,,,,,,,,,,,,,,,,,,,,,,,,
HAYETT,3,2,,,,,,,,,,,,,,,,,,,,,,,,,,,,,,,,,,,,,,,,,,,,,,,,,,,,,,,,,,,,,,,,,,,,,,,,,,,,
HAYETT,3,2,,,,,,,,,,,,,,,570 086 373,483 765 084,,,,,,,,,,,,,,,,,,,,,,,,,,,,,,,,,,,,,,,,,,,,,,,,,,,,,,,,,,,,
HAYETT,3,2,,,,,,,,,,,,,,,,,,,,,,,,,,,,,,,,,,,,,,,,,,,,,,,,,,,,,,,,,,,,,,,,,,,,,,,,,,,,
HAYETT,3,2,,,,,,,,,,,,,,,631 233 004,540 650 308,,,,,,,,,,,,,,,,,,,,,,,,,,,,,,,,,,,,,,,,,,,,,,,,,,,,,,,,,,,,
HAYETT,4,1,,,,,"Cessions et/ou
rétrcessions",,,,,,,,,,,,"Opérations
brutes","Opérations
nettes","Opérations
nettes",,,,,,,,,,,,,,,,,,,,,,,,,,,,,,,,,,,,,,,,,,,,,,,,,,,,,,,,,
HAYETT,4,2,,,,,,,,,,,,,,,,,,,,,134 206 304,-1 125 768,133 080 536,111 337 036,,,,,,,,,,,,,,,,,,,,,,,,,,,,,,,,,,,,,,,,,,,,,,,,,,,,
HAYETT,4,2,,,,,,,,,,,,,,,,,,,,,"44 810 708
2 561 319
527 222",,"44 810 708
2 561 319
527 222","39 777 891
1 780 307
686 494",,,,,,,,,,,,,,,,,,,,,,,,,,,,,,,,,,,,,,,,,,,,,,,,,,,,
HAYETT,4,2,,,,,,,,,,,,,,,,,,,,,47 899 249,0,47 899 249,42 244 692,,,,,,,,,,,,,,,,,,,,,,,,,,,,,,,,,,,,,,,,,,,,,,,,,,,,
HAYETT,4,2,,,,,,,,,,,,,,,,,,,,,182 105 553,-1 125 768,180 979 785,153 581 728,,,,,,,,,,,,,,,,,,,,,,,,,,,,,,,,,,,,,,,,,,,,,,,,,,,,
HAYETT,4,2,,,,,,,,,,,,,,,,,,,,,4 848,,4 848,2 599,,,,,,,,,,,,,,,,,,,,,,,,,,,,,,,,,,,,,,,,,,,,,,,,,,,,
HAYETT,4,2,,,,,,,,,,,,,,,,,,,,,4 848,0,4 848,2 599,,,,,,,,,,,,,,,,,,,,,,,,,,,,,,,,,,,,,,,,,,,,,,,,,,,,
HAYETT,4,2,,,,,,,,,,,,,,,,,,,,,0,,0,0,,,,,,,,,,,,,,,,,,,,,,,,,,,,,,,,,,,,,,,,,,,,,,,,,,,,
HAYETT,4,2,,,,,,,,,,,,,,,,,,,,,0,0,0,0,,,,,,,,,,,,,,,,,,,,,,,,,,,,,,,,,,,,,,,,,,,,,,,,,,,,
HAYETT,4,2,,,,,,,,,,,,,,,,,,,,,"-64 530 849
-6 287 555","223 146
63 473","-64 307 702
-6 224 082","-49 396 831
-4 427 980",,,,,,,,,,,,,,,,,,,,,,,,,,,,,,,,,,,,,,,,,,,,,,,,,,,,
HAYETT,4,2,,,,,,,,,,,,,,,,,,,,,-70 818 404,286 620,-70 531 784,-53 824 811,,,,,,,,,,,,,,,,,,,,,,,,,,,,,,,,,,,,,,,,,,,,,,,,,,,,
HAYETT,4,2,,,,,,,,,,,,,,,,,,,,,-70 813 555,286 620,-70 526 936,-53 822 212,,,,,,,,,,,,,,,,,,,,,,,,,,,,,,,,,,,,,,,,,,,,,,,,,,,,
HAYETT,4,2,,,,,,,,,,,,,,,,,,,,,"-71 721 895
-257 426
-4 312",,"-71 721 895
-257 426
-4 312","-64 238 740
-86 875
-10 006",,,,,,,,,,,,,,,,,,,,,,,,,,,,,,,,,,,,,,,,,,,,,,,,,,,,
HAYETT,4,2,,,,,,,,,,,,,,,,,,,,,-71 983 633,0,-71 983 633,-64 335 621,,,,,,,,,,,,,,,,,,,,,,,,,,,,,,,,,,,,,,,,,,,,,,,,,,,,
HAYETT,4,2,,,,,,,,,,,,,,,,,,,,,0,395 092,395 092,410 908,,,,,,,,,,,,,,,,,,,,,,,,,,,,,,,,,,,,,,,,,,,,,,,,,,,,
HAYETT,4,2,,,,,,,,,,,,,,,,,,,,,0,395 092,395 092,410 908,,,,,,,,,,,,,,,,,,,,,,,,,,,,,,,,,,,,,,,,,,,,,,,,,,,,
HAYETT,4,2,,,,,,,,,,,,,,,,,,,,,"-15 450 417
-15 049
-3 389 649",95 580,"-15 450 417
-15 049
-3 389 649
95 580","-13 966 094
-66 017
-4 012 324
70 612",,,,,,,,,,,,,,,,,,,,,,,,,,,,,,,,,,,,,,,,,,,,,,,,,,,,
HAYETT,4,2,,,,,,,,,,,,,,,,,,,,,-18 855 114,95 580,-18 759 534,-17 973 823,,,,,,,,,,,,,,,,,,,,,,,,,,,,,,,,,,,,,,,,,,,,,,,,,,,,
HAYETT,4,2,,,,,,,,,,,,,,,,,,,,,-90 838 748,490 673,-90 348 075,-81 898 535,,,,,,,,,,,,,,,,,,,,,,,,,,,,,,,,,,,,,,,,,,,,,,,,,,,,
HAYETT,4,2,,,,,,,,,,,,,,,,,,,,,-850 559,,-850 559,0,,,,,,,,,,,,,,,,,,,,,,,,,,,,,,,,,,,,,,,,,,,,,,,,,,,,
HAYETT,4,2,,,,,,,,,,,,,,,,,,,,,-850 559,0,-850 559,0,,,,,,,,,,,,,,,,,,,,,,,,,,,,,,,,,,,,,,,,,,,,,,,,,,,,
HAYETT,4,2,,,,,,,,,,,,,,,,,,,,,"-91 278
-89 696",,"-91 278
-89 696","-378 915
-61 188",,,,,,,,,,,,,,,,,,,,,,,,,,,,,,,,,,,,,,,,,,,,,,,,,,,,
HAYETT,4,2,,,,,,,,,,,,,,,,,,,,,-180 974,0,-180 974,-440 103,,,,,,,,,,,,,,,,,,,,,,,,,,,,,,,,,,,,,,,,,,,,,,,,,,,,
HAYETT,4,2,,,,,,,,,,,,,,,,,,,,,,,0,0,,,,,,,,,,,,,,,,,,,,,,,,,,,,,,,,,,,,,,,,,,,,,,,,,,,,
HAYETT,4,2,,,,,,,,,,,,,,,,,,,,,0,0,0,0,,,,,,,,,,,,,,,,,,,,,,,,,,,,,,,,,,,,,,,,,,,,,,,,,,,,
HAYETT,4,2,,,,,,,,,,,,,,,,,,,,,-4 031 839,,-4 031 839,-3 778 563,,,,,,,,,,,,,,,,,,,,,,,,,,,,,,,,,,,,,,,,,,,,,,,,,,,,
HAYETT,4,2,,,,,,,,,,,,,,,,,,,,,-4 031 839,0,-4 031 839,-3 778 563,,,,,,,,,,,,,,,,,,,,,,,,,,,,,,,,,,,,,,,,,,,,,,,,,,,,
HAYETT,4,2,,,,,,,,,,,,,,,,,,,,,,,,,,,,,,,,,,,,,,,,,,,,,,,,,,,,,,,,,,,,,,,,,,,,,,,,,,,,
HAYETT,4,2,,,,,,,,,,,,,,,,,,,,,15 389 877,-348 476,15 041 401,13 642 315,,,,,,,,,,,,,,,,,,,,,,,,,,,,,,,,,,,,,,,,,,,,,,,,,,,,
HAYETT,5,2,,,,,,,,,,,,,,,,,,,,,,,,,,15 041 401,13 642 315,,,,,,,,,,,,,,,,,,,,,,,,,,,,,,,,,,,,,,,,,,,,,,,,,
HAYETT,5,2,,,,,,,,,,,,,,,,,,,,,,,,,,4 031 839,3 778 563,,,,,,,,,,,,,,,,,,,,,,,,,,,,,,,,,,,,,,,,,,,,,,,,,
HAYETT,5,2,,,,,,,,,,,,,,,,,,,,,,,,,,4 031 839,3 778 563,,,,,,,,,,,,,,,,,,,,,,,,,,,,,,,,,,,,,,,,,,,,,,,,,
HAYETT,5,2,,,,,,,,,,,,,,,,,,,,,,,,,,"-1 359
-6 526","-675 771
-4 405",,,,,,,,,,,,,,,,,,,,,,,,,,,,,,,,,,,,,,,,,,,,,,,,,
HAYETT,5,2,,,,,,,,,,,,,,,,,,,,,,,,,,-7 885,-680 177,,,,,,,,,,,,,,,,,,,,,,,,,,,,,,,,,,,,,,,,,,,,,,,,,
HAYETT,5,2,,,,,,,,,,,,,,,,,,,,,,,,,,142 495,211 697,,,,,,,,,,,,,,,,,,,,,,,,,,,,,,,,,,,,,,,,,,,,,,,,,
HAYETT,5,2,,,,,,,,,,,,,,,,,,,,,,,,,,142 495,211 697,,,,,,,,,,,,,,,,,,,,,,,,,,,,,,,,,,,,,,,,,,,,,,,,,
HAYETT,5,2,,,,,,,,,,,,,,,,,,,,,,,,,,-785 742,-603 252,,,,,,,,,,,,,,,,,,,,,,,,,,,,,,,,,,,,,,,,,,,,,,,,,
HAYETT,5,2,,,,,,,,,,,,,,,,,,,,,,,,,,-785 742,-603 252,,,,,,,,,,,,,,,,,,,,,,,,,,,,,,,,,,,,,,,,,,,,,,,,,
HAYETT,5,2,,,,,,,,,,,,,,,,,,,,,,,,,,,,,,,,,,,,,,,,,,,,,,,,,,,,,,,,,,,,,,,,,,,,,,,,,,,,
HAYETT,5,2,,,,,,,,,,,,,,,,,,,,,,,,,,18 422 108,16 349 146,,,,,,,,,,,,,,,,,,,,,,,,,,,,,,,,,,,,,,,,,,,,,,,,,
HAYETT,5,2,,,,,,,,,,,,,,,,,,,,,,,,,,-8 160 702,-6 719 682,,,,,,,,,,,,,,,,,,,,,,,,,,,,,,,,,,,,,,,,,,,,,,,,,
HAYETT,5,2,,,,,,,,,,,,,,,,,,,,,,,,,,-8 160 702,-6 719 682,,,,,,,,,,,,,,,,,,,,,,,,,,,,,,,,,,,,,,,,,,,,,,,,,
HAYETT,5,2,,,,,,,,,,,,,,,,,,,,,,,,,,,,,,,,,,,,,,,,,,,,,,,,,,,,,,,,,,,,,,,,,,,,,,,,,,,,
HAYETT,5,2,,,,,,,,,,,,,,,,,,,,,,,,,,10 261 406,9 629 463,,,,,,,,,,,,,,,,,,,,,,,,,,,,,,,,,,,,,,,,,,,,,,,,,
HAYETT,5,2,,,,,,,,,,,,,,,,,,,,,,,,,,,,,,,,,,,,,,,,,,,,,,,,,,,,,,,,,,,,,,,,,,,,,,,,,,,,
HAYETT,5,2,,,,,,,,,,,,,,,,,,,,,,,,,,0,0,,,,,,,,,,,,,,,,,,,,,,,,,,,,,,,,,,,,,,,,,,,,,,,,,
HAYETT,5,2,,,,,,,,,,,,,,,,,,,,,,,,,,0,-610 880,,,,,,,,,,,,,,,,,,,,,,,,,,,,,,,,,,,,,,,,,,,,,,,,,
HAYETT,5,2,,,,,,,,,,,,,,,,,,,,,,,,,,0,-610 880,,,,,,,,,,,,,,,,,,,,,,,,,,,,,,,,,,,,,,,,,,,,,,,,,
HAYETT,5,2,,,,,,,,,,,,,,,,,,,,,,,,,,,,,,,,,,,,,,,,,,,,,,,,,,,,,,,,,,,,,,,,,,,,,,,,,,,,
HAYETT,5,2,,,,,,,,,,,,,,,,,,,,,,,,,,0,-610 880,,,,,,,,,,,,,,,,,,,,,,,,,,,,,,,,,,,,,,,,,,,,,,,,,
HAYETT,5,2,,,,,,,,,,,,,,,,,,,,,,,,,,,,,,,,,,,,,,,,,,,,,,,,,,,,,,,,,,,,,,,,,,,,,,,,,,,,
HAYETT,5,2,,,,,,,,,,,,,,,,,,,,,,,,,,10 261 406,9 018 583,,,,,,,,,,,,,,,,,,,,,,,,,,,,,,,,,,,,,,,,,,,,,,,,,
HAYETT,5,2,,,,,,,,,,,,,,,,,,,,,,,,,,,,,,,,,,,,,,,,,,,,,,,,,,,,,,,,,,,,,,,,,,,,,,,,,,,,
HAYETT,5,2,,,,,,,,,,,,,,,,,,,,,,,,,,0,0,,,,,,,,,,,,,,,,,,,,,,,,,,,,,,,,,,,,,,,,,,,,,,,,,
HAYETT,5,2,,,,,,,,,,,,,,,,,,,,,,,,,,,,,,,,,,,,,,,,,,,,,,,,,,,,,,,,,,,,,,,,,,,,,,,,,,,,
HAYETT,5,2,,,,,,,,,,,,,,,,,,,,,,,,,,10 261 406,9 018 583,,,,,,,,,,,,,,,,,,,,,,,,,,,,,,,,,,,,,,,,,,,,,,,,,
HAYETT,6,2,,,,,,,,,,,,,,,,,,,,,,,,,,,,,31 177 098,65 560 547,,,,,,,,,,,,,,,,,,,,,,,,,,,,,,,,,,,,,,,,,,,,,,
HAYETT,6,2,,,,,,,,,,,,,,,,,,,,,,,,,,,,,"-72 822
0
0
0
-311 650 000
281 300 000","-575 222
0
0
0
-437 600 000
379 600 000",,,,,,,,,,,,,,,,,,,,,,,,,,,,,,,,,,,,,,,,,,,,,,
HAYETT,6,2,,,,,,,,,,,,,,,,,,,,,,,,,,,,,-30 422 822,-58 575 222,,,,,,,,,,,,,,,,,,,,,,,,,,,,,,,,,,,,,,,,,,,,,,
HAYETT,6,2,,,,,,,,,,,,,,,,,,,,,,,,,,,,,"0
-5 654 758
0
0
0","0
-5 686 685
0
0
0",,,,,,,,,,,,,,,,,,,,,,,,,,,,,,,,,,,,,,,,,,,,,,
HAYETT,6,2,,,,,,,,,,,,,,,,,,,,,,,,,,,,,-5 654 758,-5 686 685,,,,,,,,,,,,,,,,,,,,,,,,,,,,,,,,,,,,,,,,,,,,,,
HAYETT,6,2,,,,,,,,,,,,,,,,,,,,,,,,,,,,,0,0,,,,,,,,,,,,,,,,,,,,,,,,,,,,,,,,,,,,,,,,,,,,,,
HAYETT,6,2,,,,,,,,,,,,,,,,,,,,,,,,,,,,,-4 900 482,1 298 640,,,,,,,,,,,,,,,,,,,,,,,,,,,,,,,,,,,,,,,,,,,,,,
HAYETT,6,2,,,,,,,,,,,,,,,,,,,,,,,,,,,,,8 261 646,6 963 006,,,,,,,,,,,,,,,,,,,,,,,,,,,,,,,,,,,,,,,,,,,,,,
HAYETT,6,2,,,,,,,,,,,,,,,,,,,,,,,,,,,,,3 361 164,8 261 646,,,,,,,,,,,,,,,,,,,,,,,,,,,,,,,,,,,,,,,,,,,,,,
HAYETT,7,1,,,,,,,,,,,,,,,,,"75 958
75 958
-
-
-",,"85 958
85 958
-
-
-
-",,,,,,,,,,,,"HB1 Engagements reçus
HB2 Engagements donnés
HB21 Avals, cautions et garanties de crédit
données
HB22 Titres et actifs acquis avec engagement
de revente
HB23 Autres engagements sur titres, actifs ou
revenus
HB24 Autres engagements donnés
HB3 Valeurs reçues en nantissement des
cessionnaires et des rétrocessionnaires
HB4 Valeurs remises par des organismes réassurés
avec caution solidaire ou de substitution
HB5 Valeurs appartenant à des institutions de
prévoyance
HB6 Autres valeurs détenues pour compte de tiers",,,,,,,,,,,,,,,,,,,,,,,,,,,,,,,,,,,,,,,,,,,,,
HAYETT,10,1,,,,,,,,,,,,,,,,,,,,,,,,,,,,,,,,"Coût total de la
consommation énergétique
(Steg +combustible)","Montant total des charges liées à la
consommation d’énergie de la société","Somme des charges liées à la
consommation énergétique",48 332 DT,,,,,,,,,,,,,,,,,,,,,,,,,,,,,,,,,,,,,,,,,
HAYETT,10,1,,,,,,,,,,,,,,,,,,,,,,,,,,,,,,,,"Intensité financière des coûts
énergétiques","Poids des coûts énergétiques dans
l’activité de la société","Coût total de la consommation
énergétique* / Chiffre d’affaires","0,036%",,,,,,,,,,,,,,,,,,,,,,,,,,,,,,,,,,,,,,,,,
HAYETT,10,1,,,,,,,,,,,,,,,,,,,,,,,,,,,,,,,,"Coût total de la
consommation d’eau","Montant total des charges liées à la
consommation d’eau sur la période","Somme des charges liées à la
consommation d’eau",3 348 DT,,,,,,,,,,,,,,,,,,,,,,,,,,,,,,,,,,,,,,,,,
HAYETT,10,1,,,,,,,,,,,,,,,,,,,,,,,,,,,,,,,,"Impact financier des coûts liés
à la consommation de l’eau","Importance des coûts d’eau dans les
charges d’exploitation","Coût total de la consommation*
d’eau / Chiffre d’affaires","0,0025%",,,,,,,,,,,,,,,,,,,,,,,,,,,,,,,,,,,,,,,,,
HAYETT,10,1,,,,,,,,,,,,,,,,,,,,,,,,,,,,,,,,Coût de l’absentéisme,"Perte financière liée aux absences
(salaires maintenus, remplacement,
baisse de productivité)","Jours d’absence × Coût journalier
moyen",136 601 DT,,,,,,,,,,,,,,,,,,,,,,,,,,,,,,,,,,,,,,,,,
HAYETT,10,1,,,,,,,,,,,,,,,,,,,,,,,,,,,,,,,,"Intensité financière de
l’absentéisme","Impact de l’absentéisme sur les
charges d’exploitation","Coût de l’absentéisme* / Chiffre
d’affaires","0,10%",,,,,,,,,,,,,,,,,,,,,,,,,,,,,,,,,,,,,,,,,
HAYETT,10,1,,,,,,,,,,,,,,,,,,,,,,,,,,,,,,,,"Investissement moyen en
formation par collaborateur","Dépenses de formation rapportées à
l’effectif","Dépenses totales de formation /
Nombre de collaborateurs",372 DT,,,,,,,,,,,,,,,,,,,,,,,,,,,,,,,,,,,,,,,,,
HAYETT,10,1,,,,,,,,,,,,,,,,,,,,,,,,,,,,,,,,"Taux d’investissement
formation","Part des dépenses de formation dans
la masse salariale","Dépenses de formation / Masse
salariale","0,50%",,,,,,,,,,,,,,,,,,,,,,,,,,,,,,,,,,,,,,,,,
HAYETT,16,1,,,,,,,,,,,,,,,,,,,,,,,,,,,,,,,,,,,,,31/12/2024,,2025,,,31/12/2025,,,et Provisions,,,31/12/2025,,,,,,,,,,,,,,,,,,,,,,,,,,,,
HAYETT,16,1,,,,Logiciels,,,,,,,,,,,,,,,,,,,,,,,,,,,,,,,,,9 564 551,,112 551,,,9 677 102,,,9 117 323,,,559 779,,,,,,,,,,,,,,,,,,,,,,,,,,,,
HAYETT,16,1,,,,Autres immobilisations,,,,,,,,,,,,,,0,,,,,,,,,,,,,,,,,,,,0,,,0,,,0,,,0,,,,,,,,,,,,,,,,,,,,,,,,,,,,,
HAYETT,16,1,,,,incorporelles,,,,,,,,,,,,,,,,,,,,,,,,,,,,,,,,,,,,,,,,,,,,,,,,,,,,,,,,,,,,,,,,,,,,,,,,
HAYETT,16,1,,,,Logiciels en cours,,,,,,,,,,,,,,,,,,,,,,,,,,,,,,,,,535 257,,243 981,,,779 238,,,,,,779 238,,,,,,,,,,,,,,,,,,,,,,,,,,,,
HAYETT,16,1,,,,Total,,,,,,,,,,,,,,,,,,,,,,,,,,,,,,,,,10 099 809,,356 531,,,10 456 340,,,9 117 323,,,1 339 017,,,,,,,,,,,,,,,,,,,,,,,,,,,,
HAYETT,16,2,,,,,,,,,,,,,,,,,,,,,,,,,,,,,,,,,,,,,31/12/2024,,2025,,,31/12/2025,,,et Provisions,,,31/12/2025,,,,,,,,,,,,,,,,,,,,,,,,,,,,
HAYETT,16,2,,,,"Installations, agencements et",,,,,,,,,,,,,,787 572,,,,,,,,,,,,,,,,,,,,,,20 220,,,807 792,,,767 045,,,40 746,,,,,,,,,,,,,,,,,,,,,,,,,,,
HAYETT,16,2,,,,aménagements,,,,,,,,,,,,,,,,,,,,,,,,,,,,,,,,,,,,,,,,,,,,,,,,,,,,,,,,,,,,,,,,,,,,,,,,
HAYETT,16,2,,,,,,,,,,,,,,,,,,104 980,,,,,,,,,,,,,,,,,,Matériel de transport,,,,0,,,104 980,,,98 537,,,6 443,,,,,,,,,,,,,,,,,,,,,,,,,,,
HAYETT,16,2,,,,,,,,,,,,,,,,,,49 409,,,,,,,,,,,,,,,,,,Matériel de bureau,,,,580,,,49 989,,,35 328,,,14 661,,,,,,,,,,,,,,,,,,,,,,,,,,,
HAYETT,16,2,,,,,,,,,,,,,,,,,,637 187,,,,,,,,,,,,,,,,,,Matériel informatique,,,,-348 569,,,288 618,,,242 529,,,46 089,,,,,,,,,,,,,,,,,,,,,,,,,,,
HAYETT,16,2,,,,,,,,,,,,,,,,,,42 044,,,,,,,,,,,,,,,,,,Mobilier de bureau,,,,0,,,42 044,,,40 588,,,1 456,,,,,,,,,,,,,,,,,,,,,,,,,,,
HAYETT,16,2,,,,Total,,,,,,,,,,,,,,,,,,,,,,,,,,,,,,,,,1 621 193,,-327 770,,,1 293 423,,,1 184 028,,,109 395,,,,,,,,,,,,,,,,,,,,,,,,,,,,
HAYETT,16,3,,,,,,,,,,,,,,,,,,,,,,,,,,,,,,,,,,,,,31/12/2024,,2025,,,31/12/2025,,,et Provisions,,,31/12/2025,,,,,,,,,,,,,,,,,,,,,,,,,,,,
HAYETT,16,3,,,,,,,,,,,,,,,,,,1 030 850,,,,,,,,,,,,,,,,,,Immeubles hors exploitation,,,-,,1 030 850,,,762 248,,,268 602,,,,,,,,,,,,,,,,,,,,,,,,,,,,,
HAYETT,16,3,,,,,,,,,,,,,,,,,,9 630 994,,,,,,,,,,,,,,,,,,Terrain hors exploitation,,,-,,9 630 994,,,,,,9 630 994,,,,,,,,,,,,,,,,,,,,,,,,,,,,,
HAYETT,16,3,,,,Sociétés à objet foncier non,,,,,,,,,,,,,,1 064 950,,,,,,,,,,,,,,,,,,,,,-,,1 064 950,,,8 277,,,1 056 673,,,,,,,,,,,,,,,,,,,,,,,,,,,,,
HAYETT,16,3,,,,cotées,,,,,,,,,,,,,,,,,,,,,,,,,,,,,,,,,,,,,,,,,,,,,,,,,,,,,,,,,,,,,,,,,,,,,,,,
HAYETT,16,3,,,,,,,,,,,,,,,,,,11 726 794,,,,,,,,,,,,,,,,,,Total,,,-,,11 726 794,,,770 524,,,10 956 269,,,,,,,,,,,,,,,,,,,,,,,,,,,,,
HAYETT,17,1,,,,,,,,,,,,,,,,,,,,,,,,,,,,,,,,,,,,,31/12/2024,,2025,,,31/12/2025,,,et Provisions,,,31/12/2025,,,,,,,,,,,,,,,,,,,,,,,,,,,,
HAYETT,17,1,,,,Actions et autres titres à revenus,,,,,,,,,,,,,,588 602,,,,,,,,,,,,,,,,,,,,,,0,,,588 602,,,0,,,588 602,,,,,,,,,,,,,,,,,,,,,,,,,,,
HAYETT,17,1,,,,variable (cotés),,,,,,,,,,,,,,,,,,,,,,,,,,,,,,,,,,,,,,,,,,,,,,,,,,,,,,,,,,,,,,,,,,,,,,,,
HAYETT,17,1,,,,,,,,,,,,,,,,,,11 737 679,,,,,,,,,,,,,,,,,,FCP,,,,2 235 495,,,13 973 174,,,0,,,13 973 174,,,,,,,,,,,,,,,,,,,,,,,,,,,
HAYETT,17,1,,,,,,,,,,,,,,,,,,5 284 458,,,,,,,,,,,,,,,,,,SICAV,,,,1 046 399,,,6 330 856,,,0,,,6 330 856,,,,,,,,,,,,,,,,,,,,,,,,,,,
HAYETT,17,1,,,,Actions et autres titres à revenus,,,,,,,,,,,,,,51 000,,,,,,,,,,,,,,,,,,,,,,-6 500,,,44 500,,,44 500,,,0,,,,,,,,,,,,,,,,,,,,,,,,,,,
HAYETT,17,1,,,,variable (non cotés),,,,,,,,,,,,,,,,,,,,,,,,,,,,,,,,,,,,,,,,,,,,,,,,,,,,,,,,,,,,,,,,,,,,,,,,
HAYETT,17,1,,,,Obligations et autres titres à,,,,,,,,,,,,,,239 163 413,,,,,,,,,,,,,,,,,,,,,,46 799 475,,,285 962 888,,,,,,285 962 888,,,,,,,,,,,,,,,,,,,,,,,,,,,
HAYETT,17,1,,,,revenus fixes,,,,,,,,,,,,,,,,,,,,,,,,,,,,,,,,,,,,,,,,,,,,,,,,,,,,,,,,,,,,,,,,,,,,,,,,
HAYETT,17,1,,,,,,,,,,,,,,,,,,168 500 000,,,,,,,,,,,,,,,,,,Dépôt à terme,,,,31 350 000,,,199 850 000,,,,,,199 850 000,,,,,,,,,,,,,,,,,,,,,,,,,,,
HAYETT,17,1,,,,,,,,,,,,,,,,,,9 581 382,,,,,,,,,,,,,,,,,,Autres placements,,,,648 306,,,10 229 689,,,,,,10 229 689,,,,,,,,,,,,,,,,,,,,,,,,,,,
HAYETT,17,1,,,,,,,,,,,,,,,,,,47 722,,,,,,,,,,,,,,,,,,Placement en Unité de Compte,,,,4 313,,,52 035,,,,,,52 035,,,,,,,,,,,,,,,,,,,,,,,,,,,
HAYETT,17,1,,,,,,,,,,,,,,,,,,434 954 256,,,,,,,,,,,,,,,,,,Total,,,,82 077 488,,,517 031 744,,,44 500,,,516 987 244,,,,,,,,,,,,,,,,,,,,,,,,,,,
HAYETT,17,2,,,,,,,,,,,,,,,,,,,,,,,,,,,,,,,,,,,,,31/12/2024,,2025,,,31/12/2025,,,et Provisions,,,31/12/2025,,,,,,,,,,,,,,,,,,,,,,,,,,,,
HAYETT,17,2,,,,9 497 722,,,,,,,,,,,,,,0,,,,,,,,,,,,,,,,,,,,,,9 497 722,,,0,,,9 497 722,,,,,ENNAKL AUTOMOBILES,,,,,,,,,,,,,,,,,,,,,,,,,
HAYETT,17,2,,,,3,,,,,,,,,,,,,,0,,,,,,,,,,,,,,,,,,,,,,3,,,0,,,3,,,,,HOPITAL PRIVE EL AMEN,,,,,,,,,,,,,,,,,,,,,,,,,
HAYETT,17,2,,,,4 500,,,,,,,,,,,,,,0,,,,,,,,,,,,,,,,,,,,,,4 500,,,0,,,4 500,,,,,COMAR INVESTISSEMENT,,,,,,,,,,,,,,,,,,,,,,,,,
HAYETT,17,2,,,,9 502 225,,,,,,,,,,,,,,0,,,,,,,,,,,,,,,,,,,,,,9 502 225,,,0,,,9 502 225,,,,,Total,,,,,,,,,,,,,,,,,,,,,,,,,
HAYETT,18,1,,,,,,,,,,,,,,,,,,,,,,,,,,,,,,,,,,,,,31/12/2024,,2025,,,31/12/2025,,,et Provisions,,,31/12/2025,,,,,,,,,,,,,,,,,,,,,,,,,,,,
HAYETT,18,1,,,,17 932 400,,,,,,,,,,,,,,2 267 600,,,,,,,,,,,,,,,,,,,,,,20 200 000,,,0,,,20 200 000,,,,,AMEN BANK,,,,,,,,,,,,,,,,,,,,,,,,,
HAYETT,18,1,,,,9 780 000,,,,,,,,,,,,,,2 860 000,,,,,,,,,,,,,,,,,,,,,,12 640 000,,,0,,,12 640 000,,,,,TUNISIE LEASING,,,,,,,,,,,,,,,,,,,,,,,,,
HAYETT,18,1,,,,27 712 400,,,,,,,,,,,,,,5 127 600,,,,,,,,,,,,,,,,,,,,,,32 840 000,,,0,,,32 840 000,,,,,Total,,,,,,,,,,,,,,,,,,,,,,,,,
HAYETT,18,2,,,,,,,,,,,,,,,,,,,,,,,,,,,,,,,,,,,,,31/12/2024,,2025,,,31/12/2025,,,et Provisions,,,,,,,,,,,,,,,,,,,,,,,,,,,,,,,
HAYETT,18,2,,,,0,,,,,,,,,,,,,,0,,,,,,,,,,,,,,,,,,,,,,0,,,0,,,0,,,,,TUNISIE LEASING,,,,,,,,,,,,,,,,,,,,,,,,,
HAYETT,18,2,,,,4 000 000,,,,,,,,,,,,,,-2 000 000,,,,,,,,,,,,,,,,,,,,,,2 000 000,,,0,,,2 000 000,,,,,AMEN BANK,,,,,,,,,,,,,,,,,,,,,,,,,
HAYETT,18,2,,,,4 000 000,,,,,,,,,,,,,,-2 000 000,,,,,,,,,,,,,,,,,,,,,,2 000 000,,,0,,,2 000 000,,,,,Total,,,,,,,,,,,,,,,,,,,,,,,,,
HAYETT,18,3,,,,,,,,,,,,,,,,,,,,,,,,,,,,,,,,,,,,,31/12/2025,,,,,31/12/2024,,,,,,31/12/2025,,,,,2025,2024,,31/12/2024,,,,,,,,,,,,,,,,,,,,
HAYETT,18,3,,,,Primes acquises et non,,,,,,,,,,,,,,8 006,,,,,,,,,,,,,,,,,,,,,,,,,8 006,,,4 478,,,,,,,,,4 478,,,,,,,,,,,,,,,,,,,,,
HAYETT,18,3,,,,émises,,,,,,,,,,,,,,,,,,,,,,,,,,,,,,,,,,,,,,,,,,,,,,,,,,,,,,,,,,,,,,,,,,,,,,,,
HAYETT,18,3,,,,Autres créances nées,,,,,,,,,,,,,,19 765 107,,,,,,,,,,,,,,,,,,,,,,145 252,,,19 619 854,,,16 033 594,,,126 216,,,,,,15 907 378,,,,,,,,,,,,,,,,,,,,,
HAYETT,18,3,,,,d'opérations d'assurance,,,,,,,,,,,,,,,,,,,,,,,,,,,,,,,,,,,,,,,,,,,,,,,,,,,,,,,,,,,,,,,,,,,,,,,,
HAYETT,18,3,,,,directes,,,,,,,,,,,,,,,,,,,,,,,,,,,,,,,,,,,,,,,,,,,,,,,,,,,,,,,,,,,,,,,,,,,,,,,,
HAYETT,18,3,,,,Autres créances nées,,,,,,,,,,,,,,82 365,,,,,,,,,,,,,,,,,,,,,,,,,82 365,,,85 904,,,,,,,,,85 904,,,,,,,,,,,,,,,,,,,,,
HAYETT,18,3,,,,d'opérations de,,,,,,,,,,,,,,,,,,,,,,,,,,,,,,,,,,,,,,,,,,,,,,,,,,,,,,,,,,,,,,,,,,,,,,,,
HAYETT,18,3,,,,réassurance directes,,,,,,,,,,,,,,,,,,,,,,,,,,,,,,,,,,,,,,,,,,,,,,,,,,,,,,,,,,,,,,,,,,,,,,,,
HAYETT,18,3,,,,,,,,,,,,,,,,,,36 065,,,,,,,,,,,,,,,,,,Personnel,,,,19 611,,,16 454,,,34 286,,,19 611,,,,,,14 675,,,,,,,,,,,,,,,,,,,,,
HAYETT,18,3,,,,"Etat, organismes de",,,,,,,,,,,,,,6 581 429,,,,,,,,,,,,,,,,,,,,,,,,,6 581 429,,,4 978 867,,,,,,,,,4 978 867,,,,,,,,,,,,,,,,,,,,,
HAYETT,18,3,,,,"sécurité sociale,",,,,,,,,,,,,,,,,,,,,,,,,,,,,,,,,,,,,,,,,,,,,,,,,,,,,,,,,,,,,,,,,,,,,,,,,
HAYETT,18,3,,,,collectivités publiques,,,,,,,,,,,,,,,,,,,,,,,,,,,,,,,,,,,,,,,,,,,,,,,,,,,,,,,,,,,,,,,,,,,,,,,,
HAYETT,18,3,,,,,,,,,,,,,,,,,,274 290,,,,,,,,,,,,,,,,,,Débiteurs divers,,,,,,,274 290,,,168 337,,,,,,,,,168 337,,,,,,,,,,,,,,,,,,,,,
HAYETT,18,3,,,,Total,,,,,,,,,,,,,,,,,,,,,,,,,,,,,,,,,26 747 262,,,,,21 305 467,,,,,,26 582 398,,,,,164 863,145 827,,21 159 640,,,,,,,,,,,,,,,,,,,,
HAYETT,19,1,,,,Caisse,,,,,,,,,,,,,,2 826,,,,,,,,,,,,,,,,,,,,,,4 426,,,,,,,,,,,,,,,,,,,,,,,,,,,,,,,,,,,,
HAYETT,19,1,,,,Banques et chèques postaux,,,,,,,,,,,,,,3 358 338,,,,,,,,,,,,,,,,,,,,,,8 257 220,,,,,,,,,,,,,,,,,,,,,,,,,,,,,,,,,,,,
HAYETT,19,1,,,,Effets à l'encaissement,,,,,,,,,,,,,,2 361,,,,,,,,,,,,,,,,,,,,,,2 361,,,,,,,,,,,,,,,,,,,,,,,,,,,,,,,,,,,,
HAYETT,19,1,,,,Frais d'acquisitions reportés,,,,,,,,,,,,,,235 430,,,,,,,,,,,,,,,,,,,,,,250 478,,,,,,,,,,,,,,,,,,,,,,,,,,,,,,,,,,,,
HAYETT,19,1,,,,Intérêts courus et non échus,,,,,,,,,,,,,,16 815 167,,,,,,,,,,,,,,,,,,,,,,14 660 804,,,,,,,,,,,,,,,,,,,,,,,,,,,,,,,,,,,,
HAYETT,19,1,,,,,,,,,,,,,,,,,9 440 708,,7 753 199,,,,,,,,,,,,,,,,,Différences sur prix de remboursement,,,,,,,,,,,,,,,,,,,,,,,,,,,,,,,,,,,,,,,,
HAYETT,19,1,,,,Charges constatées d'avance,,,,,,,,,,,,,,459 638,,,,,,,,,,,,,,,,,,,,,,226 940,,,,,,,,,,,,,,,,,,,,,,,,,,,,,,,,,,,,
HAYETT,19,1,,,,Autres,,,,,,,,,,,,,,187 060,,,,,,,,,,,,,,,,,,,,,,76 452,,,,,,,,,,,,,,,,,,,,,,,,,,,,,,,,,,,,
HAYETT,19,1,,,,Total,,,,,,,,,,,,,,30 501 527,,,,,,,,,,,,,,,,,,,,,,31 231 881,,,,,,,,,,,,,,,,,,,,,,,,,,,,,,,,,,,,
HAYETT,20,1,,,,,,,,,,,,,,,,,,,,,,,,,,,,,,,,,,,,,,,,,,,,,,,,,,,,,,,,,,,,2025,2025,,,,,,,,,,,,,,,
HAYETT,20,1,,,,Provisions Mathématiques,,,,,,,,,,,,,,439 630 062,,,,,,,,,,,,,,,,,,,,,,,,,,,,511 351 957,,,,,,,,,,,,,,71 721 895,,,,,,,,,,,,,,,,
HAYETT,20,1,,,,Provisions Mathématiques des rentes,,,,,,,,,,,,,,1 149 903,,,,,,,,,,,,,,,,,,,,,,,,,,,,1 407 329,,,,,,,,,,,,,,257 426,,,,,,,,,,,,,,,,
HAYETT,20,1,,,,Provisions pour sinistres à payer,,,,,,,,,,,,,,24 532 554,,,,,,,,,,,,,,,,,,,,,,,,,,,,28 970 486,,,,,,,,,,,,,,4 437 932,,,,,,,,,,,,,,,,
HAYETT,20,1,,,,Provisions pour PB à distribuer,,,,,,,,,,,,,,6 680 679,,,,,,,,,,,,,,,,,,,,,,,,,,,,8 379 488,,,,,,,,,,,,,,1 698 809,,,,,,,,,,,,,,,,
HAYETT,20,1,,,,Provisions pour égalisation,,,,,,,,,,,,,,0,,,,,,,,,,,,,,,,,,,,,,,,,,,,0,,,,,,,,,,,,,,0,,,,,,,,,,,,,,,,
HAYETT,20,1,,,,Provisions Mathématiques UC,,,,,,,,,,,,,,47 721,,,,,,,,,,,,,,,,,,,,,,,,,,,,52 032,,,,,,,,,,,,,,4 312,,,,,,,,,,,,,,,,
HAYETT,20,1,,,,Provisions pour Ristournes,,,,,,,,,,,,,,1 009 370,,,,,,,,,,,,,,,,,,,,,,,,,,,,1 160 184,,,,,,,,,,,,,,150 814,,,,,,,,,,,,,,,,
HAYETT,20,1,,,,Total,,,,,,,,,,,,,,473 050 288,,,,,,,,,,,,,,,,,,,,,,,,,,,,551 321 476,,,,,,,,,,,,,,78 271 189,0,,,,,,,,,,,,,,,
HAYETT,20,2,,,,,,,,,,,,,,,,,18 723 161,,16 288 307,,,,,,,,,,,,,,,,,,,,,,,,,,,,,,,,,,,,,,,Provisions pour sinistres à payer,,,,,,,,,,,,,,,,,,
HAYETT,20,2,,,,,,,,,,,,,,,,,471 868,,398 663,,,,,,,,,,,,,,,,,,,,,,,,,,,,,,,,,,,,,,,Provisions pour rachats à payer,,,,,,,,,,,,,,,,,,
HAYETT,20,2,,,,,,,,,,,,,,,,,4 683 735,,3 226 701,,,,,,,,,,,,,,,,,,,,,,,,,,,,,,,,,,,,,,,Provisions pour capitaux et arrérages à payer,,,,,,,,,,,,,,,,,,
HAYETT,20,2,,,,,,,,,,,,,,,,,3 712 176,,3 450 666,,,,,,,,,,,,,,,,,,,,,,,,,,,,,,,,,,,,,,,Provisions pour IBNR,,,,,,,,,,,,,,,,,,
HAYETT,20,2,,,,,,,,,,,,,,,,,1 379 547,,1 168 217,,,,,,,,,,,,,,,,,,,,,,,,,,,,,,,,,,,,,,,Provisions pour Frais de Gestion de Sinistres,,,,,,,,,,,,,,,,,,
HAYETT,20,2,,,,,,,,,,,,,,,,,28 970 486,,24 532 554,,,,,,,,,,,,,,,,,,,,,,,,,,,,,,,,,,,,,,,Total,,,,,,,,,,,,,,,,,,
HAYETT,20,3,,,,,,,,,,,,,,,,,973 556,,799 600,,,,,,,,,,,,,,,,,,,,,,,,,,,,,,,,,,,,,,,,,,,,Autres dettes nées d'opérations de réassurance directes,,,,,,,,,,,,,
HAYETT,20,3,,,,,,,,,,,,,,,,,66 773,,67 469,,,,,,,,,,,,,,,,,,,,,,,,,,,,,,,,,,,,,,,,,,,,Personnel,,,,,,,,,,,,,
HAYETT,20,3,,,,,,,,,,,,,,,,,215 605,,151 913,,,,,,,,,,,,,,,,,,,,,,,,,,,,,,,,,,,,,,,,,,,,"État, impôts et taxes retenues à la source",,,,,,,,,,,,,
HAYETT,20,3,,,,,,,,,,,,,,,,,359 453,,348 261,,,,,,,,,,,,,,,,,,,,,,,,,,,,,,,,,,,,,,,,,,,,"État, organismes sociaux",,,,,,,,,,,,,
HAYETT,20,3,,,,,,,,,,,,,,,,,1 586 363,,1 402 479,,,,,,,,,,,,,,,,,,,,,,,,,,,,,,,,,,,,,,,,,,,,"État, autres impôts et taxes",,,,,,,,,,,,,
HAYETT,20,3,,,,,,,,,,,,,,,,,10 385 517,,3 432 072,,,,,,,,,,,,,,,,,,,,,,,,,,,,,,,,,,,,,,,,,,,,Créditeurs divers,,,,,,,,,,,,,
HAYETT,20,3,,,,,,,,,,,,,,,,,13 587 268,,6 201 795,,,,,,,,,,,,,,,,,,,,,,,,,,,,,,,,,,,,,,,,,,,,Total,,,,,,,,,,,,,
HAYETT,21,1,,,,,,,,,,,,,,,,,1 359,,0,,,,,,,,,,,,,,,,,,,,,,,,,,,,,,,,,,,,,,,,,,,,Amortissements des différences sur prix de remboursement,,,,,,,,,,,,,
HAYETT,21,1,,,,,,,,,,,,,,,,,3 471 484,,2 992 837,,,,,,,,,,,,,,,,,,,,,,,,,,,,,,,,,,,,,,,,,,,,Charges à payer,,,,,,,,,,,,,
HAYETT,21,1,,,,,,,,,,,,,,,,,14 523,,24 686,,,,,,,,,,,,,,,,,,,,,,,,,,,,,,,,,,,,,,,,,,,,Produits constatés d'avance,,,,,,,,,,,,,
HAYETT,21,1,,,,,,,,,,,,,,,,,3 487 366,,3 017 523,,,,,,,,,,,,,,,,,,,,,,,,,,,,,,,,,,,,,,,,,,,,Total,,,,,,,,,,,,,
HAYETT,21,2,,,,,,,,,,,,,,,,,110 212,,101 227,,,,,,,,,,,,,,,,,,,,,,,,,,,,,,,,,,,,,,,,,,,,,Revenus des placements immobiliers,,,,,,,,,,,,
HAYETT,21,2,,,,,,,,,,,,,,,,,2 404 135,,1 242 820,,,,,,,,,,,,,,,,,,,,,,,,,,,,,,,,,,,,,,,,,,,,,Revenus des participations,,,,,,,,,,,,
HAYETT,21,2,,,,,,,,,,,,,,,,,45 389 750,,40 903 244,,,,,,,,,,,,,,,,,,,,,,,,,,,,,,,,,,,,,,,,,,,,,Revenus des autres placements,,,,,,,,,,,,
HAYETT,21,2,,,,,,,,,,,,,,,,,47 904 097,,42 247 291,,,,,,,,,,,,,,,,,,,,,,,,,,,,,,,,,,,,,,,,,,,,,Total,,,,,,,,,,,,
HAYETT,21,3,,,,,,,,,,,,,,,,,56 857,,31 932,,,,,,,,,,,,,,,,,,,,,,,,,,,,,,,,,,,,,,,,,,,,,,Frais externes,,,,,,,,,,,
HAYETT,21,3,,,,,,,,,,,,,,,,,132 002,,1 088 348,,,,,,,,,,,,,,,,,,,,,,,,,,,,,,,,,,,,,,,,,,,,,,Autres frais,,,,,,,,,,,
HAYETT,21,3,,,,,,,,,,,,,,,,,188 859,,1 120 279,,,,,,,,,,,,,,,,,,,,,,,,,,,,,,,,,,,,,,,,,,,,,,Total,,,,,,,,,,,
HAYETT,22,1,,,,,,,,,,,,,,,,,5 476 082,,4 988 978,,,,,,,,,,,,,,,,,,,,,,,,,,,,,,,,,,,,,,,,,,,,,,,Salaires,,,,,,,,,,
HAYETT,22,1,,,,,,,,,,,,,,,,,1 328 130,,1 178 141,,,,,,,,,,,,,,,,,,,,,,,,,,,,,,,,,,,,,,,,,,,,,,,Charges sociales,,,,,,,,,,
HAYETT,22,1,,,,,,,,,,,,,,,,,975 498,,907 724,,,,,,,,,,,,,,,,,,,,,,,,,,,,,,,,,,,,,,,,,,,,,,,Autres,,,,,,,,,,
HAYETT,22,1,,,,,,,,,,,,,,,,,7 779 710,,7 074 842,,,,,,,,,,,,,,,,,,,,,,,,,,,,,,,,,,,,,,,,,,,,,,,Total,,,,,,,,,,
HAYETT,22,2,,,,,,,,,,,,,,,,,3 082 853,,2 554 947,,,,,,,,,,,,,,,,,,,,,,,,,,,,,,,,,,,,,,,,,,,,,,,,"Agents, Courtiers et Succursales",,,,,,,,,
HAYETT,22,2,,,,,,,,,,,,,,,,,5 428 456,,4 734 371,,,,,,,,,,,,,,,,,,,,,,,,,,,,,,,,,,,,,,,,,,,,,,,,Banque,,,,,,,,,
HAYETT,22,2,,,,,,,,,,,,,,,,,302 077,,360 961,,,,,,,,,,,,,,,,,,,,,,,,,,,,,,,,,,,,,,,,,,,,,,,,Conseillers Clientèle,,,,,,,,,
HAYETT,22,2,,,,,,,,,,,,,,,,,8 813 386,,7 650 279,,,,,,,,,,,,,,,,,,,,,,,,,,,,,,,,,,,,,,,,,,,,,,,,Total,,,,,,,,,
HAYETT,22,3,,,,,,,,,,,,,,,,,67 001,,58 283,,,,,,,,,,,,,,,,,,,,,,,,,,,,,,,,,,,,,,,,,,,,,,,,,Avance sur TFP 2024,,,,,,,,
HAYETT,22,3,,,,,,,,,,,,,,,,,0,,145 842,,,,,,,,,,,,,,,,,,,,,,,,,,,,,,,,,,,,,,,,,,,,,,,,,Rétrocession QP commission emprunt national,,,,,,,,
HAYETT,22,3,,,,,,,,,,,,,,,,,69 434,,0,,,,,,,,,,,,,,,,,,,,,,,,,,,,,,,,,,,,,,,,,,,,,,,,,Bénéfice groupe,,,,,,,,
HAYETT,22,3,,,,,,,,,,,,,,,,,6 060,,7 572,,,,,,,,,,,,,,,,,,,,,,,,,,,,,,,,,,,,,,,,,,,,,,,,,Autres,,,,,,,,
HAYETT,22,3,,,,Total,,,,,,,,,,,,,,142 495,,,,,,,,,,,,,,,,,,,,,,211 697,,,,,,,,,,,,,,,,,,,,,,,,,,,,,,,,,,,,
HAYETT,23,1,,,,,,,,,,,,,,,,,739 428,,544 924,,,,,,,,,,,,,,,,,,,,,,,,,,,,,,,,,,,,,,,,,,,,,,,,,,Part des généraux frais,,,,,,,
HAYETT,23,1,,,,,,,,,,,,,,,,,46 313,,58 328,,,,,,,,,,,,,,,,,,,,,,,,,,,,,,,,,,,,,,,,,,,,,,,,,,Ristourne TFP,,,,,,,
HAYETT,23,1,,,,,,,,,,,,,,,,,785 742,,603 252,,,,,,,,,,,,,,,,,,,,,,,,,,,,,,,,,,,,,,,,,,,,,,,,,,Total,,,,,,,
HAYETT,25,1,,,,,,,,,,,,,,,,,,,,,,,,,,,,,,,,,,,,,,,,,,,,,,,,,,,,,,,,,,"Annonces, Publicités et Cotisations",,,,,,,,,,,,825 771,,,,,,
HAYETT,25,1,,,,Assurances de l'entreprise,,,,,,,,,,,,,,6 979,,,,,,,,,,,,,,,,,,,,,,,,,,,,,,,,,,,,,,,,,,,,,,,,,,,,,,,,,,
HAYETT,25,1,,,,Charges du personnel,,,,,,,,,,,,,,7 784 420,,,,,,,,,,,,,,,,,,,,,,,,,,,,,,,,,,,,,,,,,,,,,,,,,,,,,,,,,,
HAYETT,25,1,,,,Commissions,,,,,,,,,,,,,,8 814 325,,,,,,,,,,,,,,,,,,,,,,,,,,,,,,,,,,,,,,,,,,,,,,,,,,,,,,,,,,
HAYETT,25,1,,,,Dotations aux amortissements et aux provisions,,,,,,,,,,,,,,782 452,,,,,,,,,,,,,,,,,,,,,,,,,,,,,,,,,,,,,,,,,,,,,,,,,,,,,,,,,,
HAYETT,25,1,,,,Entretiens et réparations,,,,,,,,,,,,,,1 329,,,,,,,,,,,,,,,,,,,,,,,,,,,,,,,,,,,,,,,,,,,,,,,,,,,,,,,,,,
HAYETT,25,1,,,,Formations et Documentations,,,,,,,,,,,,,,56 123,,,,,,,,,,,,,,,,,,,,,,,,,,,,,,,,,,,,,,,,,,,,,,,,,,,,,,,,,,
HAYETT,25,1,,,,Fournitures et Imprimés,,,,,,,,,,,,,,139 947,,,,,,,,,,,,,,,,,,,,,,,,,,,,,,,,,,,,,,,,,,,,,,,,,,,,,,,,,,
HAYETT,25,1,,,,"Fourniture eau, énergie, électricité",,,,,,,,,,,,,,4 631,,,,,,,,,,,,,,,,,,,,,,,,,,,,,,,,,,,,,,,,,,,,,,,,,,,,,,,,,,
HAYETT,25,1,,,,Frais Divers,,,,,,,,,,,,,,1 038 961,,,,,,,,,,,,,,,,,,,,,,,,,,,,,,,,,,,,,,,,,,,,,,,,,,,,,,,,,,
HAYETT,25,1,,,,Frais Financiers,,,,,,,,,,,,,,56 260,,,,,,,,,,,,,,,,,,,,,,,,,,,,,,,,,,,,,,,,,,,,,,,,,,,,,,,,,,
HAYETT,25,1,,,,Frais postaux et télécom,,,,,,,,,,,,,,92 990,,,,,,,,,,,,,,,,,,,,,,,,,,,,,,,,,,,,,,,,,,,,,,,,,,,,,,,,,,
HAYETT,25,1,,,,"Honoraires, Frais et Frais d’actes et de contentieux",,,,,,,,,,,,,,424 032,,,,,,,,,,,,,,,,,,,,,,,,,,,,,,,,,,,,,,,,,,,,,,,,,,,,,,,,,,
HAYETT,25,1,,,,Impôts et Taxes,,,,,,,,,,,,,,1 854 444,,,,,,,,,,,,,,,,,,,,,,,,,,,,,,,,,,,,,,,,,,,,,,,,,,,,,,,,,,
HAYETT,25,1,,,,Loyers et Charges Locatives,,,,,,,,,,,,,,182 275,,,,,,,,,,,,,,,,,,,,,,,,,,,,,,,,,,,,,,,,,,,,,,,,,,,,,,,,,,
HAYETT,25,1,,,,,,,,,,,,,,,,,,,,,,,,,,,,,,,,,,,,,,,,,,,,,,,,,,,,,,,,,,Maintenance informatique,,,,,,,,,,,,710 929,,,,,,
HAYETT,25,1,,,,Missions et inspections,,,,,,,,,,,,,,79 245,,,,,,,,,,,,,,,,,,,,,,,,,,,,,,,,,,,,,,,,,,,,,,,,,,,,,,,,,,
HAYETT,25,1,,,,,,,,,,,,,,,,,,,,,,,,,,,,,,,,,,,,,,,,,,,,,,,,,,,,,,,,,,Total,,,,,,,,,,,,22 855 114,,,,,,
HAYETT,25,2,,,,,,,,,,,,,,,,,,,,,,,,,,,,,,,,,,,,,,,,,,,,,,,,,,,,,,,,,,Frais d'acquisition,,,,,,,,,,,,15 450 417,,,,,,
HAYETT,25,2,,,,,,,,,,,,,,,,,,,,,,,,,,,,,,,,,,,,,,,,,,,,,,,,,,,,,,,,,,Frais d'administration,,,,,,,,,,,,3 389 649,,,,,,
HAYETT,25,2,,,,,,,,,,,,,,,,,,,,,,,,,,,,,,,,,,,,,,,,,,,,,,,,,,,,,,,,,,Autres charges non techniques,,,,,,,,,,,,739 428,,,,,,
HAYETT,25,2,,,,,,,,,,,,,,,,,,,,,,,,,,,,,,,,,,,,,,,,,,,,,,,,,,,,,,,,,,Autres charges techniques,,,,,,,,,,,,850 560,,,,,,
HAYETT,25,2,,,,,,,,,,,,,,,,,,,,,,,,,,,,,,,,,,,,,,,,,,,,,,,,,,,,,,,,,,Charges de placements,,,,,,,,,,,,91 278,,,,,,
HAYETT,25,2,,,,,,,,,,,,,,,,,,,,,,,,,,,,,,,,,,,,,,,,,,,,,,,,,,,,,,,,,,Charges de sinistres,,,,,,,,,,,,2 333 782,,,,,,
HAYETT,25,2,,,,,,,,,,,,,,,,,,,,,,,,,,,,,,,,,,,,,,,,,,,,,,,,,,,,,,,,,,Total,,,,,,,,,,,,22 855 114,,,,,,
HAYETT,26,1,,,,,,,,,,,,,,,,,31 177 098,,65 560 547,,,,,,,,,,,,,,,,,,,,,,,,,,,,,,,,,,,,,,,,,,,,,,,,,,,,Flux de trésorerie provenant de l'exploitation,,,,,
HAYETT,26,1,,,,,,,,,,,,,,,,,-30 422 822,,-58 575 222,,,,,,,,,,,,,,,,,,,,,,,,,,,,,,,,,,,,,,,,,,,,,,,,,,,,Flux de trésorerie provenant des activités d'investissement,,,,,
HAYETT,26,1,,,,,,,,,,,,,,,,,-5 654 758,,-5 686 685,,,,,,,,,,,,,,,,,,,,,,,,,,,,,,,,,,,,,,,,,,,,,,,,,,,,Flux de trésorerie provenant des activités de financement,,,,,
HAYETT,26,1,,,,,,,,,,,,,,,,,-4 900 482,,1 298 639,,,,,,,,,,,,,,,,,,,,,,,,,,,,,,,,,,,,,,,,,,,,,,,,,,,,Variation de Trésorerie,,,,,
HAYETT,26,2,,,,,,,,,,,,,,,,,,,,,,,,,,,,,,,,,,,,,,,,,,,,,,,,,,,,,,,,,,,,,,,,,,,,,,,,,,,,
HAYETT,26,2,,,,,Engagements reçus,,,,,,,,,,,,,,,,,,,,,,,,,,,,,,,,,,,,,,,,,,,,,,,,,,,,,,,,,,,,,,,,,,,,,,,
HAYETT,26,2,,,,,,,,,,,,,,,,,,,,,,,,,,,,,,,,,,,,,,,,,,,,,,,,,,,,,,,,,,,,,,,,,,,,,,,,,,,,
HAYETT,26,2,,,,,"avals, cautions et garanties reçus",,,,,,,,,,,,,,,,,,,,,,,,,,,,,,,,,,,,,,,,,,,,,,,,,,,,,,,,,,,,,,,,,,,,,,,
HAYETT,26,2,,,,,engagements de rachat de titres et d'actifs,,,,,,,,,,,,,,,,,,,,,,,,,,,,,,,,,75 958*,,,85 958,,,,,,,,,,,,,,,,,,,,,,,,,,,,,,,,,,,
HAYETT,26,2,,,,,,,,,,,,,,,,,,,,,,,,,,,,,,,,,,,,,,,,,,,,,,,,,,,,,,,,,,,,,,,,,,,,,,,,,,,,
HAYETT,26,2,,,,Engagements donnés,,,,,,,,,,,,,,,,,,,,,,,,,,,,,,,,,,,,,,,,,,,,,,,,,,,,,,,,,,,,,,,,,,,,,,,,
HAYETT,26,2,,,,,,,,,,,,,,,,,,,,,,,,,,,,,,,,,,,,,,,,,,,,,,,,,,,,,,,,,,,,,,,,,,,,,,,,,,,,
HAYETT,26,2,,,,"avals, cautions et garanties donnés",,,,,,,,,,,,,,,,,,,,,,,,,,,,,,,,,,,,,,,,,,,,,,,,,,,,,,,,,,,,,,,,,,,,,,,,
HAYETT,26,2,,,,,engagements de rachat de titres et d'actifs,,,,,,,,,,,,,,,,,,,,,,,,,,,,,,,,,75 958*,,,85 958,,,,,,,,,,,,,,,,,,,,,,,,,,,,,,,,,,,
HAYETT,26,2,,,,,,,,,,,,,,,,,,,,,,,,,,,,,,,,,,,,,,,,,,,,,,,,,,,,,,,,,,,,,,,,,,,,,,,,,,,,
HAYETT,26,2,,,,,,,,,,,,,,,,,,,,,,,,,,,,,,,,,,,,,,,,,,,,,,,,,,,,,,,,,,,,,,,,,,,,,,,,,,,,
HAYETT,26,2,,,,,,,,,,,,,,,,,,,,,,,,,,,,,,,,,,,,,,,,,,,,,,,,,,,,,,,,,,,,,,,,,,,,,,,,,,,,
HAYETT,27,1,,,,"Acquisition
et/ou
Reclassement","Cessions et/ou
Reclassement",,,,,,,,,,,,,A la cloture,,,,,,,,,,,,,,,,,,,,,,Augmentation,,,Diminutions,,,A la cloture,,,,,,,,,,,,,,,,,,,,,,,,,,,A l'ouverture,A l'ouverture,,
HAYETT,27,1,,,,,,,,,,,,,,,,,,,,,,,,,,,,,,,,,,,,,,Provisions,,Amortissements,Provisions,,Amortissements,Provisions,,Amortissements,Provisions,,,,,,,,,,,,,,,,,,,,,,,,,,,Amortissements,,
HAYETT,27,1,,,,"112 551
293 854","0
49 874",,,,,,,,,,,,,"9 677 102
779 238",,,,,,,,,,,,,,,,,,,,,,529 152,,,0,,,"9 117 323
0","0
0",,,,,,,,,,,,,,,,,,,,,,,,,"Actifs incorporels
Concessions,Brevets,licences,marques
Acomptes en cours","9 564 551
535 257",8 588 171,"559 779
779 238",
HAYETT,27,1,,,,406 405,49 874,,,,,,,,,,,,,10 456 340,,,,,,,,,,,,,,,,,,,,0,,529 152,0,,0,0,,9 117 323,0,,,,,,,,,,,,,,,,,,,,,,,,,Total des actifs incorporels,10 099 809,8 588 171,1 339 017,
HAYETT,27,1,,,,"31 493
0","359 262
0",,,,,,,,,,,,,"1 251 379
42 044",,,,,,,,,,,,,,,,,,,,,,"67 800
743",,,"354 774
0",,,"1 143 440
40 588","0
0",,,,,,,,,,,,,,,,,,,,,,,,,"Actifs corporels d'exploitation
Installations techniques et machines
Autres installations outillage et mobilier","1 579 148
42 044","1 430 414
39 845","107 939
1 456",
HAYETT,27,1,,,,31 493,359 262,,,,,,,,,,,,,1 293 423,,,,,,,,,,,,,,,,,,,,0,,68 543,0,,354 774,0,,1 184 028,0,,,,,,,,,,,,,,,,,,,,,,,,,Total des actifs corporels d'exploitation,1 621 193,1 470 259,109 395,
HAYETT,27,1,,,,,,,,,,,,,,,,,,,,,,,,,,,,,,,,,,,,,,,,,,,,,,,,,,,,,,,,,,,,,,,,,,,,,,,,Placements,,,,
HAYETT,27,1,,,,0,0,,,,,,,,,,,,,11 726 794,,,,,,,,,,,,,,,,,,,,8 468,,34 421,191,,0,382,,762 248,8 277,,,,,,,,,,,,,,,,,,,,,,,,,Terrains et constructions d'exploitation et hors exploitation,11 726 794,727 826,10 956 269,
HAYETT,27,1,,,,,,,,,,,,,,,,,,"0
0",,,,,,,,,,,,,,,,,,,,,,,,,,,,"0
0","0
0",,,,,,,,,,,,,,,,,,,,,,,,,"Placements dans les entreprises liées
Parts
Bons et Obligation",,,"0
0",
HAYETT,27,1,,,,0,0,,,,,,,,,,,,,0,,,,,,,,,,,,,,,,,,,,0,,0,0,,0,0,,0,0,,,,,,,,,,,,,,,,,,,,,,,,,Total Placements dans les entreprises liées,0,0,0,
HAYETT,27,1,,,,"0
16 000 000
113 000 000","0
10 872 400
115 000 000",,,,,,,,,,,,,"9 502 225
32 840 000
2 000 000",,,,,,,,,,,,,,,,,,,,"861 366
0
0",,,"156 620
0
0",,,"1 017 986
0
0",,"0
0
0","0
0
0",,,,,,,,,,,,,,,,,,,,,,,,,"Placements dans les entreprises avec un lien de participation
Parts
Bons et Obligation
Certificats de dépôts","9 502 225
27 712 400
4 000 000",,"9 502 225
32 840 000
2 000 000",
HAYETT,27,1,,,,129 000 000,125 872 400,,,,,,,,,,,,,44 342 225,,,,,,,,,,,,,,,,,,,,861 366,,0,156 620,,0,1 017 986,,0,0,,,,,,,,,,,,,,,,,,,,,,,,,Total Placements dans les entreprises avec un lien de participation,41 214 625,0,44 342 225,
HAYETT,27,1,,,,"52 159 862
56 185 675
4 937 565
205 690 000
0","48 884 468
9 386 200
4 289 258
174 340 000
0",,,,,,,,,,,,,"20 937 133
285 962 888
10 228 689
199 850 000
1 000",,,,,,,,,,,,,,,,,,,,"53 253
0
0",,,"248 093
0
0",,,"256 847
0
0",,"0
0
0
0
0","44 500
0
0
0
0",,,,,,,,,,,,,,,,,,,,,,,,,"Autres placements financiers
Actions,autres titres à revenu variable
Obligations et autres titres à revenu fixe
Autres Prêts
Dépôt auprès des Etablissement bancaires et financiers
Autres","17 661 738
239 163 413
9 580 382
168 500 000
1 000",,"20 892 633
285 962 888
10 228 689
199 850 000
1 000",
HAYETT,27,1,,,,318 973 102,236 899 926,,,,,,,,,,,,,516 979 709,,,,,,,,,,,,,,,,,,,,53 253,,0,248 093,,0,256 847,,0,44 500,,,,,,,,,,,,,,,,,,,,,,,,,Total Autres placements financiers,434 906 534,0,516 935 209,
HAYETT,27,1,,,,447 973 102,362 772 326,,,,,,,,,,,,,573 048 728,,,,,,,,,,,,,,,,,,,,923 087,,34 421,404 904,,0,1 275 214,,762 248,52 777,,,,,,,,,,,,,,,,,,,,,,,,,Total Placements,487 847 952,727 826,572 233 704,
HAYETT,27,1,,,,,,,,,,,,,,,,,,,,,,,,,,,,,,,,,,,,,,,,,,,,,,,,,,,,,,,,,,,,,,,,,,,,,,,,,,,,
HAYETT,27,1,,,,202 263,197 951,,,,,,,,,,,,,52 035,,,,,,,,,,,,,,,,,,,,0,,0,0,,0,0,,0,0,,,,,,,,,,,,,,,,,,,,,,,,,Placements représentants les PT des contrats en UC,47 722,0,52 035,
HAYETT,27,1,,,,,,,,,,,,,,,,,,,,,,,,,,,,,,,,,,,,,,,,,,,,,,,,,,,,,,,,,,,,,,,,,,,,,,,,,,,,
HAYETT,27,1,,,,448 613 263,363 379 413,,,,,,,,,,,,,584 850 526,,,,,,,,,,,,,,,,,,,,923 087,,632 117,404 904,,354 774,1 275 214,,11 063 599,52 777,,,,,,,,,,,,,,,,,,,,,,,,,Total Général,499 616 676,10 786 257,573 734 150,
HAYETT,29,1,,,,"-Primes
-Charges de prestation
-Charges des provisions et des autres provisions techniques
-Ajustement ACAV (contrats en unité de compte)",,,,,,,,,,,,,,,,,,,,,,,,,,,,,,,,,,,,,,,,,,,,,,,,,,,,,,,,,,,,,,,,,,"1 34 206 304
- 70 818 404
- 71 983 633
4 848",,,,,,
HAYETT,29,1,,,,Solde souscription,,,,,,,,,,,,,,,,,,,,,,,,,,,,,,,,,,,,,,,,,,,,,,,,,,,,,,,,,,,,,,,,,,- 8 590 884,,,,,,
HAYETT,29,1,,,,"-Frais d'acquisition
-Autres charges de gestion nettes
-Autres charges techniques",,,,,,,,,,,,,,,,,,,,,,,,,,,,,,,,,,,,,,,,,,,,,,,,,,,,,,,,,,,,,,,,,,"- 15 465 466
- 3 389 649
- 8 50 559",,,,,,
HAYETT,29,1,,,,Charges d'acquisition et de gestion nettes,,,,,,,,,,,,,,,,,,,,,,,,,,,,,,,,,,,,,,,,,,,,,,,,,,,,,,,,,,,,,,,,,,- 19 705 674,,,,,,
HAYETT,29,1,,,,"-Produits de placements
-Autres produits techniques",,,,,,,,,,,,,,,,,,,,,,,,,,,,,,,,,,,,,,,,,,,,,,,,,,,,,,,,,,,,,,,,,,43 686 435,,,,,,
HAYETT,29,1,,,,Solde financier,,,,,,,,,,,,,,,,,,,,,,,,,,,,,,,,,,,,,,,,,,,,,,,,,,,,,,,,,,,,,,,,,,43 686 435,,,,,,
HAYETT,29,1,,,,"Part des réassureurs dans les primes acquises
Part des réassureurs dans les prestations payées
Part des réassureurs dans les provisions pour SAP
Part des réassureurs dans la participation aux résultats
Commissions reçues des réassureurs",,,,,,,,,,,,,,,,,,,,,,,,,,,,,,,,,,,,,,,,,,,,,,,,,,,,,,,,,,,,,,,,,,"- 1 125 768
2 23 146
63 473
3 95 092
95 580",,,,,,
HAYETT,29,1,,,,Solde de Réassurance,,,,,,,,,,,,,,,,,,,,,,,,,,,,,,,,,,,,,,,,,,,,,,,,,,,,,,,,,,,,,,,,,,- 3 48 476,,,,,,
HAYETT,29,1,,,,,,,,,,,,,,,,,,,,,,,,,,,,,,,,,,,,,,,,,,,,,,,,,,,,,,,,,,,,,,,,,,,,,,,,,,,,
HAYETT,29,1,,,,RESULTAT TECHNIQUE VIE,,,,,,,,,,,,,,,,,,,,,,,,,,,,,,,,,,,,,,,,,,,,,,,,,,,,,,,,,,,,,,,,,,15 041 401,,,,,,
HAYETT,29,2,,,,33 006 882,,,,,,,,,,,,,,,,,,,,,,,,,,,,,,,,,,,,,,,,,,,,,,,,,,,,,,,,,,,,,,,,,,,,,,,,Montant des rachats
HAYETT,29,2,,,,8 650 896,,,,,,,,,,,,,,,,,,,,,,,,,,,,,,,,,,,,,,,,,,,,,,,,,,,,,,,,,,,,,,,,,,,,,,,,Intérêts techniques bruts de l'exercice
HAYETT,29,2,,,,5 51 321 476,,,,,,,,,,,,,,,,,,,,,,,,,,,,,,,,,,,,,,,,,,,,,,,,,,,,,,,,,,,,,,,,,,,,,,,,Provisions techniques brutes à la clôture
HAYETT,29,2,,,,4 73 050 288,,,,,,,,,,,,,,,,,,,,,,,,,,,,,,,,,,,,,,,,,,,,,,,,,,,,,,,,,,,,,,,,,,,,,,,,Provisions techniques brutes à l'ouverture
