societe,page,table_num,RUBRIQUE,Note,Exercice 2025,col,col_2,col_3,col_4,col_5,Exercice 2024,col_6,col_7,col_8,col_9,col_10,Notes,"Opérations brutes
2025","Cessions et / ou
rétrocessions 2025","Opération nettes
2025","Opération nettes
2024",2025,2024, Immeuble : 5%,287 367,col_11,1 742 644 1 409 189,col_12,col_13,col_14,col_15,col_16,col_17,333 455,col_18,1 742 644,306 321,511 002 403 798,107 205,8 108 000,6 000 000 0,6 000 000,324 326,324 326_2,332 632 0,332 632,2 386 049,2 132 826,38 872,22 606,23 910 334,21 149 877,76 435,163 284,4 341 896,6 376 392,2 681 684,2 189 961,"95,9%",19 136 028,16 835 592,15 986 301,13 710 212,44 654 761,41 742 984,695 918,497 339,39 703 356,40 397 795 -6 253 614,34 144 181,-19 176 016,-14 543 096 527 656,-14 015 441,-8 216 946,-6 632 814,-466 31,4,-408 401,29 093 467,28 723 634 -210 717,28 512 917,6 188 350,2 989 978 0,2 989 978,-3 517 124,-1 286 061,-25 933 193,-27 221 066 90 016,-27 131 049,11 285 622,7 554 330,1 326 657,787 716,1 889 438,‐ 23 909,Annexes-Notes aux Etats Financiers au 31/12/2025 Assurances At-Takafulia,"Capitaux propres 2024 Avant
Affectation","Affectations et
imputations",Dividendes,Résultat 2025,"Capitaux propres 2025 Avant
Affectation",Valeur brute,Amortissements et provisions,V.C. N. à la clôture,Année d’inventaire,Exercice de survenance,"Revenu et frais
concernant les
placements dans les
entreprises liées et
avec lien de
participations","Autres revenus et
frais",Total,Prevoyance,Epargne,Rubriques,Automobile,Transport,Incendie,"Santé, Inc & Invalidité",RC,I.A,Assitance,RDS,Acceptation,Raccordement,TOTAL,Placements,"Affectation
des
placements","Date
Souscriptions","Date
d'échéances","Montant
(DT)","Produits
2025","Affectation du
placement",Montant (DT),Produit 2025 (DT),Affectation du placement,"Affectation du placement
WIFAK SICAR","Encours le 31/12/2025
En (DT)",Directeur Général,Directeur Géneral Adjoint,"Président du conseil,
Administrateurs et
membres des comités"
TAKAFULIA,2,1,,,"Fonds des
Adhérents",,"Entreprise
Takaful
et/ou
Rétakaful","Entreprise
Takaful
et/ou
Rétakaful
combiné",,,"Fonds des
Adhérents","Entreprise
Takaful
et/ou
Rétakaful",,,"Entreprise
Takaful
et/ou
Rétakaful
combiné",,,,,,,,,,,,,,,,,,,,,,,,,,,,,,,,,,,,,,,,,,,,,,,,,,,,,,,,,,,,,,,,,,,,,,,,,,,,,,,,,,,,,,,,,,,,,,,,,,,,,,,,,,,,,,,,,,,,,,,,,,,
TAKAFULIA,2,1,"Actifs
AC1 Actifs incorporels
AC12 Concessions, brevets, licences, marques
AC2 Actifs corporels d'exploitation
AC21 Installations techniques et machines
AC22 Autres installations, outillage et mobilier
AC3 Placements
AC31 Terrains et constructions
AC311 Terrains et constructions d'exploitation
AC312 Terrains et constructions hors exploitation
AC33 Autres placements financiers AC34 Créances pour
espèces déposées auprès des entreprises cédantes
AC331 Actions, autres titres à revenu variable et part
dans des FCP islamiques
AC332 Sukuks et autres titres à revenus assimilés
AC333 Autres prêts
AC334 Dépôts auprès des établissements bancaires et
financiers islamiques
AC335 Autres placements conformes aux normes
sharaïques
AC34 Créances pour espèces déposées auprès des entreprises
cédantes
AC5 Part des réassureurs dans les provisions techniques
AC51 Provision pour primes non acquises
AC52 Provision d'assurance takaful familial
AC53 Provision pour sinistres (takaful familial)
AC54 Provision pour sinistres (takaful Général)
AC6 Créances
AC61 Créances nées d'opérations d'assurance directe
AC611 Primes acquises et non émises
AC612 Autres créances nées d'opération d'assurance
takaful directe
AC613 Créances indemnisées subrogées à l'entreprise
d'assurance
AC62 Créances nées d'opérations de rétakaful
AC63 Autres créances
AC631 Personnel
AC632 Etat, organismes de sécurité sociale,
collectivités publiques
AC633 Débiteurs diver
AC64 Créances sur ressources spéciales
AC66 Créances sur le fonds des adhérents (Commissions
Wakala, Moudhraba et autres créances)
AC7 Autres éléments d'actif
AC71 Avoirs en banque, CCP, chèques et caisse
AC72 Charges reportées
AC721 Frais d'acquisition reportés
AC722 Autres charges à repartir
AC73 Comptes de régularisation Actif
AC731 Loyers acquis non échus","III‐1
III‐2
III‐3
III‐4
III‐5
III‐6
III‐7
III‐8",,,,,,,,,,,,,,,,,,,,,,,,,,,,,,,,,,,,,,,,,,,,,,,,,,,,,,,,,,,,,,,,,,,,,,,,,,,,,,,,,,,,,,,,,,,,,,,,,,,,,,,,,,,,,,,,,,,,,,,,,,,,,,,,,,,,,,
TAKAFULIA,2,1,,,‐,,291 645,,291 645,,‐,,342 020,,,342 020,,,,,,,,,,,,,,,,,,,,,,,,,,,,,,,,,,,,,,,,,,,,,,,,,,,,,,,,,,,,,,,,,,,,,,,,,,,,,,,,,,,,,,,,,,,,,,,,,,,,,,,,,,,,,,,,,,,,,,,,,,
TAKAFULIA,2,1,,,,,291 645,291 645,,,,342 020,,,342 020,,,,,,,,,,,,,,,,,,,,,,,,,,,,,,,,,,,,,,,,,,,,,,,,,,,,,,,,,,,,,,,,,,,,,,,,,,,,,,,,,,,,,,,,,,,,,,,,,,,,,,,,,,,,,,,,,,,,,,,,,,,
TAKAFULIA,2,1,,,‐,,954 853,,954 853,,‐,,616 516,,,616 516,,,,,,,,,,,,,,,,,,,,,,,,,,,,,,,,,,,,,,,,,,,,,,,,,,,,,,,,,,,,,,,,,,,,,,,,,,,,,,,,,,,,,,,,,,,,,,,,,,,,,,,,,,,,,,,,,,,,,,,,,,
TAKAFULIA,2,1,,,,,"920 601
34 251","920 601
34 251",,,,"576 992
39 524",,,"576 992
39 524",,,,,,,,,,,,,,,,,,,,,,,,,,,,,,,,,,,,,,,,,,,,,,,,,,,,,,,,,,,,,,,,,,,,,,,,,,,,,,,,,,,,,,,,,,,,,,,,,,,,,,,,,,,,,,,,,,,,,,,,,,,
TAKAFULIA,2,1,,,130 274 855,,30 506 568,,160 781 423,,92 233 779,,30 179 661,,,122 413 440,,,,,,,,,,,,,,,,,,,,,,,,,,,,,,,,,,,,,,,,,,,,,,,,,,,,,,,,,,,,,,,,,,,,,,,,,,,,,,,,,,,,,,,,,,,,,,,,,,,,,,,,,,,,,,,,,,,,,,,,,,
TAKAFULIA,2,1,,,"2 318 913
‐
2 318 913
127 631 616
600 000
68 680 000
58 351 616
‐
324 326",,"9 133 378
8 108 000
1 025 378
21 373 190
4 560 000
12 242 800
35 159
4 500 000
35 231
‐","11 452 291
8 108 000
3 344 292
149 004 806
5 160 000
80 922 800
35 159
62 851 616
35 231
324 326",,,"2 468 876
‐
2 468 876
89 432 271
5 600 000
24 880 000
58 952 271
‐
332 632","6 827 110
6 000 000
827 110
23 352 551
3 580 000
9 857 100
19 044
9 830 000
66 406
‐",,,"9 295 986
4 000 000
3 295 986
112 784 822
9 180 000
34 737 100
19 044
68 782 271
66 406
332 632",,,,,,,,,,,,,,,,,,,,,,,,,,,,,,,,,,,,,,,,,,,,,,,,,,,,,,,,,,,,,,,,,,,,,,,,,,,,,,,,,,,,,,,,,,,,,,,,,,,,,,,,,,,,,,,,,,,,,,,,,,,
TAKAFULIA,2,1,,,8 530 814,,‐,8 530 814,,,7 915 780,‐,,,7 915 780,,,,,,,,,,,,,,,,,,,,,,,,,,,,,,,,,,,,,,,,,,,,,,,,,,,,,,,,,,,,,,,,,,,,,,,,,,,,,,,,,,,,,,,,,,,,,,,,,,,,,,,,,,,,,,,,,,,,,,,,,,,
TAKAFULIA,2,1,,,"2 386 049
1 542 003
7 200
4 595 561",,,"2 386 049
1 542 003
7 200
4 595 561",,,"2 132 826
1 500 078
115 538
4 167 338",,,,"2 132 826
1 500 078
115 538
4 167 338",,,,,,,,,,,,,,,,,,,,,,,,,,,,,,,,,,,,,,,,,,,,,,,,,,,,,,,,,,,,,,,,,,,,,,,,,,,,,,,,,,,,,,,,,,,,,,,,,,,,,,,,,,,,,,,,,,,,,,,,,,,
TAKAFULIA,2,1,,,23 882 883,,7 881 484,,31 764 367,,23 299 152,,6 425 696,,,29 724 848,,,,,,,,,,,,,,,,,,,,,,,,,,,,,,,,,,,,,,,,,,,,,,,,,,,,,,,,,,,,,,,,,,,,,,,,,,,,,,,,,,,,,,,,,,,,,,,,,,,,,,,,,,,,,,,,,,,,,,,,,,
TAKAFULIA,2,1,,,"19 058 731
742 344
17 529 666
786 720
481 255
2 804 948
‐
2 804 948
‐
1 537 949",,"‐
‐
7 881 484
‐
7 881 484
‐
‐","19 058 731
742 344
17 529 666
786 720
481 255
10 686 432
‐
10 686 432
‐
‐
1 537 949",,,"19 408 572
575 667
15 588 028
3 244 878
414 029
1 575 654
‐
1 319 153
256 501
1 900 896","‐
‐
6 425 696
‐
6 425 696
‐
‐",,,"19 408 572
575 667
15 588 028
3 244 878
414 029
8 001 350
‐
7 744 849
256 501
‐
1 900 896",,,,,,,,,,,,,,,,,,,,,,,,,,,,,,,,,,,,,,,,,,,,,,,,,,,,,,,,,,,,,,,,,,,,,,,,,,,,,,,,,,,,,,,,,,,,,,,,,,,,,,,,,,,,,,,,,,,,,,,,,,,
TAKAFULIA,2,1,,,14 471 238,,2 527 408,,16 998 646,,17 543 377,,1 111 829,,,18 655 206,,,,,,,,,,,,,,,,,,,,,,,,,,,,,,,,,,,,,,,,,,,,,,,,,,,,,,,,,,,,,,,,,,,,,,,,,,,,,,,,,,,,,,,,,,,,,,,,,,,,,,,,,,,,,,,,,,,,,,,,,,
TAKAFULIA,2,1,,,"4 252 058
3 492 350
3 492 350
‐
6 726 830
6 726 830",,"1 208 963
‐
‐
‐
1 318 445
1 318 445","5 461 021
3 492 350
3 492 350
‐
8 045 275
8 045 275",,,"8 178 658
5 904 240
2 895 370
3 008 869
3 460 480
3 460 480","119 239
‐
‐
‐
992 590
992 590",,,"8 297 897
5 904 240
2 895 370
3 008 869
4 453 070
4 453 070",,,,,,,,,,,,,,,,,,,,,,,,,,,,,,,,,,,,,,,,,,,,,,,,,,,,,,,,,,,,,,,,,,,,,,,,,,,,,,,,,,,,,,,,,,,,,,,,,,,,,,,,,,,,,,,,,,,,,,,,,,,
TAKAFULIA,2,1,Total de l'actif,,177 159 790,,42 161 959,219 321 749,,,140 992 088,38 675 722,,,179 667 809,,,,,,,,,,,,,,,,,,,,,,,,,,,,,,,,,,,,,,,,,,,,,,,,,,,,,,,,,,,,,,,,,,,,,,,,,,,,,,,,,,,,,,,,,,,,,,,,,,,,,,,,,,,,,,,,,,,,,,,,,,,
TAKAFULIA,3,1,,,"Fonds des
Adhérents",,"Entreprise
Takaful
et/ou
Rétakaful","Entreprise
Takaful
et/ou
Rétakaful
combiné",,"Entreprise
Takaful
et/ou
Rétakaful","Fonds des
Adhérents",,"Entreprise
Takaful
et/ou
Rétakaful
combiné",,,,,,,,,,,,,,,,,,,,,,,,,,,,,,,,,,,,,,,,,,,,,,,,,,,,,,,,,,,,,,,,,,,,,,,,,,,,,,,,,,,,,,,,,,,,,,,,,,,,,,,,,,,,,,,,,,,,,,,,,,,,,
TAKAFULIA,3,1,"Actifs Nets des adhérents
AN1 Déficits du fonds des adhérents des exercices
antérieurs reportés
AN2 Provisions d'Equilibrage du fonds des Adhérents
AN4 Surplus ou déficit de l'exercice après modifications
comptables
Total des Actifs Nets des adhérents
Capitaux propres des actionnaires
CP1 Capital social
CP1‐a ‐ Capital souscrit
CP2 Réserves
CP 2 ‐a‐ Primes liées au capital
CP 2 ‐b‐ Réserves légales
CP 2 ‐e‐ Autres réserves
CP5 Résultat reporté
CP6 Résultat de l'exercice
Total capitaux propres","III‐9
III‐10","‐
1 770 657
2 884 335",,,"‐
1 770 657
2 884 335",,,"‐1 557 373
327 072
3 000 958",,"‐1 557 37
327 07
3 000 95","3
2
8",,,,,,,,,,,,,,,,,,,,,,,,,,,,,,,,,,,,,,,,,,,,,,,,,,,,,,,,,,,,,,,,,,,,,,,,,,,,,,,,,,,,,,,,,,,,,,,,,,,,,,,,,,,,,,,,,,,,,,,,,,,,
TAKAFULIA,3,1,,,,4 654 992,‐,,4 654 992,,1 770 657,‐,1 770 65,7,,,,,,,,,,,,,,,,,,,,,,,,,,,,,,,,,,,,,,,,,,,,,,,,,,,,,,,,,,,,,,,,,,,,,,,,,,,,,,,,,,,,,,,,,,,,,,,,,,,,,,,,,,,,,,,,,,,,,,,,,,,,
TAKAFULIA,3,1,,,,,"20000 005
20000 005
11 673 777
7 000 004
677 662
3 996 112
1 658 852
1 596 242","20000 005
20000 005
11 673 777
7 000 004
677 662
3 996 112
1 658 852
1 596 242",,"20000 005
20000 005
10 474 591
7 000 004
534 565
2 940 023
1 839 800
1 022 149",,,"20000 00
20000 00
10 474 59
7 000 00
534 56
2 940 02
1 839 80
1 022 14","5
5
1
4
5
3
0
9",,,,,,,,,,,,,,,,,,,,,,,,,,,,,,,,,,,,,,,,,,,,,,,,,,,,,,,,,,,,,,,,,,,,,,,,,,,,,,,,,,,,,,,,,,,,,,,,,,,,,,,,,,,,,,,,,,,,,,,,,,,,
TAKAFULIA,3,1,,,,‐,34 928 876,,34 928 876,,‐,33 336 545,33 336 54,5,,,,,,,,,,,,,,,,,,,,,,,,,,,,,,,,,,,,,,,,,,,,,,,,,,,,,,,,,,,,,,,,,,,,,,,,,,,,,,,,,,,,,,,,,,,,,,,,,,,,,,,,,,,,,,,,,,,,,,,,,,,,
TAKAFULIA,3,1,Total actifs nets et capitaux propres,,4 654 992,,34 928 876,39 583 868,,33 336 545,1 770 657,,35 107 20,2,,,,,,,,,,,,,,,,,,,,,,,,,,,,,,,,,,,,,,,,,,,,,,,,,,,,,,,,,,,,,,,,,,,,,,,,,,,,,,,,,,,,,,,,,,,,,,,,,,,,,,,,,,,,,,,,,,,,,,,,,,,,
TAKAFULIA,3,1,"Passifs
PA1 Autres passifs financiers
PA14 Dettes envers les établissements bancaires et
financiers islamiques
PA2 Provisions pour autres risques et charges
PA22 Provisions pour impôts
PA23 Autres provisions
PA3 Provisions techniques brutes
PA31 Provision pour primes non acquises
PA32 Provision d'assurance Takaful familial
PA33 Provision pour sinistres (takaful familial)
PA34 Provision pour sinistres (takaful Général)
PA35 Provision pour égalisation et équilibrage
PA36 Autres provisions techniques (takaful familial)
PA37 Autres provisions techniques (takaful Général)
PA5 Dettes pour dépôts en espèces reçus des
cessionnaires et des rétrocessionnaires
PA6 Autres dettes
PA61 Dettes nées d'opérations d'assurance takaful
directe
PA62 Dettes nées d'opérations de rétakaful
PA63 Autres dettes
PA631 Dépôts et cautionnements reçus
PA632 Personnel
PA633 Etat, organismes de sécurité sociale,
collectivités publiques
PA634 Créditeurs divers
PA66 Dettes envers l'opérateur du fonds
(Commissions Wakala, Moudhraba et autres dettes)
PA7 Autres passifs
PA710 Report de commissions reçues des
réassureurs
PA712 Autres comptes de régularisation Passif
Total du passif","III‐11
III‐12
III‐13
III‐14",,,"285 485
285 485","285 485
285 485",,"72 548
72 548",,,"72 54
72 54","8
8",,,,,,,,,,,,,,,,,,,,,,,,,,,,,,,,,,,,,,,,,,,,,,,,,,,,,,,,,,,,,,,,,,,,,,,,,,,,,,,,,,,,,,,,,,,,,,,,,,,,,,,,,,,,,,,,,,,,,,,,,,,,
TAKAFULIA,3,1,,,,150 000,226 906,,376 906,,150 000,226 906,376 90,6,,,,,,,,,,,,,,,,,,,,,,,,,,,,,,,,,,,,,,,,,,,,,,,,,,,,,,,,,,,,,,,,,,,,,,,,,,,,,,,,,,,,,,,,,,,,,,,,,,,,,,,,,,,,,,,,,,,,,,,,,,,,
TAKAFULIA,3,1,,,150000,,"150000
76906","300 000
76906",,"150000
76906",150 000,,"300 00
7690","0
6",,,,,,,,,,,,,,,,,,,,,,,,,,,,,,,,,,,,,,,,,,,,,,,,,,,,,,,,,,,,,,,,,,,,,,,,,,,,,,,,,,,,,,,,,,,,,,,,,,,,,,,,,,,,,,,,,,,,,,,,,,,,
TAKAFULIA,3,1,,,,156 719 017,0,,156 719 017,,125 285 751,0,125 285 75,1,,,,,,,,,,,,,,,,,,,,,,,,,,,,,,,,,,,,,,,,,,,,,,,,,,,,,,,,,,,,,,,,,,,,,,,,,,,,,,,,,,,,,,,,,,,,,,,,,,,,,,,,,,,,,,,,,,,,,,,,,,,,
TAKAFULIA,3,1,,,"19 136 028
84 552 311
788 982
51 490 953
24 597
2 827
723 321",,,"19 136 028
84 552 311
788 982
51 490 953
24 597
2 827
723 321",,,"16 835 592
58 686 737
877 937
48 155 494
24 133
4 204
701 655",,"16 835 59
58 686 73
877 93
48 155 49
24 13
4 20
701 65","2
7
7
4
3
4
5",,,,,,,,,,,,,,,,,,,,,,,,,,,,,,,,,,,,,,,,,,,,,,,,,,,,,,,,,,,,,,,,,,,,,,,,,,,,,,,,,,,,,,,,,,,,,,,,,,,,,,,,,,,,,,,,,,,,,,,,,,,,
TAKAFULIA,3,1,,,4 828 437,,,4 828 437,,,4 622 765,,4 622 76,5,,,,,,,,,,,,,,,,,,,,,,,,,,,,,,,,,,,,,,,,,,,,,,,,,,,,,,,,,,,,,,,,,,,,,,,,,,,,,,,,,,,,,,,,,,,,,,,,,,,,,,,,,,,,,,,,,,,,,,,,,,,,
TAKAFULIA,3,1,,,,,,,,,,,,,,,,,,,,,,,,,,,,,,,,,,,,,,,,,,,,,,,,,,,,,,,,,,,,,,,,,,,,,,,,,,,,,,,,,,,,,,,,,,,,,,,,,,,,,,,,,,,,,,,,,,,,,,,,,,,,,,,,,,,,,,,,
TAKAFULIA,3,1,,,,8 994 754,4 291 216,,13 285 970,,7 563 828,2 919 123,10 482 95,1,,,,,,,,,,,,,,,,,,,,,,,,,,,,,,,,,,,,,,,,,,,,,,,,,,,,,,,,,,,,,,,,,,,,,,,,,,,,,,,,,,,,,,,,,,,,,,,,,,,,,,,,,,,,,,,,,,,,,,,,,,,,
TAKAFULIA,3,1,,,"695 918
3 226 683
5 072 153
196 629
4 875 524",,"2 753 266
456 278
2 041 962
255 026
1 537 949","695 918
3 226 683
7 825 420
196 629
456 278
6 917 486
255 026
1 537 949",,"1 018 227
374 596
456 302
187 329
1 900 896","497 339
2 442 158
4 624 331
193 629
4 430 702",,"497 33
2 442 15
5 642 55
193 62
374 59
4 887 00
187 32
1 900 89","9
8
8
9
6
4
9
6",,,,,,,,,,,,,,,,,,,,,,,,,,,,,,,,,,,,,,,,,,,,,,,,,,,,,,,,,,,,,,,,,,,,,,,,,,,,,,,,,,,,,,,,,,,,,,,,,,,,,,,,,,,,,,,,,,,,,,,,,,,,
TAKAFULIA,3,1,,,,1 812 589,2 429 475,,4 242 064,,1 599 086,2 120 599,3 719 68,6,,,,,,,,,,,,,,,,,,,,,,,,,,,,,,,,,,,,,,,,,,,,,,,,,,,,,,,,,,,,,,,,,,,,,,,,,,,,,,,,,,,,,,,,,,,,,,,,,,,,,,,,,,,,,,,,,,,,,,,,,,,,
TAKAFULIA,3,1,,,"810 473
1 002 117",,"‐
2 429 475","810 473
3 431 592",,"‐
2 120 599","580 086
1 019 000",,"580 08
3 139 59","6
9",,,,,,,,,,,,,,,,,,,,,,,,,,,,,,,,,,,,,,,,,,,,,,,,,,,,,,,,,,,,,,,,,,,,,,,,,,,,,,,,,,,,,,,,,,,,,,,,,,,,,,,,,,,,,,,,,,,,,,,,,,,,
TAKAFULIA,3,1,,,172 504 798,,7 233 082,179 737 880,,5 339 177,139 221 431,,144 560 60,7,,,,,,,,,,,,,,,,,,,,,,,,,,,,,,,,,,,,,,,,,,,,,,,,,,,,,,,,,,,,,,,,,,,,,,,,,,,,,,,,,,,,,,,,,,,,,,,,,,,,,,,,,,,,,,,,,,,,,,,,,,,,
TAKAFULIA,3,1,,,,,,,,,,,,,,,,,,,,,,,,,,,,,,,,,,,,,,,,,,,,,,,,,,,,,,,,,,,,,,,,,,,,,,,,,,,,,,,,,,,,,,,,,,,,,,,,,,,,,,,,,,,,,,,,,,,,,,,,,,,,,,,,,,,,,,,,
TAKAFULIA,3,1,"Total des actifs nets, capitaux propres et des passifs",,177 159 790,,42 161 959,219 321 749,,38 675 722,140 992 088,,179 667 80,9,,,,,,,,,,,,,,,,,,,,,,,,,,,,,,,,,,,,,,,,,,,,,,,,,,,,,,,,,,,,,,,,,,,,,,,,,,,,,,,,,,,,,,,,,,,,,,,,,,,,,,,,,,,,,,,,,,,,,,,,,,,,
TAKAFULIA,4,1,"PRF1 Primes
PRF11 Primes émises et acceptées
PRF2 Produits de placements
PRF21 Revenus des placements
PRF22 Produits des autres placements
Sous total 1
PRF3 Plus‐values non réalisées sur
placements
PRF4 Autres produits techniques
CHF1 Charge de sinistres
CHF11 Montants payés
CHF12 Variation de la provision pour
sinistres
Sous total 3
CHF2 Variation des autres provisions
techniques
CHF21 Provision d'assurance takaful
familial
CHF22 Autres provisions techniques
Sous total 4
CHF3 Frais d'exploitation
CHF31 Frais d'acquisition
CHF32 Variation du montant des frais
d'acquisition reportés
CHF33 Frais d'administration à la charge
du fonds des adhérents
CHF34 commissions reçues des
réassureurs rétakaful
Sous total 5
CHF4 Charges de gestion de placements
CHF41 Charges de gestion des
placements
CHF411 Commissions Moudharaba
CHF412 Autres charges de gestion de
placements
CHF42 Correction de valeur sur
placements
CHF43 Pertes provenant de la réalisation
des placements
CHF5 Autres charges techniques
Sous total 6
CH8 Impôt sur le résultat",,,,,,,,,,,,,,"V‐1
V‐2
V‐3
V‐4","29 315 258
6 188 350",‐221 791,"‐
29 093 467
6 188 350","‐
28 512 917
2 989 978
31 537",,,,,,,,,,,,,,,,,,,,,,,,,,,,,,,,,,,,,,,,,,,,,,,,,,,,,,,,,,,,,,,,,,,,,,,,,,,,,,,,,,,,,,,,,,,,,,,,,,,,,,,,,,,,,,,,,,,,,
TAKAFULIA,4,1,,,,,,,,,,,,,,,,35 503 608,‐221 791,35 281 817,31 534 432,,,,,,,,,,,,,,,,,,,,,,,,,,,,,,,,,,,,,,,,,,,,,,,,,,,,,,,,,,,,,,,,,,,,,,,,,,,,,,,,,,,,,,,,,,,,,,,,,,,,,,,,,,,,,,,,,,,,,
TAKAFULIA,4,1,,,,,,,,,,,,,,,,"‐3 653 654
89 698",136 530,"‐
‐
‐
‐3 517 124
89 698","‐
‐
‐
‐1 286 061
‐237 843",,,,,,,,,,,,,,,,,,,,,,,,,,,,,,,,,,,,,,,,,,,,,,,,,,,,,,,,,,,,,,,,,,,,,,,,,,,,,,,,,,,,,,,,,,,,,,,,,,,,,,,,,,,,,,,,,,,,,
TAKAFULIA,4,1,,,,,,,,,,,,,,,,‐3 563 956,136 530,‐3 427 426,‐1 523 904,,,,,,,,,,,,,,,,,,,,,,,,,,,,,,,,,,,,,,,,,,,,,,,,,,,,,,,,,,,,,,,,,,,,,,,,,,,,,,,,,,,,,,,,,,,,,,,,,,,,,,,,,,,,,,,,,,,,,
TAKAFULIA,4,1,,,,,,,,,,,,,,,,"‐25 866 781
1 377",‐66 412,"‐
‐25 933 193
1 377","‐
‐27 131 049
1 414",,,,,,,,,,,,,,,,,,,,,,,,,,,,,,,,,,,,,,,,,,,,,,,,,,,,,,,,,,,,,,,,,,,,,,,,,,,,,,,,,,,,,,,,,,,,,,,,,,,,,,,,,,,,,,,,,,,,,
TAKAFULIA,4,1,,,,,,,,,,,,,,,,‐25 865 403,‐66 412,‐25 931 816,‐27 129 635,,,,,,,,,,,,,,,,,,,,,,,,,,,,,,,,,,,,,,,,,,,,,,,,,,,,,,,,,,,,,,,,,,,,,,,,,,,,,,,,,,,,,,,,,,,,,,,,,,,,,,,,,,,,,,,,,,,,,
TAKAFULIA,4,1,,,,,,,,,,,,,,,,"‐1 104 139
‐71 548",16 657,"‐1 104 139
‐71 548
‐","‐809 935
‐102 206
‐",,,,,,,,,,,,,,,,,,,,,,,,,,,,,,,,,,,,,,,,,,,,,,,,,,,,,,,,,,,,,,,,,,,,,,,,,,,,,,,,,,,,,,,,,,,,,,,,,,,,,,,,,,,,,,,,,,,,,
TAKAFULIA,4,1,,,,,,,,,,,,,,,,‐1 175 687,16 657,‐1 159 030,‐912 141,,,,,,,,,,,,,,,,,,,,,,,,,,,,,,,,,,,,,,,,,,,,,,,,,,,,,,,,,,,,,,,,,,,,,,,,,,,,,,,,,,,,,,,,,,,,,,,,,,,,,,,,,,,,,,,,,,,,,
TAKAFULIA,4,1,,,,,,,,,,,,,,,,"‐1 114 091
‐1 112 408
‐1 683
‐92 289",‐,"‐
‐1 114 091
‐1 112 408
‐1 683
‐92 289","‐
‐530 591
‐528 981
‐1 610
‐61 674",,,,,,,,,,,,,,,,,,,,,,,,,,,,,,,,,,,,,,,,,,,,,,,,,,,,,,,,,,,,,,,,,,,,,,,,,,,,,,,,,,,,,,,,,,,,,,,,,,,,,,,,,,,,,,,,,,,,,
TAKAFULIA,4,1,,,,,,,,,,,,,,,,‐1 206 380,,‐1 206 380,‐592 265,,,,,,,,,,,,,,,,,,,,,,,,,,,,,,,,,,,,,,,,,,,,,,,,,,,,,,,,,,,,,,,,,,,,,,,,,,,,,,,,,,,,,,,,,,,,,,,,,,,,,,,,,,,,,,,,,,,,,
TAKAFULIA,4,1,,,,,,,,,,,,,,,,‐2 005 231,,‐2 005 231,‐781 179,,,,,,,,,,,,,,,,,,,,,,,,,,,,,,,,,,,,,,,,,,,,,,,,,,,,,,,,,,,,,,,,,,,,,,,,,,,,,,,,,,,,,,,,,,,,,,,,,,,,,,,,,,,,,,,,,,,,,
TAKAFULIA,4,1,"Surplus ou déficit de l'assurance Takaful
et/ou Rétakaful Familial",,,,,,,,,,,,,,,1 686 951,‐135 016,1 551 935,595 307,,,,,,,,,,,,,,,,,,,,,,,,,,,,,,,,,,,,,,,,,,,,,,,,,,,,,,,,,,,,,,,,,,,,,,,,,,,,,,,,,,,,,,,,,,,,,,,,,,,,,,,,,,,,,,,,,,,,,
TAKAFULIA,4,1,"CH9/PR5 Effet des modifications
comptables (nets d'impôt)",,,,,,,,,,,,,,,‐,,‐,‐,,,,,,,,,,,,,,,,,,,,,,,,,,,,,,,,,,,,,,,,,,,,,,,,,,,,,,,,,,,,,,,,,,,,,,,,,,,,,,,,,,,,,,,,,,,,,,,,,,,,,,,,,,,,,,,,,,,,,
TAKAFULIA,4,1,"Surplus ou déficit de l'assurance Takaful
et/ou Rétakaful Familial après
modification comptable",,,,,,,,,,,,,,,1 686 951,‐135 016,1 551 935,595 307,,,,,,,,,,,,,,,,,,,,,,,,,,,,,,,,,,,,,,,,,,,,,,,,,,,,,,,,,,,,,,,,,,,,,,,,,,,,,,,,,,,,,,,,,,,,,,,,,,,,,,,,,,,,,,,,,,,,,
TAKAFULIA,5,1,"PRG1 Primes acquises
PRG11 Primes émises et acceptées
PRG12 Variation de la provision pour primes
non acquises
PRG2 Produits de placements
PRG21 Revenus des placements
PRG22 Produits des autres placements
Sous total 1
PRG24 Profits provenant de la réalisation des
placements et de change
PRG3 Autres produits techniques
CHG1 Charge de sinistres
CHG11 Montants payés
CHG12 Variation de la provision pour sinistres
CHG2 Variation des autres provisions
techniques
Sous total 2
CHG3 Frais d'exploitation
CHG31 Frais d'acquisition
CHG32 Variation du montant des frais
d'acquisition reportés
CHG33 Frais d'administration à la charge du
fonds des adhérents
CHG34 commissions reçues des réassureurs
rétakaful
CHG4 Charges de gestion de placements
CHG41 Charges de gestion des placements
CHG411 Commissions Moudharaba
CHG412 Autres charges de gestion de
placements
CHG43 Pertes provenant de la réalisation des
placements
CHG5 Autres charges techniques
Sous total 3
CH8 Impôt sur le résultat",,,,,,,,,,,,,,"IV‐1
IV‐2
IV‐3
IV‐4
IV‐5","45 690 673
‐2 300 435
3 901 829
9 443","‐5 987 317
253 223","‐
39 703 356
‐2 047 212
‐
3 901 829
9 443","‐
34 144 181
‐993 934
‐
3 431 940
50 319",,,,,,,,,,,,,,,,,,,,,,,,,,,,,,,,,,,,,,,,,,,,,,,,,,,,,,,,,,,,,,,,,,,,,,,,,,,,,,,,,,,,,,,,,,,,,,,,,,,,,,,,,,,,,,,,,,,,,
TAKAFULIA,5,1,,,,,,,,,,,,,,,,47 301 510,‐5 734 093,41 567 417,36 632 506,,,,,,,,,,,,,,,,,,,,,,,,,,,,,,,,,,,,,,,,,,,,,,,,,,,,,,,,,,,,,,,,,,,,,,,,,,,,,,,,,,,,,,,,,,,,,,,,,,,,,,,,,,,,,,,,,,,,,
TAKAFULIA,5,1,,,,,,,,,,,,,,,,"‐
9 302
‐
‐19 700 471
‐3 335 459
‐21 666","‐
‐
‐
524 455
428 223","‐
9 302
‐
‐19 176 016
‐2 907 237
‐21 666","‐
‐
‐
‐14 015 441
‐7 350 548
‐179 259",,,,,,,,,,,,,,,,,,,,,,,,,,,,,,,,,,,,,,,,,,,,,,,,,,,,,,,,,,,,,,,,,,,,,,,,,,,,,,,,,,,,,,,,,,,,,,,,,,,,,,,,,,,,,,,,,,,,,
TAKAFULIA,5,1,,,,,,,,,,,,,,,,‐23 048 295,952 678,‐22 095 617,‐21 548 596,,,,,,,,,,,,,,,,,,,,,,,,,,,,,,,,,,,,,,,,,,,,,,,,,,,,,,,,,,,,,,,,,,,,,,,,,,,,,,,,,,,,,,,,,,,,,,,,,,,,,,,,,,,,,,,,,,,,,
TAKAFULIA,5,1,,,,,,,,,,,,,,,,,,,,,,,,,,,,,,,,,,,,,,,,,,,,,,,,,,,,,,,,,,,,,,,,,,,,,,,,,,,,,,,,,,,,,,,,,,,,,,,,,,,,,,,,,,,,,,,,,,,,,,,,,,,,,,,,,,,,,,,,
TAKAFULIA,5,1,,,,1 803 334,,‐6 836 645,,,,,,,,,,‐10 997 982,,‐9 194 649,,,,,,,,,,,,,,,,,,,,,,,,,,,,,,,,,,,,,,,,,,,,,,,,,,,,,,,,,,,,,,,,,,,,,,,,,,,,,,,,,,,,,,,,,,,,,,,,,,,,,,,,,,,,,,,,,,,,,,
TAKAFULIA,5,1,,,,,,,,,,,,,,,,"‐8 216 946
596 980
‐3 378 017","‐230 386
2 033 720","‐8 216 946
366 594
‐3 378 017
2 033 720","‐6 632 814
47 870
‐1 952 559
1 700 859",,,,,,,,,,,,,,,,,,,,,,,,,,,,,,,,,,,,,,,,,,,,,,,,,,,,,,,,,,,,,,,,,,,,,,,,,,,,,,,,,,,,,,,,,,,,,,,,,,,,,,,,,,,,,,,,,,,,,
TAKAFULIA,5,1,,,,‐134 999,,‐743 403,,,,,,,,,,‐1 043 678,,‐1 178 678,,,,,,,,,,,,,,,,,,,,,,,,,,,,,,,,,,,,,,,,,,,,,,,,,,,,,,,,,,,,,,,,,,,,,,,,,,,,,,,,,,,,,,,,,,,,,,,,,,,,,,,,,,,,,,,,,,,,,,
TAKAFULIA,5,1,,,,,,,,,,,,,,,,"‐1 043 678
‐466 314
‐577 364
‐","‐134 999
‐134 999","‐1 178 678
‐466 314
‐712 364
‐","‐743 403
‐408 401
‐335 002
‐",,,,,,,,,,,,,,,,,,,,,,,,,,,,,,,,,,,,,,,,,,,,,,,,,,,,,,,,,,,,,,,,,,,,,,,,,,,,,,,,,,,,,,,,,,,,,,,,,,,,,,,,,,,,,,,,,,,,,
TAKAFULIA,5,1,,,,,,‐2 526 914,,,,,,,,,,‐3 035 630,,‐3 035 630,,,,,,,,,,,,,,,,,,,,,,,,,,,,,,,,,,,,,,,,,,,,,,,,,,,,,,,,,,,,,,,,,,,,,,,,,,,,,,,,,,,,,,,,,,,,,,,,,,,,,,,,,,,,,,,,,,,,,,
TAKAFULIA,5,1,,,,,,,,,,,,,,,,,,,,,,,,,,,,,,,,,,,,,,,,,,,,,,,,,,,,,,,,,,,,,,,,,,,,,,,,,,,,,,,,,,,,,,,,,,,,,,,,,,,,,,,,,,,,,,,,,,,,,,,,,,,,,,,,,,,,,,,,
TAKAFULIA,5,1,,,,1 668 334,,‐9 998 987,,,,,,,,,,‐15 077 290,,‐13 408 956,,,,,,,,,,,,,,,,,,,,,,,,,,,,,,,,,,,,,,,,,,,,,,,,,,,,,,,,,,,,,,,,,,,,,,,,,,,,,,,,,,,,,,,,,,,,,,,,,,,,,,,,,,,,,,,,,,,,,,
TAKAFULIA,5,1,,,,,,,,,,,,,,,,‐1 721 574,,‐1 721 574,‐2 679 271,,,,,,,,,,,,,,,,,,,,,,,,,,,,,,,,,,,,,,,,,,,,,,,,,,,,,,,,,,,,,,,,,,,,,,,,,,,,,,,,,,,,,,,,,,,,,,,,,,,,,,,,,,,,,,,,,,,,,
TAKAFULIA,5,1,"Surplus ou déficit de l'assurance Takaful et/ou
Rétakaful Général",,,,,,,,,,,,,,,7 454 351,‐3 113 081,4 341 270,2 405 651,,,,,,,,,,,,,,,,,,,,,,,,,,,,,,,,,,,,,,,,,,,,,,,,,,,,,,,,,,,,,,,,,,,,,,,,,,,,,,,,,,,,,,,,,,,,,,,,,,,,,,,,,,,,,,,,,,,,,
TAKAFULIA,5,1,"CH9/PR5 Effet des modif ications comptables
(nets d'impôt)",,,,,,,,,,,,,,,‐3 008 869,,‐3 008 869,‐,,,,,,,,,,,,,,,,,,,,,,,,,,,,,,,,,,,,,,,,,,,,,,,,,,,,,,,,,,,,,,,,,,,,,,,,,,,,,,,,,,,,,,,,,,,,,,,,,,,,,,,,,,,,,,,,,,,,,
TAKAFULIA,5,1,"Surplus ou déficit de l'assurance Takaful et/ou
Rétakaful Général après modification
comptable",,,,,,,,,,,,,,,4 445 482,‐3 113 081,1 332 400,2 405 651,,,,,,,,,,,,,,,,,,,,,,,,,,,,,,,,,,,,,,,,,,,,,,,,,,,,,,,,,,,,,,,,,,,,,,,,,,,,,,,,,,,,,,,,,,,,,,,,,,,,,,,,,,,,,,,,,,,,,
TAKAFULIA,6,1,"PR1 Commission Wakala
PR2 Commission Moudharaba
PR3 Produits des placements
PR31 Revenus des placements
PR32 Produits des autres placements
Sous total 1a
PR33 Reprise de corrections de valeur sur placements
PR34 Profits provenant de la réalisation des placements
Sous total 1
CH1 Charges des placements
CH11 Charges de gestion des placements.
CH12 Correction de valeur sur placements
CH13 Pertes provenant de la réalisation des placements
Sous total 2
CH2 Dotations aux provisions et réductions de valeur sur Qardh
Hassan
PR4 Reprise de provisions et récupérations de valeur sur Qardh
Hassan
Produit net sur activités de gestion des fonds Takaful
PR5 Autres produits d'exploitation
CH3 Charges de personnel
CH4 Charges générales d'exploitation
CH5 Dotations aux amortissements et aux provisions sur
immobilisations
Résultat d'exploitation avant impôt
CH7 Impôt sur le résultat
Résultat d'exploitation après impôt
PR6 Gains extraordinaires
CH8 Pertes extraordinaires
Résultat extraordinaire",,,,,,,,,,,,,,"VI‐1
VI‐2
VI‐3
VI‐4",,,,,"11 285 622
1 326 657
1 889 438","7 554 330
787 716
2 009 441
40 164",,,,,,,,,,,,,,,,,,,,,,,,,,,,,,,,,,,,,,,,,,,,,,,,,,,,,,,,,,,,,,,,,,,,,,,,,,,,,,,,,,,,,,,,,,,,,,,,,,,,,,,,,,,,,,,,,,,
TAKAFULIA,6,1,,,,,,,,,,,,,,,,,,,,14 501 717,10 391 651,,,,,,,,,,,,,,,,,,,,,,,,,,,,,,,,,,,,,,,,,,,,,,,,,,,,,,,,,,,,,,,,,,,,,,,,,,,,,,,,,,,,,,,,,,,,,,,,,,,,,,,,,,,,,,,,,,,
TAKAFULIA,6,1,,,,,,,,,,,,,,,,,,,,"‐
‐","1 721 487
‐",,,,,,,,,,,,,,,,,,,,,,,,,,,,,,,,,,,,,,,,,,,,,,,,,,,,,,,,,,,,,,,,,,,,,,,,,,,,,,,,,,,,,,,,,,,,,,,,,,,,,,,,,,,,,,,,,,,
TAKAFULIA,6,1,,,,,,,,,,,,,,,,,,,,14 501 717,12 113 138,,,,,,,,,,,,,,,,,,,,,,,,,,,,,,,,,,,,,,,,,,,,,,,,,,,,,,,,,,,,,,,,,,,,,,,,,,,,,,,,,,,,,,,,,,,,,,,,,,,,,,,,,,,,,,,,,,,
TAKAFULIA,6,1,,,,,,,,,,,,,,,,,,,,"‐23 909
‐","‐7 338
‐1 354 050",,,,,,,,,,,,,,,,,,,,,,,,,,,,,,,,,,,,,,,,,,,,,,,,,,,,,,,,,,,,,,,,,,,,,,,,,,,,,,,,,,,,,,,,,,,,,,,,,,,,,,,,,,,,,,,,,,,
TAKAFULIA,6,1,,,,,,,,,,,,,,,,,,,,‐23 909,‐1 361 388,,,,,,,,,,,,,,,,,,,,,,,,,,,,,,,,,,,,,,,,,,,,,,,,,,,,,,,,,,,,,,,,,,,,,,,,,,,,,,,,,,,,,,,,,,,,,,,,,,,,,,,,,,,,,,,,,,,
TAKAFULIA,6,1,,,,,,,,,,,,,,,,,,,,,,,,,,,,,,,,,,,,,,,,,,,,,,,,,,,,,,,,,,,,,,,,,,,,,,,,,,,,,,,,,,,,,,,,,,,,,,,,,,,,,,,,,,,,,,,,,,,,,,,,,,,,,,,,,,,,,,,,
TAKAFULIA,6,1,,,,,,,,,,,,,,,,,,,,14 477 808,10 751 750,,,,,,,,,,,,,,,,,,,,,,,,,,,,,,,,,,,,,,,,,,,,,,,,,,,,,,,,,,,,,,,,,,,,,,,,,,,,,,,,,,,,,,,,,,,,,,,,,,,,,,,,,,,,,,,,,,,
TAKAFULIA,6,1,,,,,,,,,,,,,,,,,,,,"‐
‐11 453 971","‐
‐9 644 356",,,,,,,,,,,,,,,,,,,,,,,,,,,,,,,,,,,,,,,,,,,,,,,,,,,,,,,,,,,,,,,,,,,,,,,,,,,,,,,,,,,,,,,,,,,,,,,,,,,,,,,,,,,,,,,,,,,
TAKAFULIA,6,1,,,,,,,,,,,,,,,,,,,,3 023 836,1 107 394,,,,,,,,,,,,,,,,,,,,,,,,,,,,,,,,,,,,,,,,,,,,,,,,,,,,,,,,,,,,,,,,,,,,,,,,,,,,,,,,,,,,,,,,,,,,,,,,,,,,,,,,,,,,,,,,,,,
TAKAFULIA,6,1,,,,,,,,,,,,,,,,,,,,‐1 514 138,‐85 244,,,,,,,,,,,,,,,,,,,,,,,,,,,,,,,,,,,,,,,,,,,,,,,,,,,,,,,,,,,,,,,,,,,,,,,,,,,,,,,,,,,,,,,,,,,,,,,,,,,,,,,,,,,,,,,,,,,
TAKAFULIA,6,1,,,,,,,,,,,,,,,,,,,,1 509 698,1 022 149,,,,,,,,,,,,,,,,,,,,,,,,,,,,,,,,,,,,,,,,,,,,,,,,,,,,,,,,,,,,,,,,,,,,,,,,,,,,,,,,,,,,,,,,,,,,,,,,,,,,,,,,,,,,,,,,,,,
TAKAFULIA,6,1,,,,,,,,,,,,,,,,,,,,86 544,‐,,,,,,,,,,,,,,,,,,,,,,,,,,,,,,,,,,,,,,,,,,,,,,,,,,,,,,,,,,,,,,,,,,,,,,,,,,,,,,,,,,,,,,,,,,,,,,,,,,,,,,,,,,,,,,,,,,,
TAKAFULIA,6,1,,,,,,,,,,,,,,,,,,,,86 544,‐,,,,,,,,,,,,,,,,,,,,,,,,,,,,,,,,,,,,,,,,,,,,,,,,,,,,,,,,,,,,,,,,,,,,,,,,,,,,,,,,,,,,,,,,,,,,,,,,,,,,,,,,,,,,,,,,,,,
TAKAFULIA,6,1,,,,,,,,,,,,,,,,,,,,,,,,,,,,,,,,,,,,,,,,,,,,,,,,,,,,,,,,,,,,,,,,,,,,,,,,,,,,,,,,,,,,,,,,,,,,,,,,,,,,,,,,,,,,,,,,,,,,,,,,,,,,,,,,,,,,,,,,
TAKAFULIA,6,1,Résultat net de l'exercice,,,,,,,,,,,,,,,,,,,1 596 242,1 022 149,,,,,,,,,,,,,,,,,,,,,,,,,,,,,,,,,,,,,,,,,,,,,,,,,,,,,,,,,,,,,,,,,,,,,,,,,,,,,,,,,,,,,,,,,,,,,,,,,,,,,,,,,,,,,,,,,,,
TAKAFULIA,6,1,CH9/PR7 Effet des modifications comptables (nets d'impôt),,,,,,,,,,,,,,,,,,,,,,,,,,,,,,,,,,,,,,,,,,,,,,,,,,,,,,,,,,,,,,,,,,,,,,,,,,,,,,,,,,,,,,,,,,,,,,,,,,,,,,,,,,,,,,,,,,,,,,,,,,,,,,,,,,,,,,,
TAKAFULIA,6,1,Résultat net de l'exercice après modifications comptables,,,,,,,,,,,,,,,,,,,1 596 242,1 022 149,,,,,,,,,,,,,,,,,,,,,,,,,,,,,,,,,,,,,,,,,,,,,,,,,,,,,,,,,,,,,,,,,,,,,,,,,,,,,,,,,,,,,,,,,,,,,,,,,,,,,,,,,,,,,,,,,,,
TAKAFULIA,7,1,,,"Fonds des
Adhérents","Entreprise
Takaful et/ou
Rétakaful","Entreprise
Takaful et/ou
Rétakaful
combiné","Entreprise
Takaful
et/ou
Rétakaful","Entreprise
Takaful
et/ou
Rétakaful
combiné",,"Fonds des
Adhérents",,,,,,,,,,,,,,,,,,,,,,,,,,,,,,,,,,,,,,,,,,,,,,,,,,,,,,,,,,,,,,,,,,,,,,,,,,,,,,,,,,,,,,,,,,,,,,,,,,,,,,,,,,,,,,,,,,,,,,,,,,,,,,,
TAKAFULIA,7,1,"HB1 Engagements reçus
HB2 Engagements donnés
HB21 Avals, cautions et garanties de crédit
données
HB22 Titres et actifs acquis avec
engagement de revente
HB23 Autres engagements sur titres, actifs
ou revenus
HB24 Autres engagements donnés
HB3 Valeurs reçues en nantissement des
cessionnaires et des rétrocessionnaires
HB4 Valeurs remises par des organismes
réassurés avec caution solidaire ou de
substitution
HB5 Valeurs appartenant à des institutions de
prévoyance
HB6 Autres valeurs détenues pour compte de
tiers",,"‐
‐","‐
‐","‐
‐
‐
‐
‐
‐
‐
‐
‐
‐","‐
‐
‐","‐
‐
‐
‐
‐
‐
‐
‐
‐
‐",,"‐
‐",,,,,,,,,,,,,,,,,,,,,,,,,,,,,,,,,,,,,,,,,,,,,,,,,,,,,,,,,,,,,,,,,,,,,,,,,,,,,,,,,,,,,,,,,,,,,,,,,,,,,,,,,,,,,,,,,,,,,,,,,,,,,,,
TAKAFULIA,7,1,Total des engagements Hors Bilan,,‐,‐,‐,‐,‐,,‐,,,,,,,,,,,,,,,,,,,,,,,,,,,,,,,,,,,,,,,,,,,,,,,,,,,,,,,,,,,,,,,,,,,,,,,,,,,,,,,,,,,,,,,,,,,,,,,,,,,,,,,,,,,,,,,,,,,,,,,,,,,,,,,
TAKAFULIA,8,1,,,"Fonds des
Adhérents","Entreprise
Takaful
et/ou
Rétakaful","Entreprise
Takaful
et/ou
Rétakaful
combiné","Entreprise
Takaful
et/ou
Rétakaful","Entreprise
Takaful
et/ou
Rétakaful
combiné",,"Fonds des
Adhérents",,,,,,,,,,,,,,,,,,,,,,,,,,,,,,,,,,,,,,,,,,,,,,,,,,,,,,,,,,,,,,,,,,,,,,,,,,,,,,,,,,,,,,,,,,,,,,,,,,,,,,,,,,,,,,,,,,,,,,,,,,,,,,,
TAKAFULIA,8,1,"Flux de trésorerie liés à l'exploitation
Distribution du Surplus
Encaissements des primes reçues des adhérents
Sommes versées pour paiement des sinistres
Encaissements des primes reçues (acceptations)
Sommes versées pour les sinistres (acceptations)
Commissions versées sur les acceptations
Décaissements de primes pour les cessions
Encaissements des sinistres pour les cessions
Commissions reçues sur les cessions
Commissions versées aux intermédiaires
Sommes versées aux fournisseurs et au personnel
Variation des dépôts auprès des cédantes
Variation des espèces reçues des cessionnaires
Décaissements liés à l'acquisition de placements
financiers
Encaissements liés à la cession de placements
financiers
Taxes sur les assurances versées au Trésor
Produits financiers reçus
Impôts sur les bénéfices payés
Autres mouvements",,"77 809 697
‐18 048 407
0
0
0
‐2 057 399
0
0
‐3 794 183
0
0
‐119 420 345
83 982 697
‐11 035 897
0
0
‐11 362 765","0
0
0
0
0
0
0
0
0
‐14 474 311
0
0
0
‐1 366 854
5 820 124
0
11 362 765","77 809 697
‐18 048 407
0
0
0
‐2 057 399
0
0
‐3 794 183
‐14 474 311
0
0
‐119 420 345
83 982 697
‐12 402 751
5 820 124
0
0","0
0
0
0
0
0
0
0
0
‐8 602 482
0
0
0
‐1 204 021
6 234 767
0
3 794 610","71 200 455
‐18 271 047
0
0
0
‐1 908 878
0
0
‐3 123 361
‐8 602 482
0
0
‐146 742 271
120 827 261
‐10 925 212
6 234 767
0
0",,"71 200 455
‐18 271 047
0
0
0
‐1 908 878
0
0
‐3 123 361
0
0
‐146 742 271
120 827 261
‐9 721 191
0
0
‐3 794 610",,,,,,,,,,,,,,,,,,,,,,,,,,,,,,,,,,,,,,,,,,,,,,,,,,,,,,,,,,,,,,,,,,,,,,,,,,,,,,,,,,,,,,,,,,,,,,,,,,,,,,,,,,,,,,,,,,,,,,,,,,,,,,,
TAKAFULIA,8,1,Flux de trésorerie provenant de l'exploitation,,8 466 359,222 873,8 689 232,222 873,8 689 232,,8 466 359,,,,,,,,,,,,,,,,,,,,,,,,,,,,,,,,,,,,,,,,,,,,,,,,,,,,,,,,,,,,,,,,,,,,,,,,,,,,,,,,,,,,,,,,,,,,,,,,,,,,,,,,,,,,,,,,,,,,,,,,,,,,,,,
TAKAFULIA,8,1,"Flux de trésorerie liés aux activités d'investissement
Décaissements provenant de l'acquisition
d'immobilisations incorporelles et corporelles
Encaissements provenant de la cession
d'immobilisations incorporelles et corporelles",,"0
0","0
0","0
0","0
0","0
0",,"0
0",,,,,,,,,,,,,,,,,,,,,,,,,,,,,,,,,,,,,,,,,,,,,,,,,,,,,,,,,,,,,,,,,,,,,,,,,,,,,,,,,,,,,,,,,,,,,,,,,,,,,,,,,,,,,,,,,,,,,,,,,,,,,,,
TAKAFULIA,8,1,"Flux de trésorerie provenant des activités
d'investissements",,0,0,0,0,0,,0,,,,,,,,,,,,,,,,,,,,,,,,,,,,,,,,,,,,,,,,,,,,,,,,,,,,,,,,,,,,,,,,,,,,,,,,,,,,,,,,,,,,,,,,,,,,,,,,,,,,,,,,,,,,,,,,,,,,,,,,,,,,,,,
TAKAFULIA,8,1,"Flux de trésorerie liés aux activités de financement
Encaissements suite à l'émission d'actions
Dividendes et autres distributions",,"0
0","0
‐252 000","0
‐252 000","0
‐120 800","0
‐120 800",,"0
0",,,,,,,,,,,,,,,,,,,,,,,,,,,,,,,,,,,,,,,,,,,,,,,,,,,,,,,,,,,,,,,,,,,,,,,,,,,,,,,,,,,,,,,,,,,,,,,,,,,,,,,,,,,,,,,,,,,,,,,,,,,,,,,
TAKAFULIA,8,1,"Flux de trésorerie provenant des activités de
financements",,0,‐252 000,‐252 000,‐120 800,‐120 800,,0,,,,,,,,,,,,,,,,,,,,,,,,,,,,,,,,,,,,,,,,,,,,,,,,,,,,,,,,,,,,,,,,,,,,,,,,,,,,,,,,,,,,,,,,,,,,,,,,,,,,,,,,,,,,,,,,,,,,,,,,,,,,,,,
TAKAFULIA,8,1,"Incidence des variations de taux de change sur les
liquidités ou équivalents de liquidités
Variation de trésorerie
Trésorerie de début d'exercice",,"0
‐3 926 600
8 178 658","0
1 089 724
119 239","0
‐2 836 876
8 297 897","0
102 073
17 166","0
8 568 432
‐270 536",,"0
8 466 359
‐287 701",,,,,,,,,,,,,,,,,,,,,,,,,,,,,,,,,,,,,,,,,,,,,,,,,,,,,,,,,,,,,,,,,,,,,,,,,,,,,,,,,,,,,,,,,,,,,,,,,,,,,,,,,,,,,,,,,,,,,,,,,,,,,,,
TAKAFULIA,8,1,Trésorerie de fin d'exercice,,4 252 058,1 208 963,5 461 021,119 239,8 297 897,,8 178 658,,,,,,,,,,,,,,,,,,,,,,,,,,,,,,,,,,,,,,,,,,,,,,,,,,,,,,,,,,,,,,,,,,,,,,,,,,,,,,,,,,,,,,,,,,,,,,,,,,,,,,,,,,,,,,,,,,,,,,,,,,,,,,,
TAKAFULIA,13,1,,,,,,,,,,,,,,,,,,,,,," ERP Proassur : 6,66%",,,,,,,,,,,,,,,,,,,,,,,,,,,,,,,,,,,,,,,,,,,,,,,,,,,,,,,,,,,,,,,,,,,,,,,,,,,,,,,,,,,,,,,,,,,,,,,,,,,,,,,,,,,,,,,,,,
TAKAFULIA,13,1,,,,,,,,,,,,,,,,,,,,,," Logiciels techniques : 14,29%",,,,,,,,,,,,,,,,,,,,,,,,,,,,,,,,,,,,,,,,,,,,,,,,,,,,,,,,,,,,,,,,,,,,,,,,,,,,,,,,,,,,,,,,,,,,,,,,,,,,,,,,,,,,,,,,,,
TAKAFULIA,13,1,,,,,,,,,,,,,,,,,,,,,, Autres logiciels : 33.33%,,,,,,,,,,,,,,,,,,,,,,,,,,,,,,,,,,,,,,,,,,,,,,,,,,,,,,,,,,,,,,,,,,,,,,,,,,,,,,,,,,,,,,,,,,,,,,,,,,,,,,,,,,,,,,,,,,
TAKAFULIA,13,1,,,,,,,,,,,,,,,,,,,,,," Agencements, Aménagements : 15%",,,,,,,,,,,,,,,,,,,,,,,,,,,,,,,,,,,,,,,,,,,,,,,,,,,,,,,,,,,,,,,,,,,,,,,,,,,,,,,,,,,,,,,,,,,,,,,,,,,,,,,,,,,,,,,,,,
TAKAFULIA,13,1,,,,,,,,,,,,,,,,,,,,,, Matériel informatique : 33.33%,,,,,,,,,,,,,,,,,,,,,,,,,,,,,,,,,,,,,,,,,,,,,,,,,,,,,,,,,,,,,,,,,,,,,,,,,,,,,,,,,,,,,,,,,,,,,,,,,,,,,,,,,,,,,,,,,,
TAKAFULIA,13,1,,,,,,,,,,,,,,,,,,,,,, Matériel et Mobilier de bureaux : 20%,,,,,,,,,,,,,,,,,,,,,,,,,,,,,,,,,,,,,,,,,,,,,,,,,,,,,,,,,,,,,,,,,,,,,,,,,,,,,,,,,,,,,,,,,,,,,,,,,,,,,,,,,,,,,,,,,,
TAKAFULIA,13,1,,,,,,,,,,,,,,,,,,,,,, Matériel de transport : 20%,,,,,,,,,,,,,,,,,,,,,,,,,,,,,,,,,,,,,,,,,,,,,,,,,,,,,,,,,,,,,,,,,,,,,,,,,,,,,,,,,,,,,,,,,,,,,,,,,,,,,,,,,,,,,,,,,,
TAKAFULIA,16,1,,,,,,,,,,,,,,,,,,,,,,,4 278,,65 516 56 951,,,,,,,8 565,,,,,,,,,,,,,,,,,,,,,,,,,,,,,,,,,,,,,,,,,,,,,,,,,,,,,,,,,,,,,,,,,,,,,,,,,,,,,,,,,,,,,,,,,,,,,,,,,,,,,,,,
TAKAFULIA,16,1,,,,,Total,,,1 808 160,,,,1 516 514,,,,,,,,,,,291 645,,,1 808 160,,,1 466 140,,,342 020,,,,,,,,,,,,,,,,,,,,,,,,,,,,,,,,,,,,,,,,,,,,,,,,,,,,,,,,,,,,,,,,,,,,,,,,,,,,,,,,,,,,,,,,,,,,,,,,,,,,,,,,
TAKAFULIA,16,2,,,,,,,,,,,,,,,,,,,,,,,,,,,65 516,,,,,,,,,,,,,,,,,,,,,,,,,,,,,,,,,,,,,,,,,,,,,,,,,,,,,,,,,,,,,,,,,,,,,,,,,,,,,,,,,,,,,,,,,,,,,,,,,,,,,,,,,,,,,
TAKAFULIA,16,2,,,,,Actifs incorporels,,,1 808 160,,,,0,,,,,,,,,,,,0,,,,,,,,,,1 808 160,,,,,,,,,,,,,,,,,,,,,,,,,,,,,,,,,,,,,,,,,,,,,,,,,,,,,,,,,,,,,,,,,,,,,,,,,,,,,,,,,,,,,,,,,,,,,,,,,,,,,,
TAKAFULIA,17,1,,,,,,,,,,,,,,,,,,,,,,,,,,,,,,,,,,,472 289,703 430 373 733,329 698,,,,,,,,,,,,,,,,,,,,,,,,,,,,,,,,,,,,,,,,,,,,,,,,,,,,,,,,,,,,,,,,,,,,,,,,,,,,,,,,,,,,,,,,,,,,,,,,,,,
TAKAFULIA,17,1,,,,,,,,,,,,,,,,,,,,,,,,,,,,,,,,,,,99 136,540 214 442 980,97 234,,,,,,,,,,,,,,,,,,,,,,,,,,,,,,,,,,,,,,,,,,,,,,,,,,,,,,,,,,,,,,,,,,,,,,,,,,,,,,,,,,,,,,,,,,,,,,,,,,,
TAKAFULIA,17,1,,,,,,,,,,,,,,,,,,,,,,,,,,,,,,,,,,,34 251,272 151 232 627,39 524,,,,,,,,,,,,,,,,,,,,,,,,,,,,,,,,,,,,,,,,,,,,,,,,,,,,,,,,,,,,,,,,,,,,,,,,,,,,,,,,,,,,,,,,,,,,,,,,,,,
TAKAFULIA,17,1,,,,,,,,,,,,,,0,,,,,,,,,,,,,,,,,0,,,,,5 393 5 393,,,,,,,,,,,,,,,,,,,,,,,,,,,,,,,,,,,,,,,,,,,,,,,,,,,,,,,,,,,,,,,,,,,,,,,,,,,,,,,,,,,,,,,,,,,,,,,,,,,,
TAKAFULIA,17,1,,,,,,,,,,,,,,42 856,,,,,,,,,,,,,,,,,42 856,,,,,42 856 0,,,,,,,,,,,,,,,,,,,,,,,,,,,,,,,,,,,,,,,,,,,,,,,,,,,,,,,,,,,,,,,,,,,,,,,,,,,,,,,,,,,,,,,,,,,,,,,,,,,,
TAKAFULIA,17,1,,,,,Total,,,2 508 307,,,,1 555 835,,954 853,,,,,,,,,,,,2 075 047,,,1 458 531,,616 516,,,,,,,,,,,,,,,,,,,,,,,,,,,,,,,,,,,,,,,,,,,,,,,,,,,,,,,,,,,,,,,,,,,,,,,,,,,,,,,,,,,,,,,,,,,,,,,,,,,,,,,,,
TAKAFULIA,17,3,,,,,,,,,,,,,,,,,,,,,,,,,,,,,,,,,,,,,,3 344 292,4 288 335 992 349,3 295 986,,,,,,,,,,,,,,,,,,,,,,,,,,,,,,,,,,,,,,,,,,,,,,,,,,,,,,,,,,,,,,,,,,,,,,,,,,,,,,,,,,,,,,,,,,,,,,,,
TAKAFULIA,17,3,,,,,,,,,,,,,,,,,,,,,,,,,,,,,,,,,,,,,,5 160 000,9 255 000 75 000,9 180 000,,,,,,,,,,,,,,,,,,,,,,,,,,,,,,,,,,,,,,,,,,,,,,,,,,,,,,,,,,,,,,,,,,,,,,,,,,,,,,,,,,,,,,,,,,,,,,,,
TAKAFULIA,17,3,,,,,,,,,,,,,,,,,,,,,,,,,,,,,,,,,,,,,,80 922 800,34 737 100 0,34 737 100,,,,,,,,,,,,,,,,,,,,,,,,,,,,,,,,,,,,,,,,,,,,,,,,,,,,,,,,,,,,,,,,,,,,,,,,,,,,,,,,,,,,,,,,,,,,,,,,
TAKAFULIA,17,3,,,,,,,,,,,,,,,,,,,,,,,,,,,,,,,,,,,,,,35 159,19 044 0,19 044,,,,,,,,,,,,,,,,,,,,,,,,,,,,,,,,,,,,,,,,,,,,,,,,,,,,,,,,,,,,,,,,,,,,,,,,,,,,,,,,,,,,,,,,,,,,,,,,
TAKAFULIA,17,3,,,,,,,,,,,,,,,,,,,,,,,,,,,,,,,,,,,,,,62 851 616,68 782 271 0,68 782 271,,,,,,,,,,,,,,,,,,,,,,,,,,,,,,,,,,,,,,,,,,,,,,,,,,,,,,,,,,,,,,,,,,,,,,,,,,,,,,,,,,,,,,,,,,,,,,,,
TAKAFULIA,17,3,,,,,,,,,,,,,,,,,,,,,,,,,,,,,,,,,,,,,,35 231,66 406 0,66 406,,,,,,,,,,,,,,,,,,,,,,,,,,,,,,,,,,,,,,,,,,,,,,,,,,,,,,,,,,,,,,,,,,,,,,,,,,,,,,,,,,,,,,,,,,,,,,,,
TAKAFULIA,18,1,,,,,Total,,,162 020 466,,,,1 239 043,,123 480 789,,,,,,,,,,,,1 067 349,,122 413 440,,,,,,,,,,,,,,160 781 423,,,,,,,,,,,,,,,,,,,,,,,,,,,,,,,,,,,,,,,,,,,,,,,,,,,,,,,,,,,,,,,,,,,,,,,,,,,,,,,,,,,,,,,,,,,,,,
TAKAFULIA,18,2,,,,,,,,,,,,,,,,,,,,,,,,,,,,,,,,,,,,,,3 344 292,,,,,,,,,,,,,,,,,,,,,,,,,,,,,,,,,,,,,,,,,,,,,,,,,,,,,,,,,,,,,,,,,,,,,,,,,,,,,,,,,,,,,,,,,,,,,,,,,,
TAKAFULIA,18,2,,,,,,,,,,,,,,,,,,,,,,,,,,,,,,,,,,,,,,5 160 000,,,,,,,,,,,,,,,,,,,,,,,,,,,,,,,,,,,,,,,,,,,,,,,,,,,,,,,,,,,,,,,,,,,,,,,,,,,,,,,,,,,,,,,,,,,,,,,,,,
TAKAFULIA,18,2,,,,,,,,,,,,,,,,,,,,,,,,,,,,,,,,,,,,,,80 922 800,,,,,,,,,,,,,,,,,,,,,,,,,,,,,,,,,,,,,,,,,,,,,,,,,,,,,,,,,,,,,,,,,,,,,,,,,,,,,,,,,,,,,,,,,,,,,,,,,,
TAKAFULIA,18,2,,,,,,,,,,,,,,,,,,,,,,,,,,35 159,,,,,,,,,,,,,,,,,,,,,,,,,,,,,,,,,,,,,,,,,,,,,,,,,,,,,,,,,,,,,,,,,,,,,,,,,,,,,,,,,,,,,,,,,,,,,,,,,,,,,,,,,,,,,,
TAKAFULIA,18,2,,,,,,,,,,,,,,,,,,,,,,,,,,,,,,,,,,,,,,62 851 616,,,,,,,,,,,,,,,,,,,,,,,,,,,,,,,,,,,,,,,,,,,,,,,,,,,,,,,,,,,,,,,,,,,,,,,,,,,,,,,,,,,,,,,,,,,,,,,,,,
TAKAFULIA,18,2,,,,,,,,,,,,,,,,,,,,,,,,,,,,,,,,,,,,,,35 231,,,,,,,,,,,,,,,,,,,,,,,,,,,,,,,,,,,,,,,,,,,,,,,,,,,,,,,,,,,,,,,,,,,,,,,,,,,,,,,,,,,,,,,,,,,,,,,,,,
TAKAFULIA,18,2,,,,,,,,,,,,,,,,,,,,,,,,,,,,,,,,,,,,,,324 326,,,,,,,,,,,,,,,,,,,,,,,,,,,,,,,,,,,,,,,,,,,,,,,,,,,,,,,,,,,,,,,,,,,,,,,,,,,,,,,,,,,,,,,,,,,,,,,,,,
TAKAFULIA,18,2,,,,,Total,,,123 480 789,,,,42 923 485,,4 051 175,,,,,,,,,,,,160 781 423,,,,,,,,,,,,,,,,,,,,,,,,,,,,,,,,,,,,,,,,,,,,,,,,,,,,,,,,,,,,,,,,,,,,,,,,,,,,,,,,,,,,,,,,,,,,,,,,,,,,,,,,,,,,,,
TAKAFULIA,19,1,,,,,,,,,,,,,,,,,,,,,,,,,,,,,,,,,,,,,,,,,,,,,4 595 561,4 167 338,,,,,,,,,,,,,,,,,,,,,,,,,,,,,,,,,,,,,,,,,,,,,,,,,,,,,,,,,,,,,,,,,,,,,,,,,,,,,,,,,,,,,,,,,,
TAKAFULIA,19,1,,,,,,,,,,,,,,,,,,,,,,,,,,,,,,,,,,,,,,,,,,,,,1 542 003,1 500 078,,,,,,,,,,,,,,,,,,,,,,,,,,,,,,,,,,,,,,,,,,,,,,,,,,,,,,,,,,,,,,,,,,,,,,,,,,,,,,,,,,,,,,,,,,
TAKAFULIA,19,1,,,,,,,,,,,,,,,,,,,,,,,,,,,,,,,,,,,,,,,,,,,,,7 200,115 538,,,,,,,,,,,,,,,,,,,,,,,,,,,,,,,,,,,,,,,,,,,,,,,,,,,,,,,,,,,,,,,,,,,,,,,,,,,,,,,,,,,,,,,,,,
TAKAFULIA,19,1,,,,,Total,,,,,,,,,,,,,,,,,,,,,,,,,,,,,,,,,,,,,,,,8 530 814,7 915 780,,,,,,,,,,,,,,,,,,,,,,,,,,,,,,,,,,,,,,,,,,,,,,,,,,,,,,,,,,,,,,,,,,,,,,,,,,,,,,,,,,,,,,,,,,
TAKAFULIA,19,3,,,,,,,,,,,,,,,,,,,,,,,,,,,,,,,,,,,,,,,,,,,,,,,56 208,28 940,,,,,,,,,,,,,,,,,,,,,,,,,,,,,,,,,,,,,,,,,,,,,,,,,,,,,,,,,,,,,,,,,,,,,,,,,,,,,,,,,,,,,,,,
TAKAFULIA,19,3,,,,,,,0,12 000,,,,,,,,,,,,,,,,,,,,,,,,,,,,,,,,,,,,,,,,,,,,,,,,,,,,,,,,,,,,,,,,,,,,,,,,,,,,,,,,,,,,,,,,,,,,,,,,,,,,,,,,,,,,,,,,,,,,,,,,,,,,,,,,
TAKAFULIA,19,3,,,,,,,145 600,245 858,,,,,,,,,,,,,,,,,,,,,,,,,,,,,,,,,,,,,,,,,,,,,,,,,,,,,,,,,,,,,,,,,,,,,,,,,,,,,,,,,,,,,,,,,,,,,,,,,,,,,,,,,,,,,,,,,,,,,,,,,,,,,,,,
TAKAFULIA,19,3,,,,,,,351 492,196 034,,,,,,,,,,,,,,,,,,,,,,,,,,,,,,,,,,,,,,,,,,,,,,,,,,,,,,,,,,,,,,,,,,,,,,,,,,,,,,,,,,,,,,,,,,,,,,,,,,,,,,,,,,,,,,,,,,,,,,,,,,,,,,,,
TAKAFULIA,19,3,,,,,,,45 000,19 000,,,,,,,,,,,,,,,,,,,,,,,,,,,,,,,,,,,,,,,,,,,,,,,,,,,,,,,,,,,,,,,,,,,,,,,,,,,,,,,,,,,,,,,,,,,,,,,,,,,,,,,,,,,,,,,,,,,,,,,,,,,,,,,,
TAKAFULIA,19,3,,,,,,,105 173,51 228,,,,,,,,,,,,,,,,,,,,,,,,,,,,,,,,,,,,,,,,,,,,,,,,,,,,,,,,,,,,,,,,,,,,,,,,,,,,,,,,,,,,,,,,,,,,,,,,,,,,,,,,,,,,,,,,,,,,,,,,,,,,,,,,
TAKAFULIA,19,3,,,,,Total,,742 344,575 667,,,,,,,,,,,,,,,,,,,,,,,,,,,,,,,,,,,,,,,,,,,,,,,,,,,,,,,,,,,,,,,,,,,,,,,,,,,,,,,,,,,,,,,,,,,,,,,,,,,,,,,,,,,,,,,,,,,,,,,,,,,,,,,,
TAKAFULIA,20,1,,,,,Total Brut,,,,,,,,,,,,,,,,,,,,,,,,,,,,,,,,,,,,,,,,,,,,23 910 334,21 192 587,,,,,,,,,,,,,,,,,,,,,,,,,,,,,,,,,,,,,,,,,,,,,,,,,,,,,,,,,,,,,,,,,,,,,,,,,,,,,,,,,,,,,,
TAKAFULIA,20,1,,,,,,,,-5 604 559,,,,,,,,,,,,,,,,,,,,,,,,,,,,,,,,,,,,,,,,,-6 380 668,,,,,,,,,,,,,,,,,,,,,,,,,,,,,,,,,,,,,,,,,,,,,,,,,,,,,,,,,,,,,,,,,,,,,,,,,,,,,,,,,,,,,,,
TAKAFULIA,20,1,,,,,Total net,,,,,,,,,,,,,,,,,,,,,,,,,,,,,,,,,,,,,,,,,,,,17 529 666,15 588 028,,,,,,,,,,,,,,,,,,,,,,,,,,,,,,,,,,,,,,,,,,,,,,,,,,,,,,,,,,,,,,,,,,,,,,,,,,,,,,,,,,,,,,
TAKAFULIA,20,2,,,,,,,,,,,,,,,,,,,,,,,,,,,,,,,,,,,,,,,,,,,,,,,,,,,18 637,125 391,,,,,,,,,,,,,,,,,,,,,,,,,,,,,,,,,,,,,,,,,,,,,,,,,,,,,,,,,,,,,,,,,,,,,,,,,,,,,,,,,,,,
TAKAFULIA,20,2,,,,,,,,,,,,,,,,,,,,,,,,,,,,,,,,,,,,,,,,,,,,,,,,,,,135 211,752 956,,,,,,,,,,,,,,,,,,,,,,,,,,,,,,,,,,,,,,,,,,,,,,,,,,,,,,,,,,,,,,,,,,,,,,,,,,,,,,,,,,,,
TAKAFULIA,20,2,,,,,,,,,,,,,,,,,,,,,,,,,,,,,,,,,,,,,,,,,,,,,,,,,,,24 615,262 138,,,,,,,,,,,,,,,,,,,,,,,,,,,,,,,,,,,,,,,,,,,,,,,,,,,,,,,,,,,,,,,,,,,,,,,,,,,,,,,,,,,,
TAKAFULIA,20,2,,,,,,,,,,,,,,,,,,,,,,,,,,,,,,,,,,,,,,,,,,,,,,,,,,,63 949,131 948,,,,,,,,,,,,,,,,,,,,,,,,,,,,,,,,,,,,,,,,,,,,,,,,,,,,,,,,,,,,,,,,,,,,,,,,,,,,,,,,,,,,
TAKAFULIA,20,2,,,,,,,,,,,,,,,,,,,,,,,,,,,,,,,,,,,,,,,,,,,,,,,,,,,131 062,569 678,,,,,,,,,,,,,,,,,,,,,,,,,,,,,,,,,,,,,,,,,,,,,,,,,,,,,,,,,,,,,,,,,,,,,,,,,,,,,,,,,,,,
TAKAFULIA,20,2,,,,,,,,,,,,,,,,,,,,,,,,,,,,,,,,,,,,,,,,,,,,,,,,,,,74 690,155 420,,,,,,,,,,,,,,,,,,,,,,,,,,,,,,,,,,,,,,,,,,,,,,,,,,,,,,,,,,,,,,,,,,,,,,,,,,,,,,,,,,,,
TAKAFULIA,20,2,,,,,,,,,,,,,,,,,,,,,,,,,,,,,,,,,,,,,,,,,,,,,,,,,,,95 083,334 793,,,,,,,,,,,,,,,,,,,,,,,,,,,,,,,,,,,,,,,,,,,,,,,,,,,,,,,,,,,,,,,,,,,,,,,,,,,,,,,,,,,,
TAKAFULIA,20,2,,,,,,,,,,,,,,,,,,,,,,,,,,,,,,,,,,,,,,,,,,,,,,,,,,,52 271,58 003,,,,,,,,,,,,,,,,,,,,,,,,,,,,,,,,,,,,,,,,,,,,,,,,,,,,,,,,,,,,,,,,,,,,,,,,,,,,,,,,,,,,
TAKAFULIA,20,2,,,,,,,,,,,,,,,,,,,,,,,,,,,,,,,,,,,,,,,,,,,,,,,,,,,95 124,210 561,,,,,,,,,,,,,,,,,,,,,,,,,,,,,,,,,,,,,,,,,,,,,,,,,,,,,,,,,,,,,,,,,,,,,,,,,,,,,,,,,,,,
TAKAFULIA,20,2,,,,,,,,,,,,,,,,,,,,,,,,,,,,,,,,,,,,,,,,,,,,,,,,,,,19 070,109 657,,,,,,,,,,,,,,,,,,,,,,,,,,,,,,,,,,,,,,,,,,,,,,,,,,,,,,,,,,,,,,,,,,,,,,,,,,,,,,,,,,,,
TAKAFULIA,20,2,,,,,,,,,,,,,,,,,,,,,,,,,,,,,,,,,,,,,,,,,,,,,,,,,,,54 022,263 117,,,,,,,,,,,,,,,,,,,,,,,,,,,,,,,,,,,,,,,,,,,,,,,,,,,,,,,,,,,,,,,,,,,,,,,,,,,,,,,,,,,,
TAKAFULIA,20,2,,,,,,,,,,,,,,,,,,,,,,,,,,,,,,,,,,,,,,,,,,,,,,,,,,,29 727,103 792,,,,,,,,,,,,,,,,,,,,,,,,,,,,,,,,,,,,,,,,,,,,,,,,,,,,,,,,,,,,,,,,,,,,,,,,,,,,,,,,,,,,
TAKAFULIA,20,2,,,,,,,,,,,,,,,,,,,,,,,,,,,,,,,,,,,,,,,,,,,,,,,,,,,13 273,114 760,,,,,,,,,,,,,,,,,,,,,,,,,,,,,,,,,,,,,,,,,,,,,,,,,,,,,,,,,,,,,,,,,,,,,,,,,,,,,,,,,,,,
TAKAFULIA,20,2,,,,,,,,,,,,,,,,,,,,,,,,,,,,,,,,,,,,,,,,,,,,,,,,,,,393,393,,,,,,,,,,,,,,,,,,,,,,,,,,,,,,,,,,,,,,,,,,,,,,,,,,,,,,,,,,,,,,,,,,,,,,,,,,,,,,,,,,,,
TAKAFULIA,20,2,,,,,,,,,,,,,,,,,,,,,,,,,,,,,,,,,,,,,,,,,,,,,,,,,,,1 869,1 869,,,,,,,,,,,,,,,,,,,,,,,,,,,,,,,,,,,,,,,,,,,,,,,,,,,,,,,,,,,,,,,,,,,,,,,,,,,,,,,,,,,,
TAKAFULIA,20,2,,,,,Sous Total,,,,,,,,,,,,,,,,,,,,,,,,,,,,,,,,,,,,,,,,,,,,,,885 432,3 357 761,,,,,,,,,,,,,,,,,,,,,,,,,,,,,,,,,,,,,,,,,,,,,,,,,,,,,,,,,,,,,,,,,,,,,,,,,,,,,,,,,,,,
TAKAFULIA,20,2,,,,,,,,,,,,,,,,,,,,,,,,,,,,,,,,,,,,,,,,,,,,,,,,,,,-98 711,-112 883,,,,,,,,,,,,,,,,,,,,,,,,,,,,,,,,,,,,,,,,,,,,,,,,,,,,,,,,,,,,,,,,,,,,,,,,,,,,,,,,,,,,
TAKAFULIA,20,2,,,,,Total,,,,,,,,,,,,,,,,,,,,,,,,,,,,,,,,,,,,,,,,,,,,,,786 720,3 244 878,,,,,,,,,,,,,,,,,,,,,,,,,,,,,,,,,,,,,,,,,,,,,,,,,,,,,,,,,,,,,,,,,,,,,,,,,,,,,,,,,,,,
TAKAFULIA,21,2,,,,,,,,,,,,,,,,,,,,,,,,,,,,,,,,,,,,,,,,,,,,,,,,,,,,,1 638,1 939,,,,,,,,,,,,,,,,,,,,,,,,,,,,,,,,,,,,,,,,,,,,,,,,,,,,,,,,,,,,,,,,,,,,,,,,,,,,,,,,,,
TAKAFULIA,21,2,,,,,,,,,,,,,,,,,,,,,,,,,,,,,,,,,,,,,,,,,,,,,,,,,,,,,521,521,,,,,,,,,,,,,,,,,,,,,,,,,,,,,,,,,,,,,,,,,,,,,,,,,,,,,,,,,,,,,,,,,,,,,,,,,,,,,,,,,,
TAKAFULIA,21,2,,,,,,,,,,,,,,,,,,,,,,,,,,,,,,,,,,,,,,,,,,,,,,,,,,,,,1 743 496,2 199 367,,,,,,,,,,,,,,,,,,,,,,,,,,,,,,,,,,,,,,,,,,,,,,,,,,,,,,,,,,,,,,,,,,,,,,,,,,,,,,,,,,
TAKAFULIA,21,2,,,,,,,,,,,,,,,,,,,,,,,,,,,,,,,,,,,,,,,,,,,,,,,,,,,,,219 485,404 181,,,,,,,,,,,,,,,,,,,,,,,,,,,,,,,,,,,,,,,,,,,,,,,,,,,,,,,,,,,,,,,,,,,,,,,,,,,,,,,,,,
TAKAFULIA,21,2,,,,,Sous Total,,,,,,,,,,,,,,,,,,,,,,,,,,,,,,,,,,,,,,,,,,,,,,,,6 307 037,8 982 400,,,,,,,,,,,,,,,,,,,,,,,,,,,,,,,,,,,,,,,,,,,,,,,,,,,,,,,,,,,,,,,,,,,,,,,,,,,,,,,,,,
TAKAFULIA,21,2,,,,,,,,,,,,,,,,,,,,,,,,,,,,,,,,,,,,,,,,,,,,,,,,,,,,,-846 016,-684 504,,,,,,,,,,,,,,,,,,,,,,,,,,,,,,,,,,,,,,,,,,,,,,,,,,,,,,,,,,,,,,,,,,,,,,,,,,,,,,,,,,
TAKAFULIA,21,2,,,,,Total,,,,,,,,,,,,,,,,,,,,,,,,,,,,,,,,,,,,,,,,,,,,,,,,5 461 021,8 297 897,,,,,,,,,,,,,,,,,,,,,,,,,,,,,,,,,,,,,,,,,,,,,,,,,,,,,,,,,,,,,,,,,,,,,,,,,,,,,,,,,,
TAKAFULIA,21,3,,,,,,,,,,,,,,,,,,,,,,,,,,,,,,,,,,,,,,,,,,,,,,,,,,,,,,,263 791,234 331,,,,,,,,,,,,,,,,,,,,,,,,,,,,,,,,,,,,,,,,,,,,,,,,,,,,,,,,,,,,,,,,,,,,,,,,,,,,,,,,
TAKAFULIA,21,3,,,,,,,,,,,,,,,,,,,,,,,,,,,,,,,,,,,,,,,,,,,,,,,,,,,,,,,21 515,20 158,,,,,,,,,,,,,,,,,,,,,,,,,,,,,,,,,,,,,,,,,,,,,,,,,,,,,,,,,,,,,,,,,,,,,,,,,,,,,,,,
TAKAFULIA,21,3,,,,,,,,,,,,,,,,,,,,,,,,,,,,,,,,,,,,,,,,,,,,,,,,,,,,,,,6 830,7 578,,,,,,,,,,,,,,,,,,,,,,,,,,,,,,,,,,,,,,,,,,,,,,,,,,,,,,,,,,,,,,,,,,,,,,,,,,,,,,,,
TAKAFULIA,21,3,,,,,,,,,,,,,,,,,,,,,,,,,,,,,,,,,,,,,,,,,,,,,,,,,,,,,,,99 378,93 339,,,,,,,,,,,,,,,,,,,,,,,,,,,,,,,,,,,,,,,,,,,,,,,,,,,,,,,,,,,,,,,,,,,,,,,,,,,,,,,,
TAKAFULIA,21,3,,,,,,,,,,,,,,,,,,,,,,,,,,,,,,,,,,,,,,,,,,,,,,,,,,,,,,,4 719,206,,,,,,,,,,,,,,,,,,,,,,,,,,,,,,,,,,,,,,,,,,,,,,,,,,,,,,,,,,,,,,,,,,,,,,,,,,,,,,,,
TAKAFULIA,21,3,,,,,,,,,,,,,,,,,,,,,,,,,,,,,,,,,,,,,,,,,,,,,,,,,,,,,,,9 721,9 487,,,,,,,,,,,,,,,,,,,,,,,,,,,,,,,,,,,,,,,,,,,,,,,,,,,,,,,,,,,,,,,,,,,,,,,,,,,,,,,,
TAKAFULIA,21,3,,,,,,,,,,,,,,,,,,,,,,,,,,,,,,,,,,,,,,,,,,,,,,,,,,,,,,,234 810,206 916,,,,,,,,,,,,,,,,,,,,,,,,,,,,,,,,,,,,,,,,,,,,,,,,,,,,,,,,,,,,,,,,,,,,,,,,,,,,,,,,
TAKAFULIA,21,3,,,,,,,,,,,,,,,,,,,,,,,,,,,,,,,,,,,,,,,,,,,,,,,,,,,,,,,169 903,133 395,,,,,,,,,,,,,,,,,,,,,,,,,,,,,,,,,,,,,,,,,,,,,,,,,,,,,,,,,,,,,,,,,,,,,,,,,,,,,,,,
TAKAFULIA,21,3,,,,,Total,,,,,,,,,,,,,,,,,,,,,,,,,,,,,,,,,,,,,,,,,,,,,,,,,,3 492 350,2 895 370,,,,,,,,,,,,,,,,,,,,,,,,,,,,,,,,,,,,,,,,,,,,,,,,,,,,,,,,,,,,,,,,,,,,,,,,,,,,,,,,
TAKAFULIA,23,1,,,,,,,,,,,,,,,,,,,,,,,,,,,,,,,,,,,,,,,,,,,,,,,,,,,,,,,,,"4,00%",,,,,,,,,,,,,,,,,,,,,,,,,,,,,,,,,,,,,,,,,,,,,,,,,,,,,,,,,,,,,,,,,,,,,,,,,,,,,,,
TAKAFULIA,23,1,,,,,,,,,,,,,,,,,,,,,,,,,,,,,,,,,,,,,,,,,,,,,,,,,,,,,,,,,"0,1%",,,,,,,,,,,,,,,,,,,,,,,,,,,,,,,,,,,,,,,,,,,,,,,,,,,,,,,,,,,,,,,,,,,,,,,,,,,,,,,
TAKAFULIA,23,1,,,,,,,,,,,,,,,,,,,,,,,,,,,,,,,,,,,,,,,,,,,,,,,,,,,,,,,,,"0,00%",,,,,,,,,,,,,,,,,,,,,,,,,,,,,,,,,,,,,,,,,,,,,,,,,,,,,,,,,,,,,,,,,,,,,,,,,,,,,,,
TAKAFULIA,23,1,,,,,,,,,,,,,,,,,,,,,,,,,,,,,,,,,,,,,,,,,,,,,,,,,,,,,,,,,"0,00%",,,,,,,,,,,,,,,,,,,,,,,,,,,,,,,,,,,,,,,,,,,,,,,,,,,,,,,,,,,,,,,,,,,,,,,,,,,,,,,
TAKAFULIA,23,1,,,,,,,,,,,,,,,,,,,,,,,,,,,,,,,,,,,,,,,,,,,,,,,,,,,,,,,,,"0,00%",,,,,,,,,,,,,,,,,,,,,,,,,,,,,,,,,,,,,,,,,,,,,,,,,,,,,,,,,,,,,,,,,,,,,,,,,,,,,,,
TAKAFULIA,23,1,,,,,,,,,,,,,,,,,,,,,,,,,,,,,,,,,,,,,,,,,,,,,,,,,,,,,,,,,"0,00%",,,,,,,,,,,,,,,,,,,,,,,,,,,,,,,,,,,,,,,,,,,,,,,,,,,,,,,,,,,,,,,,,,,,,,,,,,,,,,,
TAKAFULIA,23,2,,,,,,,,,,,,,,,,,,,,,,,,,,,,,,,,,,,,,,,,,,,,,,,,,,,,,,,,,,84 552 311,58 686 737,,,,,,,,,,,,,,,,,,,,,,,,,,,,,,,,,,,,,,,,,,,,,,,,,,,,,,,,,,,,,,,,,,,,,,,,,,,,,
TAKAFULIA,23,2,,,,,,,,,,,,,,,,,,,,,,,,,,,,,,,,,,,,,,,,,,,,,,,,,,,,,,,,,,788 982,877 937,,,,,,,,,,,,,,,,,,,,,,,,,,,,,,,,,,,,,,,,,,,,,,,,,,,,,,,,,,,,,,,,,,,,,,,,,,,,,
TAKAFULIA,23,2,,,,,,,,,,,,,,,,,,,,,,,,,,,,,,,,,,,,,,,,,,,,,,,,,,,,,,,,,,51 490 953,48 155 494,,,,,,,,,,,,,,,,,,,,,,,,,,,,,,,,,,,,,,,,,,,,,,,,,,,,,,,,,,,,,,,,,,,,,,,,,,,,,
TAKAFULIA,23,2,,,,,,,,,,,,,,,,,,,,,,,,,,,,,,,,,,,,,,,,,,,,,,,,,,,,,,,,,,24 597,24 133,,,,,,,,,,,,,,,,,,,,,,,,,,,,,,,,,,,,,,,,,,,,,,,,,,,,,,,,,,,,,,,,,,,,,,,,,,,,,
TAKAFULIA,23,2,,,,,,,,,,,,,,,,,,,,,,,,,,,,,,,,,,,,,,,,,,,,,,,,,,,,,,,,,,2 827,4 204,,,,,,,,,,,,,,,,,,,,,,,,,,,,,,,,,,,,,,,,,,,,,,,,,,,,,,,,,,,,,,,,,,,,,,,,,,,,,
TAKAFULIA,23,2,,,,,,,,,,,,,,,,,,,,,,,,,,,,,,,,,,,,,,,,,,,,,,,,,,,,,,,,,,723 321,701 655,,,,,,,,,,,,,,,,,,,,,,,,,,,,,,,,,,,,,,,,,,,,,,,,,,,,,,,,,,,,,,,,,,,,,,,,,,,,,
TAKAFULIA,23,2,,,,,Total,156 719 017,125 285 751,,,,,,,,,,,,,,,,,,,,,,,,,,,,,,,,,,,,,,,,,,,,,,,,,,,,,,,,,,,,,,,,,,,,,,,,,,,,,,,,,,,,,,,,,,,,,,,,,,,,,,,,,,,,,,,,,,,,,,,,,,,,,,,,,
TAKAFULIA,23,3,,,,,,,,,,,,,,,,,,,,,,,,,,,,,,,,,,,,,,,,,,,,,,,,,,,,,,,,,,,,1 092 223,1 055 340,,,,,,,,,,,,,,,,,,,,,,,,,,,,,,,,,,,,,,,,,,,,,,,,,,,,,,,,,,,,,,,,,,,,,,,,,,,
TAKAFULIA,23,3,,,,,,,,,,,,,,,,,,,,,,,,,,,,,,,,,,,,,,,,,,,,,,,,,,,,,,,,,,,,85 597,112 141,,,,,,,,,,,,,,,,,,,,,,,,,,,,,,,,,,,,,,,,,,,,,,,,,,,,,,,,,,,,,,,,,,,,,,,,,,,
TAKAFULIA,23,3,,,,,,,,,,,,,,,,,,,,,,,,,,,,,,,,,,,,,,,,,,,,,,,,,,,,,,,,,,,,20 593,26 580,,,,,,,,,,,,,,,,,,,,,,,,,,,,,,,,,,,,,,,,,,,,,,,,,,,,,,,,,,,,,,,,,,,,,,,,,,,
TAKAFULIA,23,3,,,,,,,,,,,,,,,,,,,,,,,,,,,,,,,,,,,,,,,,,,,,,,,,,,,,,,,,,,,,436 519,482 688,,,,,,,,,,,,,,,,,,,,,,,,,,,,,,,,,,,,,,,,,,,,,,,,,,,,,,,,,,,,,,,,,,,,,,,,,,,
TAKAFULIA,23,3,,,,,,,,,,,,,,,,,,,,,,,,,,,,,,,,,,,,,,,,,,,,,,,,,,,,,,,,,,,,28 347,1 596,,,,,,,,,,,,,,,,,,,,,,,,,,,,,,,,,,,,,,,,,,,,,,,,,,,,,,,,,,,,,,,,,,,,,,,,,,,
TAKAFULIA,23,3,,,,,,,,,,,,,,,,,,,,,,,,,,,,,,,,,,,,,,,,,,,,,,,,,,,,,,,,,,,,28 277,30 574,,,,,,,,,,,,,,,,,,,,,,,,,,,,,,,,,,,,,,,,,,,,,,,,,,,,,,,,,,,,,,,,,,,,,,,,,,,
TAKAFULIA,23,3,,,,,,,,,,,,,,,,,,,,,,,,,,,,,,,,,,,,,,,,,,,,,,,,,,,,,,,,,,,,1 179 222,1 163 888,,,,,,,,,,,,,,,,,,,,,,,,,,,,,,,,,,,,,,,,,,,,,,,,,,,,,,,,,,,,,,,,,,,,,,,,,,,
TAKAFULIA,23,3,,,,,,,,,,,,,,,,,,,,,,,,,,,,,,,,,,,,,,,,,,,,,,,,,,,,,,,,,,,,278 950,252 574,,,,,,,,,,,,,,,,,,,,,,,,,,,,,,,,,,,,,,,,,,,,,,,,,,,,,,,,,,,,,,,,,,,,,,,,,,,
TAKAFULIA,23,3,,,,,Total,,,,,,,,,,,,,,,,,,,,,,,,,,,,,,,,,,,,,,,,,,,,,,,,,,,,,,,19 136 028,16 835 592,,,,,,,,,,,,,,,,,,,,,,,,,,,,,,,,,,,,,,,,,,,,,,,,,,,,,,,,,,,,,,,,,,,,,,,,,,,
TAKAFULIA,24,1,,,,,,,,,,,,,,,,,,,,,,,,,,,,,,,,,,,,,,,,,,,,,,,,,,,,,,,,,,,,,,1 088 836,784 386,,,,,,,,,,,,,,,,,,,,,,,,,,,,,,,,,,,,,,,,,,,,,,,,,,,,,,,,,,,,,,,,,,,,,,,,,
TAKAFULIA,24,1,,,,,,,,,,,,,,,,,,,,,,,,,,,,,,,,,,,,,,,,,,,,,,,,,,,,,,,,,,,,,,294 017,266 970,,,,,,,,,,,,,,,,,,,,,,,,,,,,,,,,,,,,,,,,,,,,,,,,,,,,,,,,,,,,,,,,,,,,,,,,,
TAKAFULIA,24,1,,,,,,,,,,,,,,,,,,,,,,,,,,,,,,,,,,,,,,,,,,,,,,,,,,,,,,,,,,,,,,86 467,247 406,,,,,,,,,,,,,,,,,,,,,,,,,,,,,,,,,,,,,,,,,,,,,,,,,,,,,,,,,,,,,,,,,,,,,,,,,
TAKAFULIA,24,1,,,,,,,,,,,,,,,,,,,,,,,,,,,,,,,,,,,,,,,,,,,,,,,,,,,,,,,,,,,,,,0,0,,,,,,,,,,,,,,,,,,,,,,,,,,,,,,,,,,,,,,,,,,,,,,,,,,,,,,,,,,,,,,,,,,,,,,,,,
TAKAFULIA,24,1,,,,,,,,,,,,,,,,,,,,,,,,,,,,,,,,,,,,,,,,,,,,,,,,,,,,,,,,,,,,,,1 063 580,949 270,,,,,,,,,,,,,,,,,,,,,,,,,,,,,,,,,,,,,,,,,,,,,,,,,,,,,,,,,,,,,,,,,,,,,,,,,
TAKAFULIA,24,1,,,,,,,,,,,,,,,,,,,,,,,,,,,,,,,,,,,,,,,,,,,,,,,,,,,,,,,,,,,,,,3 408,3 444,,,,,,,,,,,,,,,,,,,,,,,,,,,,,,,,,,,,,,,,,,,,,,,,,,,,,,,,,,,,,,,,,,,,,,,,,
TAKAFULIA,24,1,,,,,,,,,,,,,,,,,,,,,,,,,,,,,,,,,,,,,,,,,,,,,,,,,,,,,,,,,,,,,,564 145,510 299,,,,,,,,,,,,,,,,,,,,,,,,,,,,,,,,,,,,,,,,,,,,,,,,,,,,,,,,,,,,,,,,,,,,,,,,,
TAKAFULIA,24,1,,,,,,,,,,,,,,,,,,,,,,,,,,,,,,,,,,,,,,,,,,,,,,,,,,,,,,,,,,,,,,162 317,174 081,,,,,,,,,,,,,,,,,,,,,,,,,,,,,,,,,,,,,,,,,,,,,,,,,,,,,,,,,,,,,,,,,,,,,,,,,
TAKAFULIA,24,1,,,,,,,,,,,,,,,,,,,,,,,,,,,,,,,,,,,,,,,,,,,,,,,,,,,,,,,,,,,,,,393 121,439 835,,,,,,,,,,,,,,,,,,,,,,,,,,,,,,,,,,,,,,,,,,,,,,,,,,,,,,,,,,,,,,,,,,,,,,,,,
TAKAFULIA,24,1,,,,,,,,,,,,,,,,,,,,,,,,,,,,,,,,,,,,,,,,,,,,,,,,,,,,,,,,,,,,,,3 180 302,3 036 818,,,,,,,,,,,,,,,,,,,,,,,,,,,,,,,,,,,,,,,,,,,,,,,,,,,,,,,,,,,,,,,,,,,,,,,,,
TAKAFULIA,24,1,,,,,Total,,,,,,,,,,,,,,,,,,,,,,,,,,,,,,,,,,,,,,,,,,,,,,,,,,,,,,,,,51 490 953,48 155 494,,,,,,,,,,,,,,,,,,,,,,,,,,,,,,,,,,,,,,,,,,,,,,,,,,,,,,,,,,,,,,,,,,,,,,,,,
TAKAFULIA,24,2,,,,,,,,,,,,,,,,,,,,,,,,,,,,,,,,,,,,,,,,,,,,,,,,,,,,,,,,,,,,,,,,3 226 683,2 442 158,,,,,,,,,,,,,,,,,,,,,,,,,,,,,,,,,,,,,,,,,,,,,,,,,,,,,,,,,,,,,,,,,,,,,,,
TAKAFULIA,24,2,,,,,,,,,,,,,,,,,,,,,,,,,,,,,,,,,,,,,,,,,,,,,,,,,,,,,,,,,,,,,,,,196 629,193 629,,,,,,,,,,,,,,,,,,,,,,,,,,,,,,,,,,,,,,,,,,,,,,,,,,,,,,,,,,,,,,,,,,,,,,,
TAKAFULIA,24,2,,,,,,,,,,,,,,,,,,,,,,,,,,,,,,,,,,,,,,,,,,,,,,,,,,,,,,,,,,,,,,,,456 278,374 596,,,,,,,,,,,,,,,,,,,,,,,,,,,,,,,,,,,,,,,,,,,,,,,,,,,,,,,,,,,,,,,,,,,,,,,
TAKAFULIA,24,2,,,,,,,,,,,,,,,,,,,,,,,,,,,,,,,,,,,,,,,,,,,,,,,,,,,,,,,,,,,,,,,,6 917 486,4 887 004,,,,,,,,,,,,,,,,,,,,,,,,,,,,,,,,,,,,,,,,,,,,,,,,,,,,,,,,,,,,,,,,,,,,,,,
TAKAFULIA,24,2,,,,,,,,,,,,,,,,,,,,,,,,,,,,,,,,,,,,,,,,,,,,,,,,,,,,,,,,,,,,,,,,255 026,187 329,,,,,,,,,,,,,,,,,,,,,,,,,,,,,,,,,,,,,,,,,,,,,,,,,,,,,,,,,,,,,,,,,,,,,,,
TAKAFULIA,24,2,,,,,,,,,,,,,,,,,,,,,,,,,,,,,,,,,,,,,,,,,,,,,,,,,,,,,,,,,,,,,,,,1 537 949,1 900 896,,,,,,,,,,,,,,,,,,,,,,,,,,,,,,,,,,,,,,,,,,,,,,,,,,,,,,,,,,,,,,,,,,,,,,,
TAKAFULIA,24,2,,,,,Total,,,,,,,,,,,,,,,,,,,,,,,,,,,,,,,,,,,,,,,,,,,,,,,,,,,,,,,,,,,13 285 970,10 482 951,,,,,,,,,,,,,,,,,,,,,,,,,,,,,,,,,,,,,,,,,,,,,,,,,,,,,,,,,,,,,,,,,,,,,,,
TAKAFULIA,25,1,,,,,,,,,,,,,,,,,,,,,,,,,,,,,,,,,,,,,,,,,,,,,,,,,,,,,,,,,,,,,,,,,,-2 047 212,-1 076 145 82 211,-993 934,,,,,,,,,,,,,,,,,,,,,,,,,,,,,,,,,,,,,,,,,,,,,,,,,,,,,,,,,,,,,,,,,,,,
TAKAFULIA,25,1,,,,,Total,,,43 390 237,,,,-5 734 093,,,,,,,,,,,,,,39 321 650,,,-6 171 403,,,,,,,,,,,,,,,,,,,,,,,,,,,,,,,,,,,,,37 656 144,,33 150 247,,,,,,,,,,,,,,,,,,,,,,,,,,,,,,,,,,,,,,,,,,,,,,,,,,,,,,,,,,,,,,,,,,,,
TAKAFULIA,25,2,,,,,,,,,,,,,,-2 907 237,,,,,,,,,,,,,,,-7 350 548,,,,,,,,,,,,,,,,,,,,,,,,,,,,,,,,,,,,,,,,,-7 875 806 525 258,,,,,,,,,,,,,,,,,,,,,,,,,,,,,,,,,,,,,,,,,,,,,,,,,,,,,,,,,,,,,,,,,,
TAKAFULIA,25,2,,,,,Total,,,-23 035 930,,,,952 678,,,,,,,,,,,,,,-22 418 902,1 052 914,,,,,,,,,,,,,,,,,,,,,,,,,,,,,,,,,,,,,,,,,,-22 083 253,,-21 365 989,,,,,,,,,,,,,,,,,,,,,,,,,,,,,,,,,,,,,,,,,,,,,,,,,,,,,,,,,,,,,,,,,
TAKAFULIA,25,3,,,,,,,,,,,,,,,,,,,,,,,,,,,,,,,,,,,,,,,,,,,,,,,,,,,,,,,,,,,,,,,,,,,,,,,,366 594,47 870,,,,,,,,,,,,,,,,,,,,,,,,,,,,,,,,,,,,,,,,,,,,,,,,,,,,,,,,,,,,,,,
TAKAFULIA,25,3,,,,,,,,,,,,,,,,,,,,,,,,,,,,,,,,,,,,,,,,,,,,,,,,,,,,,,,,,,,,,,,,,,,,,,,,-3 378 017,-1 952 559,,,,,,,,,,,,,,,,,,,,,,,,,,,,,,,,,,,,,,,,,,,,,,,,,,,,,,,,,,,,,,,
TAKAFULIA,25,3,,,,,,,,,,,,,,,,,,,,,,,,,,,,,,,,,,,,,,,,,,,,,,,,,,,,,,,,,,,,,,,,,,,,,,,,2 033 720,1 700 859,,,,,,,,,,,,,,,,,,,,,,,,,,,,,,,,,,,,,,,,,,,,,,,,,,,,,,,,,,,,,,,
TAKAFULIA,25,3,,,,,Total,,,,,,,,,,,,,,,,,,,,,,,,,,,,,,,,,,,,,,,,,,,,,,,,,,,,,,,,,,,,,,,,,,,-9 194 649,-6 836 645,,,,,,,,,,,,,,,,,,,,,,,,,,,,,,,,,,,,,,,,,,,,,,,,,,,,,,,,,,,,,,,
TAKAFULIA,26,1,,,,,,,,,,,,,,,,,,,,,,,,,,,,,,,,,,,,,,,,,,,,,,,,,,,,,,,,,,,,,,,,,,,,,,,,,,-712 36,4,-335 002,,,,,,,,,,,,,,,,,,,,,,,,,,,,,,,,,,,,,,,,,,,,,,,,,,,,,,,,,,,,
TAKAFULIA,26,1,,,,,,,,,,,,,,,,,,,,,,,,,,,,,,,,,,,,,,,,,,,,,,,,,,,,,,,,,,,,,,,,,,,,,,,,,,,0,0,,,,,,,,,,,,,,,,,,,,,,,,,,,,,,,,,,,,,,,,,,,,,,,,,,,,,,,,,,,,
TAKAFULIA,26,1,,,,,Total,,,,,,,,,,,,,,,,,,,,,,,,,,,,,,,,,,,,,,,,,,,,,,,,,,,,,,,,,,,,,,,,,,,,,-1 178 67,8,-743 403,,,,,,,,,,,,,,,,,,,,,,,,,,,,,,,,,,,,,,,,,,,,,,,,,,,,,,,,,,,,
TAKAFULIA,26,2,,,,,Total,,,29 315 258,,-221 791,,28 723 634,-210 717,,,,,,,,,,,,,,,,,,,,,,,,,,,,,,,,,,,,,,,,,,,,,,,,,,,,,,,,,,,,,,,,29 093 467,,28 512 917,,,,,,,,,,,,,,,,,,,,,,,,,,,,,,,,,,,,,,,,,,,,,,,,,,,,,,,,,
TAKAFULIA,26,3,,,,,,,,,,,,,,,,,,,,,,,,,,,,,,,,,,,,,,,,,,,,,,,,,,,,,,,,,,,,,,,,,,,,,,,,,,,,,,,,0,31 537 0,31 537,,,,,,,,,,,,,,,,,,,,,,,,,,,,,,,,,,,,,,,,,,,,,,,,,,,,,,
TAKAFULIA,26,3,,,,,Total,,,6 188 350,,0,,3 021 515,0,,,,,,,,,,,,,,,,,,,,,,,,,,,,,,,,,,,,,,,,,,,,,,,,,,,,,,,,,,,,,,,,,,,6 188 350,,3 021 515,,,,,,,,,,,,,,,,,,,,,,,,,,,,,,,,,,,,,,,,,,,,,,,,,,,,,,
TAKAFULIA,26,4,,,,,,,,,,,,,,,,,,,,,,,,,,,,,,,,,,,,,,,,,,,,,,,,,,,,,,,,,,,,,,,,,,,,,,,,,,,,,,,,,,,89 698,-237 843,,,,,,,,,,,,,,,,,,,,,,,,,,,,,,,,,,,,,,,,,,,,,,,,,,,,
TAKAFULIA,26,4,,,,,Total,,,,,,,,,,,,,,,,,,,,,,,,,,,,,,,,,,,,,,,,,,,,,,,,,,,,,,,,,,,,,,,,,,,,,,,,,,,,,,-3 427 426,-1 523 904,,,,,,,,,,,,,,,,,,,,,,,,,,,,,,,,,,,,,,,,,,,,,,,,,,,,
TAKAFULIA,27,1,,,,,,,,,,,,,,,,,,,,,,,,,,,,,,,,,,,,,,,,,,,,,,,,,,,,,,,,,,,,,,,,,,,,,,,,,,,,,,,,,,,,,1 377,1 414 0,1 414,,,,,,,,,,,,,,,,,,,,,,,,,,,,,,,,,,,,,,,,,,,,,,,,,
TAKAFULIA,27,1,,,,,Total,,,-25 865 403,,,,-66 412,,-27 219 652,,,,,,,,,,,,,90 016,,,,,,,,,,,,,,,,,,,,,,,,,,,,,,,,,,,,,,,,,,,,,,,,,,,,,,,,,,-25 931 816,,-27 129 635,,,,,,,,,,,,,,,,,,,,,,,,,,,,,,,,,,,,,,,,,,,,,,,,,
TAKAFULIA,27,2,,,,,Total,,,,,,,,,,,,,,,,,,,,,,,,,,,,,,,,,,,,,,,,,,,,,,,,,,,,,,,,,,,,,,,,,,,,,,,,,,,,,,,,,,,11 285 622,7 554 330,,,,,,,,,,,,,,,,,,,,,,,,,,,,,,,,,,,,,,,,,,,,,,,
TAKAFULIA,27,3,,,,,Total,,,,,,,,,,,,,,,,,,,,,,,,,,,,,,,,,,,,,,,,,,,,,,,,,,,,,,,,,,,,,,,,,,,,,,,,,,,,,,,,,,,,,1 326 657,787 716,,,,,,,,,,,,,,,,,,,,,,,,,,,,,,,,,,,,,,,,,,,,,
TAKAFULIA,27,4,,,,,,,,,,,,,,,,,,,,,,,,,,,,,,,,,,,,,,,,,,,,,,,,,,,,,,,,,,,,,,,,,,,,,,,,,,,,,,,,,,,,,,,,,,,,0,,,,,,,,,,,,,,,,,,,,,,,,,,,,,,,,,,,,,,,,,,,,
TAKAFULIA,27,4,,,,,,,,,,,,,,,,,,,,,,,,,,,,,,,,,,,,,,,,,,,,,,,,,,,,,,,,,,,,,,,,,,,,,,,,,,,,,,,,,,,,,,,,,,,,0,,,,,,,,,,,,,,,,,,,,,,,,,,,,,,,,,,,,,,,,,,,,
TAKAFULIA,27,4,,,,,Total,,,,,,3 771 091,,,,,,,,,,,,,,,,,,,,,,,,,,,,,,,,,,,,,,,,,,,,,,,,,,,,,,,,,,,,,,,,,,,,,,,,,,,,,,,,,1 889 438,,,,,,,,,,,,,,,,,,,,,,,,,,,,,,,,,,,,,,,,,,,,
TAKAFULIA,27,5,,,,,,,,,,,,,,,,,,,,,,,,,,,,,,,,,,,,,,,,,,,,,,,,,,,,,,,,,,,,,,,,,,,,,,,,,,,,,,,,,,,,,,,,,,,,,‐,,,,,,,,,,,,,,,,,,,,,,,,,,,,,,,,,,,,,,,,,,,
TAKAFULIA,27,5,,,,,Total,,,,,,‐ 1361 388,,,,,,,,,,,,,,,,,,,,,,,,,,,,,,,,,,,,,,,,,,,,,,,,,,,,,,,,,,,,,,,,,,,,,,,,,,,,,,,,,,‐ 23 909,,,,,,,,,,,,,,,,,,,,,,,,,,,,,,,,,,,,,,,,,,,
TAKAFULIA,33,1,,,,,,,,,,,,,,,,,,,,,,,,,,,,,,,,,,,,,,,,,,,,,,,,,,,,,,,,,,,,,,,,,,,,,,,,,,,,,,,,,,,,,,,,,,,,,,"Annexe 8 : Tableau de variation des actifs nets du fonds des adhérents
Actifs Nets 2025
Actifs Nets 2024 Affectations et Surplus ou déficit
RUBRIQUE Distributions Avant
Avant Affectation imputations 2025
Affectation",,,,,,,,,,,,,,,,,,,,,,,,,,,,,,,,,,,,,,,,,,
TAKAFULIA,33,1,,,,,,,,,,,,,,,,,,,,,,,,,,,,,,,,,,,,,,,,,,,,,,,,,,,,,,,,,,,,,,,,,,,,,,,,,,,,,,,,,,,,,,,,,,,,,,Déficits du fonds des adhérents des exercices antérieurs -1 557 373 1 557 373 -,,,,,,,,,,,,,,,,,,,,,,,,,,,,,,,,,,,,,,,,,,
TAKAFULIA,33,1,,,,,,,,,,,,,,,,,,,,,,,,,,,,,,,,,,,,,,,,,,,,,,,,,,,,,,,,,,,,,,,,,,,,,,,,,,,,,,,,,,,,,,,,,,,,,,Provisions d’Equilibrage pour fonds des adhérents 327 072 1 443 585 1 770 657,,,,,,,,,,,,,,,,,,,,,,,,,,,,,,,,,,,,,,,,,,
TAKAFULIA,33,1,,,,,,,,,,,,,,,,,,,,,,,,,,,,,,,,,,,,,,,,,,,,,,,,,,,,,,,,,,,,,,,,,,,,,,,,,,,,,,,,,,,,,,,,,,,,,,Qardh Hassan non remboursé 0 0,,,,,,,,,,,,,,,,,,,,,,,,,,,,,,,,,,,,,,,,,,
TAKAFULIA,33,1,,,,,,,,,,,,,,,,,,,,,,,,,,,,,,,,,,,,,,,,,,,,,,,,,,,,,,,,,,,,,,,,,,,,,,,,,,,,,,,,,,,,,,,,,,,,,,Surplus ou déficit de l'exercice N-1 3 000 958 -3 000 958 0,,,,,,,,,,,,,,,,,,,,,,,,,,,,,,,,,,,,,,,,,,
TAKAFULIA,33,1,,,,,,,,,,,,,,,,,,,,,,,,,,,,,,,,,,,,,,,,,,,,,,,,,,,,,,,,,,,,,,,,,,,,,,,,,,,,,,,,,,,,,,,,,,,,,,Surplus ou déficit de l'exercice N 0 2 884 335 2 884 335,,,,,,,,,,,,,,,,,,,,,,,,,,,,,,,,,,,,,,,,,,
TAKAFULIA,33,1,,,,,,1 770 657,,,,0,,,0,,,,,,,,,,,,,2 884 335,,,4 654 992,,,,,,,,,,,,,,,,,,,,,,,,,,,,,,,,,,,,,,,,,,,,,,,,,,,,,,,,,,,,,,,,,TOTAL,,,,,,,,,,,,,,,,,,,,,,,,,,,,,,,,,,,,,,,,,,
TAKAFULIA,33,1,,,,,,,,,,,,,,,,,,,,,,,,,,,,,,,,,,,,,,,,,,,,,,,,,,,,,,,,,,,,,,,,,,,,,,,,,,,,,,,,,,,,,,,,,,,,,,33,,,,,,,,,,,,,,,,,,,,,,,,,,,,,,,,,,,,,,,,,,
TAKAFULIA,34,1,,,,,,,,,,,,,,,,,,,,,,,,,,,,,,,,,,,,,,,,,,,,,,,,,,,,,,,,,,,,,,,,,,,,,,,,,,,,,,,,,,,,,,,,,,,,,,"Annexe 9 : Tableau de variation des capitaux propres de l’entreprise d’assurance takaful et/rétakaful
Capitaux propres 2024 Avant Affectations et Capitaux propres 2025 Avant
RUBRIQUE Dividendes Résultat 2025
Affectation imputations Affectation
Capital Social 20 000 005 20 000 005
Primes liées au capital 7 000 004 7 000 004
Réserves Légales 534 565 143 097 677 662
Autres réserves 2 940 023 1 060 000 ‐3 911 3 996 112
Résultats reportés 1 839 800 ‐180 948 1 658 852
Résultat de l'exercice N‐1 1 022 149 ‐1 022 149
Résultat de l'exercice N 1 596 242 1 596 242
TOTAL 33 336 545 ‐ ‐ 1 596 242 34 928 876
34",,,,,,,,,,,,,,,,,,,,,,,,,,,,,,,,,,,,,,,,,,
TAKAFULIA,34,2,"Capital Social
Primes liées au capital
Réserves Légales
Autres réserves
Résultats reportés
Résultat de l'exercice N‐1
Résultat de l'exercice N",,,,,,,,,,,,,,,,,,,,,,,,,,,,,,,,,,,,,,,,,,,,,,,,,,,,,,,,,,,,,,,,,,,,,,,,,,,,,,,,,,,,,,,,,,,,,,"20 000 005
7 000 004
534 565
2 940 023
1 839 800
1 022 149","143 097
1 060 000
‐180 948
‐1 022 149",,"‐3 911
1 596 242","20 000 005
7 000 004
677 662
3 996 112
1 658 852
1 596 242",,,,,,,,,,,,,,,,,,,,,,,,,,,,,,,,,,,,,
TAKAFULIA,35,1,,,,,,,,,,,,,,,,,,,,,,,,,,,,,,,,,,,,,,,,,,,,,,,,,,,,,,,,,,,,,,,,,,,,,,,,,,,,,,,,,,,,,,,,,,,,,,"Annexe 10 : Modèle d’état des mouvements sur les éléments de l’actif
Valeur brute Amortissements et provisions
Désignation A l’ouverture Augmentation Diminution A la clôture V.C. N. à la clôture
A l’ouverture Acquisitions Cessions A la clôture
Amortissements Provisions Amortissements Provisions Amortissements Provisions Amortissements Provisions
Actifs incorporels 1 808 160 ‐ ‐ 1 808 160 1 466 140 ‐ 50 374 ‐ ‐ ‐ 1 516 514 ‐ 291 645
‐
Logiciels informatiques 1 742 644 ‐ ‐ 1 742 644 1 409 189 ‐ 46 087 ‐ ‐ ‐ 1 455 276 287 367
Autres immobilisations incorporelles 65 516 ‐ ‐ 65 516 56 951 ‐ 4 287 ‐ ‐ ‐ 61 238 4 278
Immobilisations incorporelles en cours ‐ ‐ ‐ ‐ ‐ ‐ ‐ ‐ ‐ ‐ ‐ ‐ ‐
‐
Actifs corporels d'exploitation 2 073 857 721 840 287 389 2 508 307 1 459 720 ‐ 111 755 ‐ 15 641 ‐ 1 555 835 ‐ 954 853
‐
Agencement Aménagement 511 002 236 046 ‐ 747 048 403 798 ‐ 36 930 ‐ ‐ ‐ 440 728 ‐ 306 321
Matériel de transport 703 430 414 339 287 389 830 380 373 733 ‐ ‐ ‐ 15 641 ‐ 358 092 ‐ 472 289
Matériel de bureau et informatique 540 214 65 264 ‐ 605 479 442 980 ‐ 63 362 ‐ ‐ ‐ 506 343 ‐ 99 136
Mobilier de bureau 272 151 6 191 ‐ 278 341 232 627 ‐ 11 463 ‐ ‐ 244 090 ‐ 34 251
Autres immobilisations corporels 5 393 ‐ ‐ 5 393 5 393 ‐ ‐ ‐ ‐ ‐ 5 393 ‐ ‐
Dépôts et cautionnements 41 666 ‐ ‐ 41 666 1 190 ‐ ‐ ‐ ‐ ‐ 1 190 ‐ 42 856
‐
Placements 123 480 789 42 923 485 4 051 175 162 020 466 836 582 155 766 171 694 ‐ ‐ ‐ 75 000 1 008 276 230 766 160 781 423
Terrains et constructions d'exploitation 6 000 000 2 108 000 8 108 000 8 108 000
Terrains et construction d'exploitation et hors exploitation 4 288 335 220 000 ‐ 4 508 335 836 582 155 766 171 694 ‐ ‐ ‐ 1 008 276 155 766 3 344 292
‐ ‐ ‐ ‐ ‐ ‐ ‐ ‐ ‐ ‐ ‐ ‐ ‐
Placements dans les entreprises liées ‐ ‐ ‐ ‐ ‐ ‐ ‐ ‐ ‐ ‐ ‐ ‐ ‐
Parts dans des entreprises liées ‐ ‐ ‐ ‐ ‐ ‐ ‐ ‐ ‐ ‐ ‐ ‐ ‐
Sukus , bons et autres titres à revenus assimilés émis par les Eses liées et créances sur
ces Eses ‐ ‐ ‐ ‐ ‐ ‐ ‐ ‐ ‐ ‐ ‐ ‐ ‐
‐ ‐ ‐ ‐ ‐ ‐ ‐ ‐ ‐ ‐ ‐ ‐ ‐
Placements dans les entreprises avec un lien de participation ‐ ‐ ‐ ‐ ‐ ‐ ‐ ‐ ‐ ‐ ‐ ‐ ‐
Sukus , bons et autres titres à revenus assimilés émis par des Eses avec lesquelles l’Ese
tak/Rétak a un lien de participation et créances sur ces Eses ‐ ‐ ‐ ‐ ‐ ‐ ‐ ‐ ‐ ‐ ‐ ‐ ‐
‐ ‐ ‐ ‐ ‐ ‐ ‐ ‐ ‐ ‐ ‐ ‐ ‐
Autres placements financiers ‐ ‐ ‐ ‐ ‐ ‐ ‐ ‐ ‐ ‐ ‐ ‐ ‐
Actions, autres titres à revenu variable et part dans des FCP isslamiques 9 255 000 ‐ 4 020 000 5 235 000 ‐ ‐ ‐ ‐ ‐ ‐ 75 000 ‐ 75 000 5 160 000
Sukus , bons et autres titres à revenus assimilés 34 737 100 46 185 700 ‐ 80 922 800 ‐ ‐ ‐ ‐ ‐ ‐ ‐ ‐ 80 922 800
Autres prêts 19 044 16 115 ‐ 35 159 ‐ ‐ ‐ ‐ ‐ ‐ ‐ ‐ 35 159
Dépôt auprès des établ. bancaires et financiers islamiques 68 782 271 ‐ 5 930 655 ‐ 62 851 616 ‐ ‐ ‐ ‐ ‐ ‐ ‐ 62 851 616
Autres placements conformes aux normes sharaïques 66 406 ‐ 31 175 35 231 ‐ ‐ ‐ ‐ ‐ ‐ ‐ ‐ 35 231
‐ ‐ ‐ ‐ ‐ ‐ ‐ ‐ ‐ ‐ ‐ ‐ ‐
Créances pour espèces déposées 332 632 324 326 ‐ 324 326 ‐ ‐ ‐ ‐ ‐ ‐ ‐ ‐ 324 326
Placements des contrats en UC ‐ ‐ ‐ ‐ ‐ ‐ ‐ ‐ ‐ ‐ ‐ ‐ ‐
35",,,,,,,,,,,,,,,,,,,,,,,,,,,,,,,,,,,,,,,,,,
TAKAFULIA,35,2,,,,Acquisitions,Cessions,A la clôture,,Augmentation,,,Diminution,,A la clôture,,,,,,,,,,,,,,,,,,,,,,,,,,,,,,,,,,,,,,,,,,,,,,,,,,,,,,,,,,,,,,,,,,,,,,,,,,,,,,,,,,,,,,,A l’ouverture,A l’ouverture,,,,,,,,,,,,,,,,,,,,,,,,,,,,,,,,,,,
TAKAFULIA,35,2,,,,,,,Provisions,Amortissements,,Provisions,Amortissements,Provisions,Amortissements,Provisions,,,,,,,,,,,,,,,,,,,,,,,,,,,,,,,,,,,,,,,,,,,,,,,,,,,,,,,,,,,,,,,,,,,,,,,,,,,,,,,,,,,,,,,Amortissements,,,,,,,,,,,,,,,,,,,,,,,,,,,,,,,,,,,
TAKAFULIA,35,2,,,,"‐
‐
‐
‐
721 840
236 046
414 339
65 264
6 191
‐
‐
42 923 485
2 108 000
220 000
‐
‐
‐
‐
‐
‐
‐
‐
‐
‐
46 185 700
16 115
‐ 5 930 655
‐
‐
324 326
‐","‐
‐
‐
‐
287 389
‐
287 389
‐
‐
‐
‐
4 051 175
‐
‐
‐
‐
‐
‐
‐
‐
‐
‐
4 020 000
‐
‐
‐
31 175
‐
‐
‐","1 808 160
1 742 644
65 516
‐
2 508 307
747 048
830 380
605 479
278 341
5 393
41 666
162 020 466
8 108 000
4 508 335
‐
‐
‐
‐
‐
‐
‐
‐
‐
5 235 000
80 922 800
35 159
62 851 616
35 231
‐
324 326
‐","‐
‐
‐
‐
‐
‐
‐
‐
‐
‐
‐
155 766
155 766
‐
‐
‐
‐
‐
‐
‐
‐
‐
‐
‐
‐
‐
‐
‐
‐
‐","50 374
46 087
4 287
‐
111 755
36 930
‐
63 362
11 463
‐
‐
171 694
171 694
‐
‐
‐
‐
‐
‐
‐
‐
‐
‐
‐
‐
‐
‐
‐
‐
‐",,"‐
‐
‐
‐
‐
‐
‐
‐
‐
‐
‐
‐
‐
‐
‐
‐
‐
‐
‐
‐
‐
‐
‐
‐
‐
‐
‐
‐
‐","‐
‐
‐
‐
15 641
‐
15 641
‐
‐
‐
‐
‐
‐
‐
‐
‐
‐
‐
‐
‐
‐
‐
‐
‐
‐
‐
‐
‐
‐
‐","‐
‐
‐
‐
‐
‐
‐
‐
‐
‐
‐ 75 000
‐
‐
‐
‐
‐
‐
‐
‐
‐
‐
‐ 75 000
‐
‐
‐
‐
‐
‐
‐","1 516 514
1 455 276
61 238
‐
1 555 835
440 728
358 092
506 343
244 090
5 393
1 190
1 008 276
1 008 276
‐
‐
‐
‐
‐
‐
‐
‐
‐
‐
‐
‐
‐
‐
‐
‐
‐","‐
‐
‐
‐
‐
‐
‐
‐
‐
230 766
155 766
‐
‐
‐
‐
‐
‐
‐
‐
‐
75 000
‐
‐
‐
‐
‐
‐
‐",,,,,,,,,,,,,,,,,,,,,,,,,,,,,,,,,,,,,,,,,,,,,,,,,,,,,,,,,,,,,,,,,,,,,,,,,,,,,,,,,,,,,,"1 808 160
1 742 644
65 516
‐
2 073 857
511 002
703 430
540 214
272 151
5 393
41 666
123 480 789
6 000 000
4 288 335
‐
‐
‐
‐
‐
‐
‐
‐
‐
9 255 000
34 737 100
19 044
68 782 271
66 406
‐
332 632
‐","1 466 140
1 409 189
56 951
‐
1 459 720
403 798
373 733
442 980
232 627
5 393
1 190
836 582
836 582
‐
‐
‐
‐
‐
‐
‐
‐
‐
‐
‐
‐
‐
‐
‐
‐
‐","291 645
‐
287 367
4 278
‐
‐
954 853
‐
306 321
472 289
99 136
34 251
‐
42 856
‐
160 781 423
8 108 000
3 344 292
‐
‐
‐
‐
‐
‐
‐
‐
‐
5 160 000
80 922 800
35 159
62 851 616
35 231
‐
324 326
‐",,,,,,,,,,,,,,,,,,,,,,,,,,,,,,,,,,
TAKAFULIA,36,1,,,,,,,,,,,,,,,,,,,,,,,,,,,,,,,,,,,,,,,,,,,,,,,,,,,,,,,,,,,,,,,,,,,,,,,,,,,,,,,,,,,,,,,,,,,,,,Annexe 11 : Etat récapitulatif des placements,,,,,,,,,,,,,,,,,,,,,,,,,,,,,,,,,,,,,,,,,,
TAKAFULIA,36,1,,,,Valeur brute,Valeur nette,Juste valeur,"Plus ou Moins
Value latente","Origine des fonds Placés
(fonds des Adhérents ou
entreprise Takaful et/ou
Rétakaful)",,,,,,,,,,,,,,,,,,,,,,,,,,,,,,,,,,,,,,,,,,,,,,,,,,,,,,,,,,,,,,,,,,,,,,,,,,,,,,,,,,,,,,Rubriques,,,,,,,,,,,,,,,,,,,,,,,,,,,,,,,,,,,,,,,,,,
TAKAFULIA,36,1,,,,"8 108 000
4 508 335
5 235 000
‐
‐
80 922 800
35 159
62 851 616
‐
35 231","8 108 000
3 344 292
5 160 000
‐
‐
80 922 800
35 159
62 851 616
‐
35 231","8 108 000
3 344 292
5 160 000
‐
‐
80 922 800
35 159
62 851 616
‐
35 231",,"94% Fond
94% Fond
Partagé
Entreprise
Fonds
Entreprise",,,,,,,,,,,,,,,,,,,,,,,,,,,,,,,,,,,,,,,,,,,,,,,,,,,,,,,,,,,,,,,,,,,,,,,,,,,,,,,,,,,,,,"Terrains et constructions d'exploitation
Placements immobiliers et placements immobiliers en cours
Actions et autres titres à revenu variable autres que les parts
dans des FCP islamiques
Parts dans des FCP islamiques détenant uniquement des titres
à revenu fixe
Autres parts des FCP islamiques
Sukus , bons et autres titres à revenus assimilés
Autres prêts et effets assimilés
Autres dépôts
Actifs représentatifs de contrats en unités de comptes selon le
même détail que ci‐dessus
Autres placements conformes aux normes sharaïques",,,,,,,,,,,,,,,,,,,,,,,,,,,,,,,,,,,,,,,,,,
TAKAFULIA,36,1,,,,,,,,,,,,,,,,,,,,,,,,,,,,,,,,,,,,,,,,,,,,,,,,,,,,,,,,,,,,,,,,,,,,,,,,,,,,,,,,,,,,,,,,,,,,,,,,,,,,,,,,,,,,,,,,,,,,,,,,,,,,,,,,,,,,,,,,
TAKAFULIA,36,1,,,,161 696 141,160 457 098,160 457 098,,,,,,,,,,,,,,,,,,,,,,,,,,,,,,,,,,,,,,,,,,,,,,,,,,,,,,,,,,,,,,,,,,,,,,,,,,,,,,,,,,,,,,,,Total,,,,,,,,,,,,,,,,,,,,,,,,,,,,,,,,,,,,,,,,,,
TAKAFULIA,36,1,,,,,,,,,,,,,,,,,,,,,,,,,,,,,,,,,,,,,,,,,,,,,,,,,,,,,,,,,,,,,,,,,,,,,,,,,,,,,,,,,,,,,,,,,,,,,,,,,,,,,,,,,,,,,,,,,,,,,,,,,,,,,,,,,,,,,,,,
TAKAFULIA,36,1,,,,161 696 141,160 457 098,160 457 098,,,,,,,,,,,,,,,,,,,,,,,,,,,,,,,,,,,,,,,,,,,,,,,,,,,,,,,,,,,,,,,,,,,,,,,,,,,,,,,,,,,,,,,,"Dont montant de ces placements qui est admis à la représentation
des provisions techniques",,,,,,,,,,,,,,,,,,,,,,,,,,,,,,,,,,,,,,,,,,
TAKAFULIA,36,1,,,,,,,,,,,,,,,,,,,,,,,,,,,,,,,,,,,,,,,,,,,,,,,,,,,,,,,,,,,,,,,,,,,,,,,,,,,,,,,,,,,,,,,,,,,,,,36,,,,,,,,,,,,,,,,,,,,,,,,,,,,,,,,,,,,,,,,,,
TAKAFULIA,37,1,,,,2022,,,2023,,,2024,,2025,,,,,,,,,,,,,,,,,,,,,,,,,,,,,,,,,,,,,,,,,,,,,,,,,,,,,,,,,,,,,,,,,,,,,,,,,,,,,,,,,,,,,,,,,,,,2021,,,,,,,,,,,,,,,,,,,,,,,,,,,,,,,,
TAKAFULIA,37,1,,,,,,,,,,,,,,,,,,,,,,,,,,,,,,,,,,,,,,,,,,,,,,,,,,,,,,,,,,,,,,,,,,,,,,,,,,,,,,,,,,,,,,,,,,,,,,,,,,,,,,,"Inventaire 2021
Règlements cumulés
Provisions pour sinistres
Total charges des sinistres
Primes acquises
% sinistres – primes acquises","2 334 253
14 942 980
17 277 233
33 595 940
51%",,,,,,,,,,,,,,,,,,,,,,,,,,,,,,,,
TAKAFULIA,37,1,,,,,,,,,,,,,,,,,,,,,,,,,,,,,,,,,,,,,,,,,,,,,,,,,,,,,,,,,,,,,,,,,,,,,,,,,,,,,,,,,,,,,,,,,,,,,,,,,,,,,,,,,,,,,,,,,,,,,,,,,,,,,,,,,,,,,,,,
TAKAFULIA,37,1,,,,,,,,,,,,,,,,,,,,,,,,,,,,,,,,,,,,,,,,,,,,,,,,,,,,,,,,,,,,,,,,,,,,,,,,,,,,,,,,,,,,,,,,,,,,,,,,,,,,,,,,,,,,,,,,,,,,,,,,,,,,,,,,,,,,,,,,
TAKAFULIA,37,1,,,,,,,,,,,,,,,,,,,,,,,,,,,,,,,,,,,,,,,,,,,,,,,,,,,,,,,,,,,,,,,,,,,,,,,,,,,,,,,,,,,,,,,,,,,,,,,,,,,,,,,,,,,,,,,,,,,,,,,,,,,,,,,,,,,,,,,,
TAKAFULIA,37,1,,,,,,,,,,,,,,,,,,,,,,,,,,,,,,,,,,,,,,,,,,,,,,,,,,,,,,,,,,,,,,,,,,,,,,,,,,,,,,,,,,,,,,,,,,,,,,,,,,,,,,,,,,,,,,,,,,,,,,,,,,,,,,,,,,,,,,,,
TAKAFULIA,37,1,,,,,,,,,,,,,,,,,,,,,,,,,,,,,,,,,,,,,,,,,,,,,,,,,,,,,,,,,,,,,,,,,,,,,,,,,,,,,,,,,,,,,,,,,,,,,,,,,,,,,,,,,,,,,,,,,,,,,,,,,,,,,,,,,,,,,,,,
TAKAFULIA,37,1,,,,,,,,,,,,,,,,,,,,,,,,,,,,,,,,,,,,,,,,,,,,,,,,,,,,,,,,,,,,,,,,,,,,,,,,,,,,,,,,,,,,,,,,,,,,,,,,,,,,,,,,,,,,,,,,,,,,,,,,,,,,,,,,,,,,,,,,
TAKAFULIA,37,1,,,,,,,,,,,,,,,,,,,,,,,,,,,,,,,,,,,,,,,,,,,,,,,,,,,,,,,,,,,,,,,,,,,,,,,,,,,,,,,,,,,,,,,,,,,,,,,,,,,,,,,,,,,,,,,,,,,,,,,,,,,,,,,,,,,,,,,,
TAKAFULIA,37,1,,,,,,,,,,,,,,,,,,,,,,,,,,,,,,,,,,,,,,,,,,,,,,,,,,,,,,,,,,,,,,,,,,,,,,,,,,,,,,,,,,,,,,,,,,,,,,,,,,,,,,,,,,,,,,,,,,,,,,,,,,,,,,,,,,,,,,,,
TAKAFULIA,37,1,,,,,,,,,,,,,,,,,,,,,,,,,,,,,,,,,,,,,,,,,,,,,,,,,,,,,,,,,,,,,,,,,,,,,,,,,,,,,,,,,,,,,,,,,,,,,,,,,,,,,,,,,,,,,,,,,,,,,,,,,,,,,,,,,,,,,,,,
TAKAFULIA,37,1,,,,,,,,,,,,,,,,,,,,,,,,,,,,,,,,,,,,,,,,,,,,,,,,,,,,,,,,,,,,,,,,,,,,,,,,,,,,,,,,,,,,,,,,,,,,,,,,,,,,,,,,,,,,,,,,,,,,,,,,,,,,,,,,,,,,,,,,
TAKAFULIA,37,1,,,,,,,,,,,,,,,,,,,,,,,,,,,,,,,,,,,,,,,,,,,,,,,,,,,,,,,,,,,,,,,,,,,,,,,,,,,,,,,,,,,,,,,,,,,,,,,,,,,,,,,Année d’inventaire,Exercice de survenance,,,,,,,,,,,,,,,,,,,,,,,,,,,,,,,,
TAKAFULIA,37,1,,,,2022,,,2023,,,2024,,2025,,,,,,,,,,,,,,,,,,,,,,,,,,,,,,,,,,,,,,,,,,,,,,,,,,,,,,,,,,,,,,,,,,,,,,,,,,,,,,,,,,,,,,,,,,,,2021,,,,,,,,,,,,,,,,,,,,,,,,,,,,,,,,
TAKAFULIA,37,1,,,,"3 473 026
11 415 627
14 888 653
38 028 757
39%",,,,,,,,,,,,,,,,,,,,,,,,,,,,,,,,,,,,,,,,,,,,,,,,,,,,,,,,,,,,,,,,,,,,,,,,,,,,,,,,,,,,,,,,,,,,,,,,,,,"Inventaire 2022
Règlements cumulés
Provisions pour sinistres
Total charges des sinistres
Primes acquises
% sinistres – primes acquises","6 977 385
8 663 850
15 641 235
33 595 940
47%",,,,,,,,,,,,,,,,,,,,,,,,,,,,,,,,
TAKAFULIA,37,1,,,,,,,,,,,,,,,,,,,,,,,,,,,,,,,,,,,,,,,,,,,,,,,,,,,,,,,,,,,,,,,,,,,,,,,,,,,,,,,,,,,,,,,,,,,,,,,,,,,,,,,,,,,,,,,,,,,,,,,,,,,,,,,,,,,,,,,,
TAKAFULIA,37,1,,,,,,,,,,,,,,,,,,,,,,,,,,,,,,,,,,,,,,,,,,,,,,,,,,,,,,,,,,,,,,,,,,,,,,,,,,,,,,,,,,,,,,,,,,,,,,,,,,,,,,,,,,,,,,,,,,,,,,,,,,,,,,,,,,,,,,,,
TAKAFULIA,37,1,,,,,,,,,,,,,,,,,,,,,,,,,,,,,,,,,,,,,,,,,,,,,,,,,,,,,,,,,,,,,,,,,,,,,,,,,,,,,,,,,,,,,,,,,,,,,,,,,,,,,,,,,,,,,,,,,,,,,,,,,,,,,,,,,,,,,,,,
TAKAFULIA,37,1,,,,,,,,,,,,,,,,,,,,,,,,,,,,,,,,,,,,,,,,,,,,,,,,,,,,,,,,,,,,,,,,,,,,,,,,,,,,,,,,,,,,,,,,,,,,,,,,,,,,,,,,,,,,,,,,,,,,,,,,,,,,,,,,,,,,,,,,
TAKAFULIA,37,1,,,,,,,,,,,,,,,,,,,,,,,,,,,,,,,,,,,,,,,,,,,,,,,,,,,,,,,,,,,,,,,,,,,,,,,,,,,,,,,,,,,,,,,,,,,,,,,,,,,,,,,,,,,,,,,,,,,,,,,,,,,,,,,,,,,,,,,,
TAKAFULIA,37,1,,,,,,,,,,,,,,,,,,,,,,,,,,,,,,,,,,,,,,,,,,,,,,,,,,,,,,,,,,,,,,,,,,,,,,,,,,,,,,,,,,,,,,,,,,,,,,,,,,,,,,,,,,,,,,,,,,,,,,,,,,,,,,,,,,,,,,,,
TAKAFULIA,37,1,,,,,,,,,,,,,,,,,,,,,,,,,,,,,,,,,,,,,,,,,,,,,,,,,,,,,,,,,,,,,,,,,,,,,,,,,,,,,,,,,,,,,,,,,,,,,,,,,,,,,,,,,,,,,,,,,,,,,,,,,,,,,,,,,,,,,,,,
TAKAFULIA,37,1,,,,,,,,,,,,,,,,,,,,,,,,,,,,,,,,,,,,,,,,,,,,,,,,,,,,,,,,,,,,,,,,,,,,,,,,,,,,,,,,,,,,,,,,,,,,,,,,,,,,,,,,,,,,,,,,,,,,,,,,,,,,,,,,,,,,,,,,
TAKAFULIA,37,1,,,,,,,,,,,,,,,,,,,,,,,,,,,,,,,,,,,,,,,,,,,,,,,,,,,,,,,,,,,,,,,,,,,,,,,,,,,,,,,,,,,,,,,,,,,,,,,,,,,,,,,,,,,,,,,,,,,,,,,,,,,,,,,,,,,,,,,,
TAKAFULIA,37,1,,,,,,,,,,,,,,,,,,,,,,,,,,,,,,,,,,,,,,,,,,,,,,,,,,,,,,,,,,,,,,,,,,,,,,,,,,,,,,,,,,,,,,,,,,,,,,,,,,,,,,,,,,,,,,,,,,,,,,,,,,,,,,,,,,,,,,,,
TAKAFULIA,37,1,,,,,,,,,,,,,,,,,,,,,,,,,,,,,,,,,,,,,,,,,,,,,,,,,,,,,,,,,,,,,,,,,,,,,,,,,,,,,,,,,,,,,,,,,,,,,,,,,,,,,,,Année d’inventaire,Exercice de survenance,,,,,,,,,,,,,,,,,,,,,,,,,,,,,,,,
TAKAFULIA,37,1,,,,2022,,,2023,,,2024,,2025,,,,,,,,,,,,,,,,,,,,,,,,,,,,,,,,,,,,,,,,,,,,,,,,,,,,,,,,,,,,,,,,,,,,,,,,,,,,,,,,,,,,,,,,,,,,2021,,,,,,,,,,,,,,,,,,,,,,,,,,,,,,,,
TAKAFULIA,37,1,,,,"16 645 068
8 879 314
25 524 382
38 028 757
67%",,,"16 750 360
14 437 511
31 187 871
50 169 595
62%",,,,,,,,,,,,,,,,,,,,,,,,,,,,,,,,,,,,,,,,,,,,,,,,,,,,,,,,,,,,,,,,,,,,,,,,,,,,,,,,,,,,,,,,,,,,,,,,"Inventaire 2023
Règlements cumulés
Provisions pour sinistres
Total charges des sinistres
Primes acquises
% sinistres – primes acquises","14 536 411
5 844 469
20 380 880
33 595 940
61%",,,,,,,,,,,,,,,,,,,,,,,,,,,,,,,,
TAKAFULIA,37,1,,,,,,,,,,,,,,,,,,,,,,,,,,,,,,,,,,,,,,,,,,,,,,,,,,,,,,,,,,,,,,,,,,,,,,,,,,,,,,,,,,,,,,,,,,,,,,,,,,,,,,,,,,,,,,,,,,,,,,,,,,,,,,,,,,,,,,,,
TAKAFULIA,37,1,,,,,,,,,,,,,,,,,,,,,,,,,,,,,,,,,,,,,,,,,,,,,,,,,,,,,,,,,,,,,,,,,,,,,,,,,,,,,,,,,,,,,,,,,,,,,,,,,,,,,,,,,,,,,,,,,,,,,,,,,,,,,,,,,,,,,,,,
TAKAFULIA,37,1,,,,,,,,,,,,,,,,,,,,,,,,,,,,,,,,,,,,,,,,,,,,,,,,,,,,,,,,,,,,,,,,,,,,,,,,,,,,,,,,,,,,,,,,,,,,,,,,,,,,,,,,,,,,,,,,,,,,,,,,,,,,,,,,,,,,,,,,
TAKAFULIA,37,1,,,,,,,,,,,,,,,,,,,,,,,,,,,,,,,,,,,,,,,,,,,,,,,,,,,,,,,,,,,,,,,,,,,,,,,,,,,,,,,,,,,,,,,,,,,,,,,,,,,,,,,,,,,,,,,,,,,,,,,,,,,,,,,,,,,,,,,,
TAKAFULIA,37,1,,,,,,,,,,,,,,,,,,,,,,,,,,,,,,,,,,,,,,,,,,,,,,,,,,,,,,,,,,,,,,,,,,,,,,,,,,,,,,,,,,,,,,,,,,,,,,,,,,,,,,,,,,,,,,,,,,,,,,,,,,,,,,,,,,,,,,,,
TAKAFULIA,37,1,,,,,,,,,,,,,,,,,,,,,,,,,,,,,,,,,,,,,,,,,,,,,,,,,,,,,,,,,,,,,,,,,,,,,,,,,,,,,,,,,,,,,,,,,,,,,,,,,,,,,,,,,,,,,,,,,,,,,,,,,,,,,,,,,,,,,,,,
TAKAFULIA,37,1,,,,,,,,,,,,,,,,,,,,,,,,,,,,,,,,,,,,,,,,,,,,,,,,,,,,,,,,,,,,,,,,,,,,,,,,,,,,,,,,,,,,,,,,,,,,,,,,,,,,,,,,,,,,,,,,,,,,,,,,,,,,,,,,,,,,,,,,
TAKAFULIA,37,1,,,,,,,,,,,,,,,,,,,,,,,,,,,,,,,,,,,,,,,,,,,,,,,,,,,,,,,,,,,,,,,,,,,,,,,,,,,,,,,,,,,,,,,,,,,,,,,,,,,,,,,,,,,,,,,,,,,,,,,,,,,,,,,,,,,,,,,,
TAKAFULIA,37,1,,,,,,,,,,,,,,,,,,,,,,,,,,,,,,,,,,,,,,,,,,,,,,,,,,,,,,,,,,,,,,,,,,,,,,,,,,,,,,,,,,,,,,,,,,,,,,,,,,,,,,,,,,,,,,,,,,,,,,,,,,,,,,,,,,,,,,,,
TAKAFULIA,37,1,,,,,,,,,,,,,,,,,,,,,,,,,,,,,,,,,,,,,,,,,,,,,,,,,,,,,,,,,,,,,,,,,,,,,,,,,,,,,,,,,,,,,,,,,,,,,,,,,,,,,,,,,,,,,,,,,,,,,,,,,,,,,,,,,,,,,,,,
TAKAFULIA,37,1,,,,,,,,,,,,,,,,,,,,,,,,,,,,,,,,,,,,,,,,,,,,,,,,,,,,,,,,,,,,,,,,,,,,,,,,,,,,,,,,,,,,,,,,,,,,,,,,,,,,,,,Année d’inventaire,Exercice de survenance,,,,,,,,,,,,,,,,,,,,,,,,,,,,,,,,
TAKAFULIA,37,1,,,,2022,,,2023,,,2024,,2025,,,,,,,,,,,,,,,,,,,,,,,,,,,,,,,,,,,,,,,,,,,,,,,,,,,,,,,,,,,,,,,,,,,,,,,,,,,,,,,,,,,,,,,,,,,,2021,,,,,,,,,,,,,,,,,,,,,,,,,,,,,,,,
TAKAFULIA,37,1,,,,"11 939 483
6 931 199
18 870 682
38 028 757
50%",,,"8 968 809
12 841 014
21 809 822
50 169 595
43%",,,"4 548 764
13 076 151
17 624 916
68 045 284
26%",,,,,,,,,,,,,,,,,,,,,,,,,,,,,,,,,,,,,,,,,,,,,,,,,,,,,,,,,,,,,,,,,,,,,,,,,,,,,,,,,,,,,,,,,,,,,"Inventaire 2024
Règlements cumulés
Provisions pour sinistres
Total charges des sinistres
Primes acquises
% sinistres – primes acquises","10 925 659
4 463 710
15 389 369
33 595 940
46%",,,,,,,,,,,,,,,,,,,,,,,,,,,,,,,,
TAKAFULIA,37,1,,,,,,,,,,,,,,,,,,,,,,,,,,,,,,,,,,,,,,,,,,,,,,,,,,,,,,,,,,,,,,,,,,,,,,,,,,,,,,,,,,,,,,,,,,,,,,,,,,,,,,,,,,,,,,,,,,,,,,,,,,,,,,,,,,,,,,,,
TAKAFULIA,37,1,,,,,,,,,,,,,,,,,,,,,,,,,,,,,,,,,,,,,,,,,,,,,,,,,,,,,,,,,,,,,,,,,,,,,,,,,,,,,,,,,,,,,,,,,,,,,,,,,,,,,,,,,,,,,,,,,,,,,,,,,,,,,,,,,,,,,,,,
TAKAFULIA,37,1,,,,,,,,,,,,,,,,,,,,,,,,,,,,,,,,,,,,,,,,,,,,,,,,,,,,,,,,,,,,,,,,,,,,,,,,,,,,,,,,,,,,,,,,,,,,,,,,,,,,,,,,,,,,,,,,,,,,,,,,,,,,,,,,,,,,,,,,
TAKAFULIA,37,1,,,,,,,,,,,,,,,,,,,,,,,,,,,,,,,,,,,,,,,,,,,,,,,,,,,,,,,,,,,,,,,,,,,,,,,,,,,,,,,,,,,,,,,,,,,,,,,,,,,,,,,,,,,,,,,,,,,,,,,,,,,,,,,,,,,,,,,,
TAKAFULIA,37,1,,,,,,,,,,,,,,,,,,,,,,,,,,,,,,,,,,,,,,,,,,,,,,,,,,,,,,,,,,,,,,,,,,,,,,,,,,,,,,,,,,,,,,,,,,,,,,,,,,,,,,,,,,,,,,,,,,,,,,,,,,,,,,,,,,,,,,,,
TAKAFULIA,37,1,,,,,,,,,,,,,,,,,,,,,,,,,,,,,,,,,,,,,,,,,,,,,,,,,,,,,,,,,,,,,,,,,,,,,,,,,,,,,,,,,,,,,,,,,,,,,,,,,,,,,,,,,,,,,,,,,,,,,,,,,,,,,,,,,,,,,,,,
TAKAFULIA,37,1,,,,,,,,,,,,,,,,,,,,,,,,,,,,,,,,,,,,,,,,,,,,,,,,,,,,,,,,,,,,,,,,,,,,,,,,,,,,,,,,,,,,,,,,,,,,,,,,,,,,,,,,,,,,,,,,,,,,,,,,,,,,,,,,,,,,,,,,
TAKAFULIA,37,1,,,,,,,,,,,,,,,,,,,,,,,,,,,,,,,,,,,,,,,,,,,,,,,,,,,,,,,,,,,,,,,,,,,,,,,,,,,,,,,,,,,,,,,,,,,,,,,,,,,,,,,,,,,,,,,,,,,,,,,,,,,,,,,,,,,,,,,,
TAKAFULIA,37,1,,,,,,,,,,,,,,,,,,,,,,,,,,,,,,,,,,,,,,,,,,,,,,,,,,,,,,,,,,,,,,,,,,,,,,,,,,,,,,,,,,,,,,,,,,,,,,,,,,,,,,,,,,,,,,,,,,,,,,,,,,,,,,,,,,,,,,,,
TAKAFULIA,37,1,,,,,,,,,,,,,,,,,,,,,,,,,,,,,,,,,,,,,,,,,,,,,,,,,,,,,,,,,,,,,,,,,,,,,,,,,,,,,,,,,,,,,,,,,,,,,,,,,,,,,,,,,,,,,,,,,,,,,,,,,,,,,,,,,,,,,,,,
TAKAFULIA,37,1,,,,,,,,,,,,,,,,,,,,,,,,,,,,,,,,,,,,,,,,,,,,,,,,,,,,,,,,,,,,,,,,,,,,,,,,,,,,,,,,,,,,,,,,,,,,,,,,,,,,,,,Année d’inventaire,Exercice de survenance,,,,,,,,,,,,,,,,,,,,,,,,,,,,,,,,
TAKAFULIA,37,1,,,,2022,,,2023,,,2024,,2025,,,,,,,,,,,,,,,,,,,,,,,,,,,,,,,,,,,,,,,,,,,,,,,,,,,,,,,,,,,,,,,,,,,,,,,,,,,,,,,,,,,,,,,,,,,,2021,,,,,,,,,,,,,,,,,,,,,,,,,,,,,,,,
TAKAFULIA,37,1,,,,"13 498 759
4 952 269
18 451 029
38 028 757
49%",,,"12 284 216
9 268 720
21 552 936
50 169 595
43%",,,"11 116 477
10 989 164
22 105 642
68 045 284
32%",,"9 091 623
12 993 969
22 085 591
72 705 495
30%",,,,,,,,,,,,,,,,,,,,,,,,,,,,,,,,,,,,,,,,,,,,,,,,,,,,,,,,,,,,,,,,,,,,,,,,,,,,,,,,,,,,,,,,,,,"Inventaire 2025
Règlements cumulés
Provisions pour sinistres
Total charges des sinistres
Primes acquises
% sinistres – primes acquises","11 719 288
3 085 622
14 804 910
33 595 940
44%",,,,,,,,,,,,,,,,,,,,,,,,,,,,,,,,
TAKAFULIA,38,1,,,,"‐ Revenu des placements immobiliers
‐ Revenu des participations
‐ Revenu des autres placements
‐ Autres revenu financiers",,,,,,,,,,,,,,,,,,,,,,,,,,,,,,,,,,,,,,,,,,,,,,,,,,,,,,,,,,,,,,,,,,,,,,,,,,,,,,,,,,,,,,,,,,,,,,,,,,,,,,‐ 11 989 060,"‐
‐ 11 989 060
‐
‐",,,,,,,,,,,,,,,,,,,,,,,,,,,,,
TAKAFULIA,38,1,,,,Total produits des placements,,,,,,,,,,,,,,,,,,,,,,,,,,,,,,,,,,,,,,,,,,,,,,,,,,,,,,,,,,,,,,,,,,,,,,,,,,,,,,,,,,,,,,,,,,,,,,,,,,,,,‐,‐ 11 989 060,‐ 11 989 060,,,,,,,,,,,,,,,,,,,,,,,,,,,,,
TAKAFULIA,38,1,,,,"‐ Intérêts
‐ Charges de gestion des placements
‐ Commissions Moudharaba",,,,,,,,,,,,,,,,,,,,,,,,,,,,,,,,,,,,,,,,,,,,,,,,,,,,,,,,,,,,,,,,,,,,,,,,,,,,,,,,,,,,,,,,,,,,,,,,,,,,,,"134 999
602 956
1 578 722","134 999
579 047
1 578 722",,,,,,,,,,,,,,,,,,,,,,,,,,,,,
TAKAFULIA,38,1,,,,Total charges des placements,,,,,,,,,,,,,,,,,,,,,,,,,,,,,,,,,,,,,,,,,,,,,,,,,,,,,,,,,,,,,,,,,,,,,,,,,,,,,,,,,,,,,,,,,,,,,,,,,,,,,‐,2 316 678,2 292 769,,,,,,,,,,,,,,,,,,,,,,,,,,,,,
TAKAFULIA,39,1,,,,"Primes
Charges de prestations
Prestations et frais payés
Charges des provisions d’assurance takaful familial et des autres provisions
techniques
Ajustement ACAV (Assurance à Capital Variable)",,,,,,,,,,,,,,,,,,,,,,,,,,,,,,,,,,,,,,,,,,,,,,,,,,,,,,,,,,,,,,,,,,,,,,,,,,,,,,,,,,,,,,,,,,,,,,,,,,,,,,,"29 315 258
29 429 359
3 653 654
25 775 705","1 393 783
9 668
170 073
‐160 404","27 921 475
29 419 691
3 483 581
25 936 110",,,,,,,,,,,,,,,,,,,,,,,,,,,
TAKAFULIA,39,1,,,,Solde de souscription,,,,,,,,,,,,,,,,,,,,,,,,,,,,,,,,,,,,,,,,,,,,,,,,,,,,,,,,,,,,,,,,,,,,,,,,,,,,,,,,,,,,,,,,,,,,,,,,,,,,,,,‐ 114 102,1 384 115,‐ 1 498 216,,,,,,,,,,,,,,,,,,,,,,,,,,,
TAKAFULIA,39,1,,,,"Frais d’acquisition
Autres charges de gestion nettes
Charge Moudharba
Charges techniques",,,,,,,,,,,,,,,,,,,,,,,,,,,,,,,,,,,,,,,,,,,,,,,,,,,,,,,,,,,,,,,,,,,,,,,,,,,,,,,,,,,,,,,,,,,,,,,,,,,,,,,"‐ 1 104 139
‐ 71 548
‐ 1 112 408
‐ 92 289","‐ 51 752
‐ 3 354
‐ 52 140
‐ 4 326","‐ 1 052 387
‐ 68 195
‐ 1 060 268
‐ 87 963",,,,,,,,,,,,,,,,,,,,,,,,,,,
TAKAFULIA,39,1,,,,Charges d’acquisition et de gestion nettes,,,,,,,,,,,,,,,,,,,,,,,,,,,,,,,,,,,,,,,,,,,,,,,,,,,,,,,,,,,,,,,,,,,,,,,,,,,,,,,,,,,,,,,,,,,,,,,,,,,,,,,‐ 2 380 384,‐ 111 571,‐ 2 268 813,,,,,,,,,,,,,,,,,,,,,,,,,,,
TAKAFULIA,39,1,,,,Produits nets de placements,,,,,,,,,,,,,,,,,,,,,,,,,,,,,,,,,,,,,,,,,,,,,,,,,,,,,,,,,,,,,,,,,,,,,,,,,,,,,,,,,,,,,,,,,,,,,,,,,,,,,,,6 186 667,36 409,6 150 257,,,,,,,,,,,,,,,,,,,,,,,,,,,
TAKAFULIA,39,1,,,,Solde financier,,,,,,,,,,,,,,,,,,,,,,,,,,,,,,,,,,,,,,,,,,,,,,,,,,,,,,,,,,,,,,,,,,,,,,,,,,,,,,,,,,,,,,,,,,,,,,,,,,,,,,,6 186 667,36 409,6 150 257,,,,,,,,,,,,,,,,,,,,,,,,,,,
TAKAFULIA,39,1,,,,"Primes cédées et / ou rétrocédées
Part des réassureurs rétakaful et / ou des rétrocessionnaires dans les charges
de prestations
Part des réassureurs rétakaful et / ou des rétrocessionnaires dans les charges
de provisions
Commissions reçues des réassureurs rétakaful et / ou des rétrocessionnaires",,,,,,,,,,,,,,,,,,,,,,,,,,,,,,,,,,,,,,,,,,,,,,,,,,,,,,,,,,,,,,,,,,,,,,,,,,,,,,,,,,,,,,,,,,,,,,,,,,,,,,,"‐ 221 791
136 530
‐ 66 412
16 657","‐ 218 457
136 530
‐ 66 412
16 657","‐ 3 334
‐
‐
‐",,,,,,,,,,,,,,,,,,,,,,,,,,,
TAKAFULIA,39,1,,,,Solde de réassurance et / ou de rétrocession,,,,,,,,,,,,,,,,,,,,,,,,,,,,,,,,,,,,,,,,,,,,,,,,,,,,,,,,,,,,,,,,,,,,,,,,,,,,,,,,,,,,,,,,,,,,,,,,,,,,,,,‐ 135 016,‐ 131 682,‐ 3 334,,,,,,,,,,,,,,,,,,,,,,,,,,,
TAKAFULIA,40,1,,,,"Ind/Groupe.
prévoyance (Inc/Inv)",,,,,,,,,,,,,,,,,,,,,,,,,,,,,,,,,,,,,,,,,,,,,,,,,,,,,,,,,,,,,,,,,,,,,,,,,,,,,,,,,,,,,,,,,,,,,,,,,,,,,,,,,,,,,,Groupe Maladie,,,,,,,,,,,,,,,,,,,,,,
TAKAFULIA,40,1,,,,"613 929
586 661
‐
27 268
‐
23 458
36 680
‐ 13 221",,,,,,,,,,,,,,,,,,,,,,,,,,,,,,,,,,,,,,,,,,,,,,,,,,,,,,,,,,,,,,,,,,,,,,,,,,,,,,,,,,,,,,,,,,,,,,,,,,,,,,,"43 390 237
45 653 060
‐ 2 300 435
162 412
‐ 124 799
23 057 597
19 700 471
3 357 126",,,"Primes acquises
Primes émises
Variation des primes non acquises
Variation des primes acquises et non émises
Variation des primes à annuler
Charges de prestations
Prestations et frais payés
Charges des provisions pour prestations diverses","33 011 349
35 407 147
‐ 2 276 089
‐
‐ 119 709
18 623 622
15 568 657
3 054 965","1 317 913
1 370 566
46 169
‐ 100 258
1 436
115 391
326 429
‐ 211 038","2 087 996
2 128 397
‐ 36 883
‐
‐ 3 518
648 596
285 890
362 706","4 118 269
3 989 807
‐ 26 751
155 457
‐ 244
3 338 878
3 257 841
81 037","214 276
186 110
26 544
‐
1 622
59 539
30 869
28 670","85 523
79 513
5 987
‐
23
5 721
5 760
‐ 39","345 176
317 137
2 298
26 000
‐ 259
‐
‐
‐","1 453 520
1 473 004
‐ 15 334
‐
‐ 4 150
265 829
162 266
103 563","142 286
114 717
‐ 26 376
53 945
‐
‐ 23 440
26 078
‐ 49 518",,,,,,,,,,,,,,,,,
TAKAFULIA,40,1,,,,590 470,,,,,,,,,,,,,,,,,,,,,,,,,,,,,,,,,,,,,,,,,,,,,,,,,,,,,,,,,,,,,,,,,,,,,,,,,,,,,,,,,,,,,,,,,,,,,,,,,,,,,,,20 332 641,,,Solde de souscription,14 387 727,1 202 522,1 439 400,779 391,154 737,79 801,345 176,1 187 691,165 726,,,,,,,,,,,,,,,,,
TAKAFULIA,40,1,,,,"‐ 2 838
‐
‐
‐ 5 992
‐ 38 890",,,,,,,,,,,,,,,,,,,,,,,,,,,,,,,,,,,,,,,,,,,,,,,,,,,,,,,,,,,,,,,,,,,,,,,,,,,,,,,,,,,,,,,,,,,,,,,,,,,,,,,"‐ 7 619 966
‐
‐ 3 378 017
‐ 466 314
‐ 3 026 328",,,"Frais d’acquisition
Autres produits techniques
Autres charges de gestion nettes
Charge Moudharba
CHARGE TECHNIQUE","‐ 5 510 913
‐
‐ 2 859 256
‐ 361 659
‐ 2 347 130","‐ 326 112
‐
‐ 45 344
‐ 13 999
‐ 90 854","‐ 489 447
‐
‐ 139 689
‐ 21 740
‐ 141 091","‐ 784 574
‐
‐ 193 466
‐ 40 753
‐ 264 483","‐ 46 114
‐
‐ 16 327
‐ 1 901
‐ 12 337","‐ 27 911
‐
‐ 6 590
‐ 812
‐ 5 271","‐ 111 436
‐
‐ 11 262
‐ 3 239
‐ 21 023","‐ 283 919
‐
‐ 106 082
‐ 15 046
‐ 97 645","‐ 36 703
‐
‐
‐ 1 172
‐ 7 605",,,,,,,,,,,,,,,,,
TAKAFULIA,40,1,,,,‐ 47 720,,,,,,,,,,,,,,,,,,,,,,,,,,,,,,,,,,,,,,,,,,,,,,,,,,,,,,,,,,,,,,,,,,,,,,,,,,,,,,,,,,,,,,,,,,,,,,,,,,,,,,,‐ 14 490 625,,,Charges d’acquisition et de gestion nettes,‐ 11 078 958,‐ 476 309,‐ 791 967,‐ 1 283 276,‐ 76 679,‐ 40 584,‐ 146 961,‐ 502 692,‐ 45 479,,,,,,,,,,,,,,,,,
TAKAFULIA,40,1,,,,50 612,,,,,,,,,,,,,,,,,,,,,,,,,,,,,,,,,,,,,,,,,,,,,,,,,,,,,,,,,,,,,,,,,,,,,,,,,,,,,,,,,,,,,,,,,,,,,,,,,,,,,,,3 333 908,,,Produits nets de placements,2 612 220,104 374,130 845,276 123,9 077,6 376,29 788,110 649,3 845,,,,,,,,,,,,,,,,,
TAKAFULIA,40,1,,,,50 612,,,,,,,,,,,,,,,,,,,,,,,,,,,,,,,,,,,,,,,,,,,,,,,,,,,,,,,,,,,,,,,,,,,,,,,,,,,,,,,,,,,,,,,,,,,,,,,,,,,,,,,3 333 908,,,Solde financier,2 612 220,104 374,130 845,276 123,9 077,6 376,29 788,110 649,3 845,,,,,,,,,,,,,,,,,
TAKAFULIA,40,1,,,,"‐
‐
‐
‐
‐",,,,,,,,,,,,,,,,,,,,,,,,,,,,,,,,,,,,,,,,,,,,,,,,,,,,,,,,,,,,,,,,,,,,,,,,,,,,,,,,,,,,,,,,,,,,,,,,,,,,,,,"‐ 5 734 093
524 455
428 223
1 898 721
‐ 230 386",,,"Part des réassureurs rétakaful et / ou des rétrocessionnaires dans les
primes acquises
Part des réassureurs rétakaful et / ou des rétrocessionnaires dans les
prestations payées
Part des réassureurs rétakaful et / ou des rétrocessionnaires dans les
charges de provisions pour prestations
Commissions reçues des réassureurs rétakaful et / ou des
rétrocessionnaires
Variation du montant des frais d'acquisition reportés des réassureur","‐ 2 237 647
172 512
81 689
964 228
‐ 116 692","‐ 947 947
231 717
‐ 151 131
143 087
‐ 17 102","‐ 1 251 180
18 876
128 178
443 261
‐ 52 286","‐
‐
‐
‐
‐","‐ 28 648
‐
‐
2 962
‐ 336","‐ 643
‐
‐
‐
‐","‐ 220 028
‐
‐
‐
‐","‐ 1 040 557
76 441
392 194
355 960
‐ 43 970","‐ 7 443
24 910
‐ 22 707
‐ 10 777
‐",,,,,,,,,,,,,,,,,
TAKAFULIA,40,1,,,,‐,,,,,,,,,,,,,,,,,,,,,,,,,,,,,,,,,,,,,,,,,,,,,,,,,,,,,,,,,,,,,,,,,,,,,,,,,,,,,,,,,,,,,,,,,,,,,,,,,,,,,,,‐ 3 113 081,,,Solde de réassurance et / ou de rétrocession,‐ 1 135 911,‐ 741 376,‐ 713 152,‐,‐ 26 022,‐ 643,‐ 220 028,‐ 259 933,‐ 16 017,,,,,,,,,,,,,,,,,
TAKAFULIA,40,1,,,,"‐ 24 359
‐ 38 665",,,,,,,,,,,,,,,,,,,,,,,,,,,,,,,,,,,,,,,,,,,,,,,,,,,,,,,,,,,,,,,,,,,,,,,,,,,,,,,,,,,,,,,,,,,,,,,,,,,,,,,"‐ 1 721 574
‐ 3 008 869",,,"Impôt sur le résultat
Effet des modifications comptables","‐ 1 309 775
‐ 2 333 589","‐ 52 290
‐ 90 330","‐ 82 844
‐ 140 277","‐ 163 399
‐ 262 957","‐ 8 502
‐ 12 266","‐ 3 393
‐ 5 240","‐ 13 695
‐ 20 902","‐ 57 671
‐ 97 082","‐ 5 645
‐ 7 561",,,,,,,,,,,,,,,,,
TAKAFULIA,40,1,,,,530 340,,,,,,,,,,,,,,,,,,,,,,,,,,,,,,,,,,,,,,,,,,,,,,,,,,,,,,,,,,,,,,,,,,,,,,,,,,,,,,,,,,,,,,,,,,,,,,,,,,,,,,,1 332 400,,,Résultat technique,1 141 714,‐53 411,‐157 995,‐654 119,40 345,36 316,‐26 622,380 964,94 868,,,,,,,,,,,,,,,,,
TAKAFULIA,41,1,,,,"Primes
Charges de prestations
Prestations et frais payés
Charges des provisions d’assurance takaful familial et des autres provisions techniques
Ajustement ACAV (Assurance à Capital Variable)",,,,,,,,,,,,,,,,,,,,,,,,,,,,,,,,,,,,,,,,,,,,,,,,,,,,,,,,,,,,,,,,,,,,,,,,,,,,,,,,,,,,,,,,,,,,,,,,,,,,,,,,,,,,,,,,,,,,"PRF11 (1ère colonne)
CHF11(1ère colonne)
CHF2 + CHF6 (1ère
colonne)
CHF7 –PRF3 (1ère
colonne)","29 315 258
‐ 29 429 359
‐ 3 563 956
‐ 25 865 403
‐",,,,,,,,,,,,,,,
TAKAFULIA,41,1,,,,Solde de souscription,,,,,,,,,,,,,,,,,,,,,,,,,,,,,,,,,,,,,,,,,,,,,,,,,,,,,,,,,,,,,,,,,,,,,,,,,,,,,,,,,,,,,,,,,,,,,,,,,,,,,,,,,,,,,,,,,,,,,‐ 114 102,,,,,,,,,,,,,,,
TAKAFULIA,41,1,,,,"Frais d’acquisition
Autres charges de gestion nettes",,,,,,,,,,,,,,,,,,,,,,,,,,,,,,,,,,,,,,,,,,,,,,,,,,,,,,,,,,,,,,,,,,,,,,,,,,,,,,,,,,,,,,,,,,,,,,,,,,,,,,,,,,,,,,,,,,,,"CHF31 + CHF32
CHF33 + CHF5 – PRF4","‐ 1 104 139
‐ 163 837",,,,,,,,,,,,,,,
TAKAFULIA,41,1,,,,Charges d’acquisition et de gestion nettes,,,,,,,,,,,,,,,,,,,,,,,,,,,,,,,,,,,,,,,,,,,,,,,,,,,,,,,,,,,,,,,,,,,,,,,,,,,,,,,,,,,,,,,,,,,,,,,,,,,,,,,,,,,,,,,,,,,,,"‐ 1 267
976",,,,,,,,,,,,,,,
TAKAFULIA,41,1,,,,Produits nets de placements,,,,,,,,,,,,,,,,,,,,,,,,,,,,,,,,,,,,,,,,,,,,,,,,,,,,,,,,,,,,,,,,,,,,,,,,,,,,,,,,,,,,,,,,,,,,,,,,,,,,,,,,,,,,,,,,,,,,PRF2 – CHF4,5 074 259,,,,,,,,,,,,,,,
TAKAFULIA,41,1,,,,Solde financier,,,,,,,,,,,,,,,,,,,,,,,,,,,,,,,,,,,,,,,,,,,,,,,,,,,,,,,,,,,,,,,,,,,,,,,,,,,,,,,,,,,,,,,,,,,,,,,,,,,,,,,,,,,,,,,,,,,,,5 074 259,,,,,,,,,,,,,,,
TAKAFULIA,41,1,,,,"Primes cédées et / ou rétrocédées
Part des réassureurs rétakaful et / ou des rétrocessionnaires dans les charges de
prestations
Part des réassureurs rétakaful et / ou des rétrocessionnaires dans les charges de
provisions
Commissions reçues des réassureurs rétakaful et / ou des rétrocessionnaires",,,,,,,,,,,,,,,,,,,,,,,,,,,,,,,,,,,,,,,,,,,,,,,,,,,,,,,,,,,,,,,,,,,,,,,,,,,,,,,,,,,,,,,,,,,,,,,,,,,,,,,,,,,,,,,,,,,,"PRF1 (2ème colonne)
CHF1 (2ème colonne)
CHF2 (2ème colonne)
CHF 34 (2ème colonne)","‐ 221 791
136 530
‐ 66 412
16 657",,,,,,,,,,,,,,,
TAKAFULIA,41,1,,,,Solde de réassurance et / ou de rétrocession,,,,,,,,,,,,,,,,,,,,,,,,,,,,,,,,,,,,,,,,,,,,,,,,,,,,,,,,,,,,,,,,,,,,,,,,,,,,,,,,,,,,,,,,,,,,,,,,,,,,,,,,,,,,,,,,,,,,,‐ 135 016,,,,,,,,,,,,,,,
TAKAFULIA,42,1,,,,"Primes acquises
Primes émises
Variation des primes non acquises
Charges de prestations
Prestations et frais payés
Charges des provisions pour prestations diverses",,,,,,,,,,,,,,,,,,,,,,,,,,,,,,,,,,,,,,,,,,,,,,,,,,,,,,,,,,,,,,,,,,,,,,,,,,,,,,,,,,,,,,,,,,,,,,,,,,,,,,,,,,,,,,,,,,,,"PRG11 (1ère colonne)
PRG12 (1ère colonne)
CHG11 (1ère colonne)
CHG12 +CHG2+CHG6 (1° colonne)","43 390 237
45 690 673
‐ 2 300 435
‐ 23 057 597
‐ 19 700 471
‐ 3 357 126",,,,,,,,,,,,,,,
TAKAFULIA,42,1,,,,Solde de souscription,,,,,,,,,,,,,,,,,,,,,,,,,,,,,,,,,,,,,,,,,,,,,,,,,,,,,,,,,,,,,,,,,,,,,,,,,,,,,,,,,,,,,,,,,,,,,,,,,,,,,,,,,,,,,,,,,,,,,20 332 641,,,,,,,,,,,,,,,
TAKAFULIA,42,1,,,,"Frais d’acquisition
Autres charges de gestion nettes",,,,,,,,,,,,,,,,,,,,,,,,,,,,,,,,,,,,,,,,,,,,,,,,,,,,,,,,,,,,,,,,,,,,,,,,,,,,,,,,,,,,,,,,,,,,,,,,,,,,,,,,,,,,,,,,,,,,"CHG31 + CHG 32
CHG33 + CHG5 – PRG3","‐ 7 619 966
‐ 6 404 345",,,,,,,,,,,,,,,
TAKAFULIA,42,1,,,,Charges d’acquisition et de gestion nettes,,,,,,,,,,,,,,,,,,,,,,,,,,,,,,,,,,,,,,,,,,,,,,,,,,,,,,,,,,,,,,,,,,,,,,,,,,,,,,,,,,,,,,,,,,,,,,,,,,,,,,,,,,,,,,,,,,,,,‐ 14 024 310,,,,,,,,,,,,,,,
TAKAFULIA,42,1,,,,Produits nets de placements,,,,,,,,,,,,,,,,,,,,,,,,,,,,,,,,,,,,,,,,,,,,,,,,,,,,,,,,,,,,,,,,,,,,,,,,,,,,,,,,,,,,,,,,,,,,,,,,,,,,,,,,,,,,,,,,,,,,PRG2 – CHG4,2 867 594,,,,,,,,,,,,,,,
TAKAFULIA,42,1,,,,Solde financier,,,,,,,,,,,,,,,,,,,,,,,,,,,,,,,,,,,,,,,,,,,,,,,,,,,,,,,,,,,,,,,,,,,,,,,,,,,,,,,,,,,,,,,,,,,,,,,,,,,,,,,,,,,,,,,,,,,,,2 867 594,,,,,,,,,,,,,,,
TAKAFULIA,42,1,,,,"Part des réassureurs rétakaful et / ou des rétrocessionnaires dans
les primes acquises
Part des réassureurs rétakaful et / ou des rétrocessionnaires dans
les prestations payées
Part des réassureurs rétakaful et / ou des rétrocessionnaires dans
les charges de provisions pour prestations
Commissions reçues des réassureurs rétakaful et / ou des
rétrocessionnaires
Variation du montant des frais d'acquisition reportés des
réassureur",,,,,,,,,,,,,,,,,,,,,,,,,,,,,,,,,,,,,,,,,,,,,,,,,,,,,,,,,,,,,,,,,,,,,,,,,,,,,,,,,,,,,,,,,,,,,,,,,,,,,,,,,,,,,,,,,,,,"PRG1 (2ème colonne)
CHG11 (2ème colonne)
CHG12 (2ème colonne)
CHG34
CHG32","‐ 5 734 093
524 455
428 223
1 898 721
‐ 230 386",,,,,,,,,,,,,,,
TAKAFULIA,42,1,,,,Solde de réassurance et / ou de rétrocession,,,,,,,,,,,,,,,,,,,,,,,,,,,,,,,,,,,,,,,,,,,,,,,,,,,,,,,,,,,,,,,,,,,,,,,,,,,,,,,,,,,,,,,,,,,,,,,,,,,,,,,,,,,,,,,,,,,,,‐ 3 113 081,,,,,,,,,,,,,,,
TAKAFULIA,48,1,,,,,,,,,,,,,,,,,,,,,,,,,,,,,,,,,,,,,,,,,,,,,,,,,,,,,,,,,,,,,,,,,,,,,,,,,,,,,,,,,,,,,,,,,,,,,,,,,,,,,,,,,,,,,,,,,,,,,,,,,,"Contrat ISTITHMAR WIFAK BANK (7,99%)
01/2025
Contrat WADIAA ISTITHMAR WIFAK BANK
(9,700%) 02/2025
Contrat ISTITHMAR WIFAK BANK (7,99%)
03/2025","NON VIE
VIE
Actionnaire","03/01/2025
10/01/2025
21/01/2025","05/01/2026
09/01/2030
21/01/2026","196 600
6 001 795
4 000 000","15 579
566 224
301 212",,,,,,,,,
TAKAFULIA,50,1,,,,,,,,,,,,,,,,,,,,,,,,,,,,,,,,,,,,,,,,,,,,,,,,,,,,,,,,,,,,,,,,,,,,,,,,,,,,,,,,,,,,,,,,,,,,,,,,,,,,,,,,,,,,,,,,,,,,,,,,,,,,,,,,Actionnaire,1 500 000,3 090,,,,,,
TAKAFULIA,50,1,,,,,,,,,,,,,,,,,,,,,,,,,,,,,,,,,,,,,,,,,,,,,,,,,,,,,,,,,,,,,,,,,,,,,,,,,,,,,,,,,,,,,,,,,,,,,,,,,,,,,,,,,,,,,,,,,,,,,,,,,,,,,,,,Adhérents Vie,15 000 000,28 973,,,,,,
TAKAFULIA,50,1,,,,,,,,,,,,,,,,,,,,,,,,,,,,,,,,,,,,,,,,,,,,,,,,,,,,,,,,,,,,,,,,,,,,,,,,,,,,,,,,,,,,,,,,,,,,,,,,,,,,,,,,,,,,,,,,,,,,,,,,,,,,,,,,Adhérents Non-vie,9 500 000,10 430,,,,,,
TAKAFULIA,50,2,,,,,,,,,,,,,,,,,,,,,,,,,,,,,,,,,,,,,,,,,,,,,,,,,,,,,,,,,,,,,,,,,,,,,,,,,,,,,,,,,,,,,,,,,,,,,,,,,,,,,,,,,,,,,,,,,,,,,,,,,,,,,,,,Actionnaire,1 600 000,3 090,,,,,,
TAKAFULIA,50,2,,,,,,,,,,,,,,,,,,,,,,,,,,,,,,,,,,,,,,,,,,,,,,,,,,,,,,,,,,,,,,,,,,,,,,,,,,,,,,,,,,,,,,,,,,,,,,,,,,,,,,,,,,,,,,,,,,,,,,,,,,,,,,,,Adhérents Vie,15 000 000,28 973,,,,,,
TAKAFULIA,50,2,,,,,,,,,,,,,,,,,,,,,,,,,,,,,,,,,,,,,,,,,,,,,,,,,,,,,,,,,,,,,,,,,,,,,,,,,,,,,,,,,,,,,,,,,,,,,,,,,,,,,,,,,,,,,,,,,,,,,,,,,,,,,,,,Adhérents Non-vie,5 400 000,10 430,,,,,,
TAKAFULIA,50,3,,,,,,,,,,,,,,,,,,,,,,,,,,,,,,,,,,,,,,,,,,,,,,,,,,,,,,,,,,,,,,,,,,,,,,,,,,,,,,,,,,,,,,,,,,,,,,,,,,,,,,,,,,,,,,,,,,,,,,,,,,,,,,,,,980 000,54 128,Actionnaires,,,,,
TAKAFULIA,52,1,,,,,,,,,,,,,,,,,,,,,,,,,,,,,,,,,,,,,,,,,,,,,,,,,,,,,,,,,,,,,,,,,,,,,,,,,,,,,,,,,,,,,,,,,,,,,,,,,,,,,,,,,,,,,,,,,,,,,,,,,,,,,,,,,990 000,13 822,,Actionnaires,,,,
TAKAFULIA,52,1,,,,,,,,,,,,,,,,,,,,,,,,,,,,,,,,,,,,,,,,,,,,,,,,,,,,,,,,,,,,,,,,,,,,,,,,,,,,,,,,,,,,,,,,,,,,,,,,,,,,,,,,,,,,,,,,,,,,,,,,,,,,,,,,,1 770 000,67 156,,Actionnaires,,,,
TAKAFULIA,52,2,,,,,,,,,,,,,,,,,,,,,,,,,,,,,,,,,,,,,,,,,,,,,,,,,,,,,,,,,,,,,,,,,,,,,,,,,,,,,,,,,,,,,,,,,,,,,,,,,,,,,,,,,,,,,,,,,,,,,,,,,,"Contrat Istithmar WIFAK BANK (7,99%)
1/2024
Contrat Istithmar WIFAK BANK (7,99%)
2/2024
Contrat Istithmar WIFAK BANK (8,99%)
3/2024
Contrat ISTITHMAR WIFAK BANK (8,98%)
30/2024","Actionnaire
NON VIE
VIE
VIE","25/01/2024
25/01/2024
25/01/2024
09/08/2024","27/01/2025
27/01/2025
27/01/2025
10/02/2025","500 000
500 000
2 000 000
700 000","2 846
2 846
12 808
6 889",,,,,,,,,
TAKAFULIA,54,1,,,,,,,,,,,,,,,,,,,,,,,,,,,,,,,,,,,,,,,,,,,,,,,,,,,,,,,,,,,,,,,,,,,,,,,,,,,,,,,,,,,,,,,,,,,,,,,,,,,,,,,,,,,,,,,,,,,,,,,,,,,,,,,,,4 000 000,197 479,Adhérents Vie,,,,,
TAKAFULIA,54,2,,,,,,,,,,,,,,,,,,,,,,,,,,,,,,,,,,,,,,,,,,,,,,,,,,,,,,,,,,,,,,,,,,,,,,,,,,,,,,,,,,,,,,,,,,,,,,,,,,,,,,,,,,,,,,,,,,,,,,,,,,,,,,,,Adhérents Vie,,46 421,,,600 000,,,
TAKAFULIA,54,3,,,,,,,,,,,,,,,,,,,,,,,,,,,,,,,,,,,,,,,,,,,,,,,,,,,,,,,,,,,,,,,,,,,,,,,,,,,,,,,,,,,,,,,,,,,,,,,,,,,,,,,,,,,,,,,,,,,,,,,,,,,,,,,,Adhérents Non-vie,,33 740,,,240 000,,,
TAKAFULIA,54,3,,,,,,,,,,,,,,,,,,,,,,,,,,,,,,,,,,,,,,,,,,,,,,,,,,,,,,,,,,,,,,,,,,,,,,,,,,,,,,,,,,,,,,,,,,,,,,,,,,,,,,,,,,,,,,,,,,,,,,,,,,,,,,,,Adhérents Vie,,8 435,,,60 000,,,
TAKAFULIA,55,1,,,,,,,,,,,,,,,,,,,,,,,,,,,,,,,,,,,,,,,,,,,,,,,,,,,,,,,,,,,,,,,,,,,,,,,,,,,,,,,,,,,,,,,,,,,,,,,,,,,,,,,,,,,,,,,,,,,,,,,,,,,,,,,,Actionnaires,,262 070,,,2 142 800,,,
TAKAFULIA,55,2,,,,,,,,,,,,,,,,,,,,,,,,,,,,,,,,,,,,,,,,,,,,,,,,,,,,,,,,,,,,,,,,,,,,,,,,,,,,,,,,,,,,,,,,,,,,,,,,,,,,,,,,,,,,,,,,,,,,,,,,,,,,,,,,,7 000 000,735 000,Actionnaire,,,,,
TAKAFULIA,55,2,,,,,,,,,,,,,,,,,,,,,,,,,,,,,,,,,,,,,,,,,,,,,,,,,,,,,,,,,,,,,,,,,,,,,,,,,,,,,,,,,,,,,,,,,,,,,,,,,,,,,,,,,,,,,,,,,,,,,,,,,,,,,,,,,4 200 000,441 000,Adhérents Vie,,,,,
TAKAFULIA,55,2,,,,,,,,,,,,,,,,,,,,,,,,,,,,,,,,,,,,,,,,,,,,,,,,,,,,,,,,,,,,,,,,,,,,,,,,,,,,,,,,,,,,,,,,,,,,,,,,,,,,,,,,,,,,,,,,,,,,,,,,,,,,,,,,,15 480 000,1 625 400,Adhérents Non-vie,,,,,
TAKAFULIA,57,1,,,,,"Passif au
31/12/2025","Passif au
31/12/2025","Passif au
31/12/2025",,,,,,,,,,,,,,,,,,,,,,,,,,,,,,,,,,,,,,,,,,,,,,,,,,,,,,,,,,,,,,,,,,,,,,,,,,,,,,,,,,,,,,,,,,,,,,,,,,,,,,,,,,,,,,,,,,,,,,,,,,,,,,,"Charge de
l'exercice","Charge de
l'exercice","Charge de
l'exercice"
TAKAFULIA,57,1,,,,"Rémunération à
court terme",576 825,111 820,302 500,,,,,,,,,,,,,,,,,,,,,,,,,,,,,,,,,,,,,,,,,,,,,,,,,,,,,,,,,,,,,,,,,,,,,,,,,,,,,,,,,,,,,,,,,,,,,,,,,,,,,,,,,,,,,,,,,,,,,,,,,,,,,,,961 989,454 930,302 500
TAKAFULIA,57,1,,,,Total,576 825,111 820,302 500,,,,,,,,,,,,,,,,,,,,,,,,,,,,,,,,,,,,,,,,,,,,,,,,,,,,,,,,,,,,,,,,,,,,,,,,,,,,,,,,,,,,,,,,,,,,,,,,,,,,,,,,,,,,,,,,,,,,,,,,,,,,,,,961 989,454 930,302 500
