societe,page,table_num,col,ELÉMENTS (EN TND),31/12/2025,31/12/2024,VARIATIONS,col_2,col_3,%,CA PAR TYPE DE RESEAU (EN TND),Variations,ELEMENTS (EN TND),col_4,2025,2024,EVOLUTION,col_5,LIBELLE,col_6,col_7,col_8,Variation,col_9,col_10,col_11,col_12,Éléments (en TND),Age moyen,37,35,Nombre,Montants en,Part,TOTAL,TOTAL_2,Évolution,RUBRIQUE,Note,Exercice 2025,Exercice 2024,Notes,"Opérations brutes
2025","Cessions et / ou
rétrocessions 2025","Opération nettes
2025","Opération nettes
2024","Cessions et / ou
rétrocessions
2025"
TAKAFULIA,1,1,RAPPORT,,,,,,,,,,,,,,,,,,,,,,,,,,,,,,,,,,,,,,,,,,,,
TAKAFULIA,1,1,ANNUEL 2025,,,,,,,,,,,,,,,,,,,,,,,,,,,,,,,,,,,,,,,,,,,,
TAKAFULIA,5,1,,Automobile,35 407 147,30 624 905,4 782 242,,,16%,,,,,,,,,,,,,,,,,,,,,,,,,,,,,,,,,,,,,
TAKAFULIA,5,1,,Transport,1 370 566,1 614 870,-244 304,,,-15%,,,,,,,,,,,,,,,,,,,,,,,,,,,,,,,,,,,,,
TAKAFULIA,5,1,,Incendie,2 128 397,1 950 573,177 824,,,9%,,,,,,,,,,,,,,,,,,,,,,,,,,,,,,,,,,,,,
TAKAFULIA,5,1,,Risques Divers & Spéciaux,2 055 764,1 890 338,165 426,,,9%,,,,,,,,,,,,,,,,,,,,,,,,,,,,,,,,,,,,,
TAKAFULIA,5,1,,Santé,4 576 468,4 154 729,421 739,,,10%,,,,,,,,,,,,,,,,,,,,,,,,,,,,,,,,,,,,,
TAKAFULIA,5,1,,Acceptations,114 717,139 650,-24 933,,,-18%,,,,,,,,,,,,,,,,,,,,,,,,,,,,,,,,,,,,,
TAKAFULIA,5,1,,Total primes émises (GENERAL),45 653 060,40 375 066,5 277 994,,,13%,,,,,,,,,,,,,,,,,,,,,,,,,,,,,,,,,,,,,
TAKAFULIA,5,1,,Total primes émises (FAMILIAL),29 384 773,28 724 577,660 196,,,2%,,,,,,,,,,,,,,,,,,,,,,,,,,,,,,,,,,,,,
TAKAFULIA,5,1,,Total général,75 037 833,69 099 643,5 938 190,,,9%,,,,,,,,,,,,,,,,,,,,,,,,,,,,,,,,,,,,,
TAKAFULIA,6,1,,,26 924 765,27 122 342,,,,-1%,Siège & Bureaux directs,-197 577,,,,,,,,,,,,,,,,,,,,,,,,,,,,,,,,,,,
TAKAFULIA,6,1,,,31 864 291,29 184 296,,,,9%,Agents généraux & CC,2 679 995,,,,,,,,,,,,,,,,,,,,,,,,,,,,,,,,,,,
TAKAFULIA,6,1,,,2 609 393,2 717 700,,,,-4%,Courtiers,-108 307,,,,,,,,,,,,,,,,,,,,,,,,,,,,,,,,,,,
TAKAFULIA,6,1,,,13 639 383,10 075 305,,,,35%,Bancatakaful & Conventions WB,3 564 078,,,,,,,,,,,,,,,,,,,,,,,,,,,,,,,,,,,
TAKAFULIA,6,1,,,75 037 833,69 099 643,,,,9%,Total,5 938 190,,,,,,,,,,,,,,,,,,,,,,,,,,,,,,,,,,,
TAKAFULIA,6,2,,,15 582 694,12 112 216,,,,29%,,3 470 478,Automobile,,,,,,,,,,,,,,,,,,,,,,,,,,,,,,,,,,
TAKAFULIA,6,2,,,342 670,211 036,,,,62%,,131 634,Transport,,,,,,,,,,,,,,,,,,,,,,,,,,,,,,,,,,
TAKAFULIA,6,2,,,36 903,247 257,,,,-85%,,-210 354,Incendie,,,,,,,,,,,,,,,,,,,,,,,,,,,,,,,,,,
TAKAFULIA,6,2,,,67 723,163 898,,,,-59%,,-96 175,Risques Divers & Spéciaux,,,,,,,,,,,,,,,,,,,,,,,,,,,,,,,,,,
TAKAFULIA,6,2,,,2 719 527,2 904 421,,,,-6%,,-184 894,Santé,,,,,,,,,,,,,,,,,,,,,,,,,,,,,,,,,,
TAKAFULIA,6,2,,,26 078,5 640,,,,362%,,20 438,Acceptation,,,,,,,,,,,,,,,,,,,,,,,,,,,,,,,,,,
TAKAFULIA,6,2,,,18 775 596,15 644 469,,,,20%,,3 131 127,Total sinistres réglés (GENERAL),,,,,,,,,,,,,,,,,,,,,,,,,,,,,,,,,,
TAKAFULIA,6,2,,,3 590 944,1 452 186,,,,147%,,2 138 758,Total sinistres réglés (FAMILIAL),,,,,,,,,,,,,,,,,,,,,,,,,,,,,,,,,,
TAKAFULIA,6,2,,,22 366 540,17 096 655,,,,31%,,5 269 885,Total général,,,,,,,,,,,,,,,,,,,,,,,,,,,,,,,,,,
TAKAFULIA,6,3,,Charges de sinistres (S),,,979 114,,,,,,,,52 486 956,51 507 842,2%,,,,,,,,,,,,,,,,,,,,,,,,,,,,,,
TAKAFULIA,6,3,,Primes acquises (P),,,4 660 211,,,,,,,,72 705 495,68 045 284,7%,,,,,,,,,,,,,,,,,,,,,,,,,,,,,,
TAKAFULIA,6,3,,Frais de gestion (FG),,,256 127,,,,,,,,13 080 414,12 824 287,2%,,,,,,,,,,,,,,,,,,,,,,,,,,,,,,
TAKAFULIA,6,3,,Rapport FG/PA,,,,,,,,,,,18%,19%,-1%,,,,,,,,,,,,,,,,,,,,,,,,,,,,,,
TAKAFULIA,6,3,,Rapport S/P (hors FG),,,,,,,,,,,72%,76%,-4%,,,,,,,,,,,,,,,,,,,,,,,,,,,,,,
TAKAFULIA,6,3,,Ratio combiné,,,,,,,,,,,90%,95%,-5%,,,,,,,,,,,,,,,,,,,,,,,,,,,,,,
TAKAFULIA,7,1,,Charges de sinistres (S),,,388 238,,,,,,,,18 623 622,18 235 384,2%,,,,,,,,,,,,,,,,,,,,,,,,,,,,,,
TAKAFULIA,7,1,,Primes acquises (P),,,4 078 297,,,,,,,,33 011 349,28 933 052,14%,,,,,,,,,,,,,,,,,,,,,,,,,,,,,,
TAKAFULIA,7,1,,Frais de gestion (FG),,,2 757 162,,,,,,,,11 078 958,8 321 796,33%,,,,,,,,,,,,,,,,,,,,,,,,,,,,,,
TAKAFULIA,7,1,,Rapport FG/PA,,,,,,,,,,,34%,29%,5%,,,,,,,,,,,,,,,,,,,,,,,,,,,,,,
TAKAFULIA,7,1,,Rapport S/P (hors FG),,,,,,,,,,,56%,63%,-7%,,,,,,,,,,,,,,,,,,,,,,,,,,,,,,
TAKAFULIA,7,1,,Ratio combiné,,,,,,,,,,,90%,92%,-2%,,,,,,,,,,,,,,,,,,,,,,,,,,,,,,
TAKAFULIA,7,2,,Provisions pour primes non acquises,19 136 028,16 835 592,2 300 436,,,14%,,,,,,,,,,,,,,,,,,,,,,,,,,,,,,,,,,,,,
TAKAFULIA,7,2,,Provision pour sinistres à payer (GENERAL),51 074 245,47 689 268,3 384 977,,,7%,,,,,,,,,,,,,,,,,,,,,,,,,,,,,,,,,,,,,
TAKAFULIA,7,2,,Autres provisions techniques (GENERAL),172 913,163 407,9 506,,,6%,,,,,,,,,,,,,,,,,,,,,,,,,,,,,,,,,,,,,
TAKAFULIA,7,2,,Provisions pour PB et ristournes (GENERAL),550 409,538 160,12 249,,,2%,,,,,,,,,,,,,,,,,,,,,,,,,,,,,,,,,,,,,
TAKAFULIA,7,2,,Provisions pour risques en cours,0,88,-88,,,-100%,,,,,,,,,,,,,,,,,,,,,,,,,,,,,,,,,,,,,
TAKAFULIA,7,2,,PSAP Acceptations,416 708,466 226,-49 518,,,-11%,,,,,,,,,,,,,,,,,,,,,,,,,,,,,,,,,,,,,
TAKAFULIA,7,2,,Total provisions techniques (GENERAL),71 350 302,65 692 741,5 657 561,,,9%,,,,,,,,,,,,,,,,,,,,,,,,,,,,,,,,,,,,,
TAKAFULIA,7,2,,Provisions pour égalisation et équilibrage,24 597,24 133,464,,,2%,,,,,,,,,,,,,,,,,,,,,,,,,,,,,,,,,,,,,
TAKAFULIA,7,2,,Provisions Mathématiques (FAMILIAL),84 552 311,58 685 994,25 866 317,,,44%,,,,,,,,,,,,,,,,,,,,,,,,,,,,,,,,,,,,,
TAKAFULIA,7,2,,Provisions pour PB et ristournes (FAMILIAL),2 827,4 204,-1 377,,,-33%,,,,,,,,,,,,,,,,,,,,,,,,,,,,,,,,,,,,,
TAKAFULIA,7,2,,Provision pour sinistres à payer (FAMILIAL),788 982,878 680,-89 698,,,-10%,,,,,,,,,,,,,,,,,,,,,,,,,,,,,,,,,,,,,
TAKAFULIA,7,2,,Total provisions techniques (FAMILIAL),85 368 715,59 593 010,25 775 705,,,43%,,,,,,,,,,,,,,,,,,,,,,,,,,,,,,,,,,,,,
TAKAFULIA,7,2,,Total Général,156 719 017,125 285 751,31 433 266,,,25%,,,,,,,,,,,,,,,,,,,,,,,,,,,,,,,,,,,,,
TAKAFULIA,8,1,,Primes cédées,,,-255 224,,,-4%,,,,,6 209 107,6 464 331,,,,,,,,,,,,,,,,,,,,,,,,,,,,,,,
TAKAFULIA,8,1,,Provisions Constituées,,,-253 223,,,12%,,,,,-2 386 049,-2 132 826,,,,,,,,,,,,,,,,,,,,,,,,,,,,,,,
TAKAFULIA,8,1,,Provisions Libérées,,,82 211,,,4%,,,,,2 132 826,2 050 615,,,,,,,,,,,,,,,,,,,,,,,,,,,,,,,
TAKAFULIA,8,1,,Sinistres Réglés,,,32 796,,,-5%,,,,,-660 985,-693 781,,,,,,,,,,,,,,,,,,,,,,,,,,,,,,,
TAKAFULIA,8,1,,SAP Constituées,,,-361 810,,,6%,,,,,-6 144 764,-5 782 954,,,,,,,,,,,,,,,,,,,,,,,,,,,,,,,
TAKAFULIA,8,1,,SAP Libérées,,,615 274,,,12%,,,,,5 782 954,5 167 680,,,,,,,,,,,,,,,,,,,,,,,,,,,,,,,
TAKAFULIA,8,1,,Commissions,,,-349 518,,,21%,,,,,-2 050 377,-1 700 859,,,,,,,,,,,,,,,,,,,,,,,,,,,,,,,
TAKAFULIA,8,1,,Intérêts sur dépôt,,,19 076,,,16%,,,,,134 999,115 923,,,,,,,,,,,,,,,,,,,,,,,,,,,,,,,
TAKAFULIA,8,1,230 386,,,,,46 702,183 684,393%,,,,,,,,,,,,,,,,,,,,,,,,,,,,,,,,,,,,,
TAKAFULIA,8,1,,Variation des frais d'acquisition reportés des réassureurs,,,,,,,,,,,,,,,,,,,,,,,,,,,,,,,,,,,,,,,,,,,
TAKAFULIA,8,1,,,,,,,,,,,,,,,,,,,,,,,,,,,,,,,,,,,,,,,,,,,,,
TAKAFULIA,8,1,,Solde de réassurance,,,-286 735,,,-8%,,,,,3 248 097,3 534 832,,,,,,,,,,,,,,,,,,,,,,,,,,,,,,,
TAKAFULIA,8,2,,,11 285 622,7 554 330,,,,,,,,,,,,,Commission Wakala,,,,,,,,,,,,,,,,,,,,,,,,,,,,
TAKAFULIA,8,2,,,1 326 657,787 716,,,,,,,,,,,,,Commission Moudharaba,,,,,,,,,,,,,,,,,,,,,,,,,,,,
TAKAFULIA,8,2,,,1 889 438,2 049 605,,,,,,,,,,,,,Revenus des placements,,,,,,,,,,,,,,,,,,,,,,,,,,,,
TAKAFULIA,8,2,,,,1 721 487,,,,,,,,,,,,,Reprise de corrections de valeur sur placements,,,,,,,,,,,,,,,,,,,,,,,,,,,,
TAKAFULIA,8,2,,,,,,-,,,,,,,,,,,Profits provenant de la réalisation des placements,,,,,,,,,,,,,,,,,,,,,,,,,,,,
TAKAFULIA,8,2,,,,-,,,,,,,,,,,,,Pertes provenant de la réalisation des placements,,,,,,,,,,,,,,,,,,,,,,,,,,,,
TAKAFULIA,8,2,,,-23 909,-1 361 388,,,,,,,,,,,,,Charges de gestion des placements.,,,,,,,,,,,,,,,,,,,,,,,,,,,,
TAKAFULIA,8,2,,,-11 453 971,-9 644 356,,,,,,,,,,,,,Charges générales d'exploitation,,,,,,,,,,,,,,,,,,,,,,,,,,,,
TAKAFULIA,8,2,,,,-,,,,,,,,,,,,,Correction de valeur sur placements,,,,,,,,,,,,,,,,,,,,,,,,,,,,
TAKAFULIA,8,2,,,,-,,,,,,,,,,,,,Autres produits d'exploitation,,,,,,,,,,,,,,,,,,,,,,,,,,,,
TAKAFULIA,8,2,,,-1 514 138,-85 244,,,,,,,,,,,,,Impôt sur le résultat,,,,,,,,,,,,,,,,,,,,,,,,,,,,
TAKAFULIA,8,2,,,86 544,-,,,,,,,,,,,,,Gains extraordinaires,,,,,,,,,,,,,,,,,,,,,,,,,,,,
TAKAFULIA,8,2,,,,-,,,,,,,,,,,,,Pertes extraordinaires,,,,,,,,,,,,,,,,,,,,,,,,,,,,
TAKAFULIA,8,2,,,1 596 242,1 022 149,,,,,,,,,,,,,Résultat net des actionnaires,,,,,,,,,,,,,,,,,,,,,,,,,,,,
TAKAFULIA,9,1,,,72 705 495,68 045 284,,,,,,,,,,,,,Primes acquises,,,,,,,,,,,,,,,,,,,,,,,,,,,,
TAKAFULIA,9,1,,,10 099 622,6 503 774,,,,,,,,,,,,,Produit de placement,,,,,,,,,,,,,,,,,,,,,,,,,,,,
TAKAFULIA,9,1,,,,,,,,,,,,,,,,,Profits provenant de la réalisation des placements et de change,,,,,,,,,,,,,,,,,,,,,,,,,,,,
TAKAFULIA,9,1,,,9 302,-3 348,,,,,,,,,,,,,Autres produits techniques,,,,,,,,,,,,,,,,,,,,,,,,,,,,
TAKAFULIA,9,1,,,-23 291 415,-15 995 282,,,,,,,,,,,,,Charges de sinistres,,,,,,,,,,,,,,,,,,,,,,,,,,,,
TAKAFULIA,9,1,,,-3 308 471,-8 113 649,,,,,,,,,,,,,Variation de la provision pour sinistres,,,,,,,,,,,,,,,,,,,,,,,,,,,,
TAKAFULIA,9,1,,,-25 887 070,-27 398 911,,,,,,,,,,,,,Variation des autres provisions techniques,,,,,,,,,,,,,,,,,,,,,,,,,,,,
TAKAFULIA,9,1,,,-9 321 084,-7 442 749,,,,,,,,,,,,,Frais d'acquisition,,,,,,,,,,,,,,,,,,,,,,,,,,,,
TAKAFULIA,9,1,,,596 980,94 572,,,,,,,,,,,,,Variation du montant des frais d'acquisition reportés,,,,,,,,,,,,,,,,,,,,,,,,,,,,
TAKAFULIA,9,1,,,-3 449 565,-2 054 765,,,,,,,,,,,,,Frais d'administration,,,,,,,,,,,,,,,,,,,,,,,,,,,,
TAKAFULIA,9,1,,,-3 127 919,-2 480 614,,,,,,,,,,,,,Autres charges techniques,,,,,,,,,,,,,,,,,,,,,,,,,,,,
TAKAFULIA,9,1,,,-1 578 722,-937 382,,,,,,,,,,,,,Commissions Moudharaba,,,,,,,,,,,,,,,,,,,,,,,,,,,,
TAKAFULIA,9,1,,,,,,,,,,,,,,,,,Pertes provenant de la réalisation des placements,,,,,,,,,,,,,,,,,,,,,,,,,,,,
TAKAFULIA,9,1,,,-579 047,-220 689,,,,,,,,,,,,,Autres charges de gestion de placements,,,,,,,,,,,,,,,,,,,,,,,,,,,,
TAKAFULIA,9,1,,,-3 248 097,-3 534 831,,,,,,,,,,,,,Solde de réassurance,,,,,,,,,,,,,,,,,,,,,,,,,,,,
TAKAFULIA,9,1,,,-3 726 804,-3 460 450,,,,,,,,,,,,,Impôt sur le résultat,,,,,,,,,,,,,,,,,,,,,,,,,,,,
TAKAFULIA,9,1,,,5 893 204,3 000 958,,,,,,,,,,,,,Résultat net des adhérents,,,,,,,,,,,,,,,,,,,,,,,,,,,,
TAKAFULIA,9,1,,,-3 008 869,,,,,,,,,,,,,,Effet des modifications comptables (nets d'impôt),,,,,,,,,,,,,,,,,,,,,,,,,,,,
TAKAFULIA,9,1,,,2 884 335,3 000 958,,,,,,,,,,,,,Résultat net des adhérents après modifications comptables,,,,,,,,,,,,,,,,,,,,,,,,,,,,
TAKAFULIA,9,2,,,1 596 242,1 022 149,,,,,,,,,,,,,Résultat des actionnaires,,,,,,,,,,,,,,,,,,,,,,,,,,,,
TAKAFULIA,9,2,,,2 884 335,3 000 958,,,,,,,,,,,,,Résultat des Adhérents (FAMILIAL-GENERAL),,,,,,,,,,,,,,,,,,,,,,,,,,,,
TAKAFULIA,9,2,,,4 480 577,4 023 107,,,,,,,,,,,,,Résultat net de l'exercices,,,,,,,,,,,,,,,,,,,,,,,,,,,,
TAKAFULIA,10,1,,,,,,,,,,,,,,,,,,,,,,,,,,,,,,,,,,,,,,,,,,,,,
TAKAFULIA,10,1,,,,"Actionnaires
31/12/2024",,Actionnaires,,,,,,Adhérents,,,,Total,,,Adhérents,Total,Montants,%,,,,,,,,,,,,,,,,,,,,,,,
TAKAFULIA,10,1,ELÉMENTS (EN TND),,,,,,,,,,,,,,,,,,,,,,,,,,,,,,,,,,,,,,,,,,,,
TAKAFULIA,10,1,,,,,,31/12/2025,,,,,,31/12/2025,,,,,,,31/12/2024,,,,,,,,,,,,,,,,,,,,,,,,,,
TAKAFULIA,10,1,,,,,,,,,,,,,,,,,,,,,,,,,,,,,,,,,,,,,,,,,,,,,
TAKAFULIA,10,1,,,8 220 000,6 000 000,,,,,,,,,,,,8 220 000,,,,6 000 000,2 220 000,37%,,,,,,,,,,,,,,,,,,,,,,,
TAKAFULIA,10,1,Immeuble d'exploitation,,,,,,,,,,,,,,,,,,,,,,,,,,,,,,,,,,,,,,,,,,,,
TAKAFULIA,10,1,,,,,,,,,,,,,,,,,,,,,,,,,,,,,,,,,,,,,,,,,,,,,
TAKAFULIA,10,1,,,1 595 000,1 595 000,,,,,,,,,,,,1 595 000,,,,1 595 000,0,0%,,,,,,,,,,,,,,,,,,,,,,,
TAKAFULIA,10,1,Actions non-cotées,,,,,,,,,,,,,,,,,,,,,,,,,,,,,,,,,,,,,,,,,,,,
TAKAFULIA,10,1,,,,,,,,,,,,,,,,,,,,,,,,,,,,,,,,,,,,,,,,,,,,,
TAKAFULIA,10,1,,,341 481,341 481,,,3 246 854,,,,,,,,,3 588 335,,3 246 854,,3 588 335,0,0%,,,,,,,,,,,,,,,,,,,,,,,
TAKAFULIA,10,1,Immeuble de placement,,,,,,,,,,,,,,,,,,,,,,,,,,,,,,,,,,,,,,,,,,,,
TAKAFULIA,10,1,,,,,,,,,,,,,,,,,,,,,,,,,,,,,,,,,,,,,,,,,,,,,
TAKAFULIA,10,1,,,10 156 481,7 936 481,,,3 246 854,,,,,,,,,13 403 335,,3 246 854,,11 183 335,2 220 000,20%,,,,,,,,,,,,,,,,,,,,,,,
TAKAFULIA,10,1,Total Placements,,,,,,,,,,,,,,,,,,,,,,,,,,,,,,,,,,,,,,,,,,,,
TAKAFULIA,10,1,stratégiques,,,,,,,,,,,,,,,,,,,,,,,,,,,,,,,,,,,,,,,,,,,,
TAKAFULIA,10,1,,,,,,,,,,,,,,,,,,,,,,,,,,,,,,,,,,,,,,,,,,,,,
TAKAFULIA,10,1,,,4 500 000,9 830 000,,,58 395 016,,,,,,,,,62 895 016,,58 952 271,,68 782 271,-5 887 255,-9%,,,,,,,,,,,,,,,,,,,,,,,
TAKAFULIA,10,1,Istithmar-Moudharba,,,,,,,,,,,,,,,,,,,,,,,,,,,,,,,,,,,,,,,,,,,,
TAKAFULIA,10,1,,,,,,,,,,,,,,,,,,,,,,,,,,,,,,,,,,,,,,,,,,,,,
TAKAFULIA,10,1,,,,,,,600 000,,,,,,,,,600 000,,5 600 000,,5 600 000,-5 000 000,-89%,,,,,,,,,,,,,,,,,,,,,,,
TAKAFULIA,10,1,Titres Participatifs,,,,,,,,,,,,,,,,,,,,,,,,,,,,,,,,,,,,,,,,,,,,
TAKAFULIA,10,1,,,,,,,,,,,,,,,,,,,,,,,,,,,,,,,,,,,,,,,,,,,,,
TAKAFULIA,10,1,Emprunts obligataires,,12 242 800,9 857 100,,,68 680 000,,,,,,,,,80 922 800,,24 880 000,,34 737 100,46 185 700,133%,,,,,,,,,,,,,,,,,,,,,,,
TAKAFULIA,10,1,islamiques,,,,,,,,,,,,,,,,,,,,,,,,,,,,,,,,,,,,,,,,,,,,
TAKAFULIA,10,1,,,3 740 000,2 760 000,,,,,,,,,,,,3 740 000,,,,2 760 000,980 000,36%,,,,,,,,,,,,,,,,,,,,,,,
TAKAFULIA,10,1,Autres Placements,,,,,,,,,,,,,,,,,,,,,,,,,,,,,,,,,,,,,,,,,,,,
TAKAFULIA,10,1,,,,,,,,,,,,,,,,,,,,,,,,,,,,,,,,,,,,,,,,,,,,,
TAKAFULIA,10,1,Total Placements Non-,,20 482 800,22 447 100,,,127 675 016,,,,,,,,,148 157 816,,89 432 271,,111 879 371,36 278 445,32%,,,,,,,,,,,,,,,,,,,,,,,
TAKAFULIA,10,1,stratégiques,,,,,,,,,,,,,,,,,,,,,,,,,,,,,,,,,,,,,,,,,,,,
TAKAFULIA,10,1,,,30 639 281,30 383 581,,,130 921 870,,,,,,,,,161 561 151,,92 679 125,,123 062 706,38 498 445,31%,,,,,,,,,,,,,,,,,,,,,,,
TAKAFULIA,10,1,Total des placements,,,,,,,,,,,,,,,,,,,,,,,,,,,,,,,,,,,,,,,,,,,,
TAKAFULIA,10,1,,,,,,,,,,,,,,,,,,,,,,,,,,,,,,,,,,,,,,,,,,,,,
TAKAFULIA,10,2,,,Actionnaires,"Actionnaires
31/12/2024",Montants,,,,,,,Adhérents,,,,Total,,,,Adhérents,,Total,,%,,,,,,,,,,,,,,,,,,,,,
TAKAFULIA,10,2,ELÉMENTS (EN TND),,,,,,,,,,,,,,,,,,,,,,,,,,,,,,,,,,,,,,,,,,,,
TAKAFULIA,10,2,,,31/12/2025,,,,,,,,,31/12/2025,,,,,,,,31/12/2024,,,,,,,,,,,,,,,,,,,,,,,,,
TAKAFULIA,10,2,,,,,,,,,,,,,,,,,,,,,,,,,,,,,,,,,,,,,,,,,,,,,
TAKAFULIA,10,2,Total des revenus des,,,4 727 923,2 437 762,3 490 922,10 161 784,,,,,,,,,13 652 706,,,6 487 021,,,,"11 214
944",22%,,,,,,,,,,,,,,,,,,,,,
TAKAFULIA,10,2,placements bruts,,,,,,,,,,,,,,,,,,,,,,,,,,,,,,,,,,,,,,,,,,,,
TAKAFULIA,10,2,Total Placements stratégiques,,61 250,33 500,27 750,,,,,,,,,,,,,61 250,,,,,33 500,,83%,,,,,,,,,,,,,,,,,,,,
TAKAFULIA,10,2,Total Placements Non-,,,2 025 980,3 479 319,1 830 536,10 161 784,,,,,,,,,11 992 320,,,6 487 021,,,8 513 001,,41%,,,,,,,,,,,,,,,,,,,,,
TAKAFULIA,10,2,stratégiques,,,,,,,,,,,,,,,,,,,,,,,,,,,,,,,,,,,,,,,,,,,,
TAKAFULIA,10,2,Reprises sur Provision,,20 582,1 721 487,-1 700 905,,,,,,,,,,,,,20 582,,,,,1 721 487,,-99%,,,,,,,,,,,,,,,,,,,,
TAKAFULIA,10,2,Produit Moudharaba,,1 578 554,946 956,631 598,,,,,,,,,,,,,1 578 554,,,,,946 956,,67%,,,,,,,,,,,,,,,,,,,,
TAKAFULIA,10,2,Total charges des placements,,-217 285,-1776677,928 573,,,,,,,-1 592 705,,,,,,-1 809 990,,-961 886,,,-2 738 563,,-34%,,,,,,,,,,,,,,,,,,,,
TAKAFULIA,10,2,Charges des placements,,-56 924,-33714,-22 431,,,,,,,-2 817,,,,,,-59 741,,-3 596,,,-37 310,,60%,,,,,,,,,,,,,,,,,,,,
TAKAFULIA,10,2,Dépréciations des actifs,,,-149963,-10 398,-160 361,-11 334,,,,,,,,,-171 695,,,-11 334,,,-161297,,6%,,,,,,,,,,,,,,,,,,,,,
TAKAFULIA,10,2,(Amortissement),,,,,,,,,,,,,,,,,,,,,,,,,,,,,,,,,,,,,,,,,,,,
TAKAFULIA,10,2,Cession des actifs,,,-238950,238 950,,,,,,,,,,,,,0,,,,,-238950,,100%,,,,,,,,,,,,,,,,,,,,
TAKAFULIA,10,2,Correction/Pertes,,,-1354050,1 354 050,,,,,,,,,,,,,0,,,,,-1354050,,100%,,,,,,,,,,,,,,,,,,,,
TAKAFULIA,10,2,Charges Moudharaba,,,,-631 598,,,,,,,-1 578 554,,,,,,-1 578 554,,-946 956,,,-946 956,,67%,,,,,,,,,,,,,,,,,,,,
TAKAFULIA,10,2,Total revenus des placements,,,2 951 246,3 366 335,3 273 637,8 569 079,,,,,,,,,11 842 716,,,5 525 135,,,8 476 381,,40%,,,,,,,,,,,,,,,,,,,,,
TAKAFULIA,10,2,nets,,,,,,,,,,,,,,,,,,,,,,,,,,,,,,,,,,,,,,,,,,,,
TAKAFULIA,11,1,Total actif (Valeurs en Brut),,177 863 577,,,,,,,36 810 994,,,,,26%,,,,,,,,,,,,,,,,,,,,,,,,,,,,,,
TAKAFULIA,11,1,,,,141 052 583,,,,,,,,,,,,,,,,,,,,,,,,,,,,,,,,,,,,,,,,,
TAKAFULIA,11,1,,,,,,,,,,,,,,,,,,,,,,,,,,,,,,,,,,,,,,,,,,,,,
TAKAFULIA,11,1,Provisions pour dépréciations,,-1 239 043,,,,,,,-171 694,,,,,16%,,,,,,,,,,,,,,,,,,,,,,,,,,,,,,
TAKAFULIA,11,1,,,,-1 067 349,,,,,,,,,,,,,,,,,,,,,,,,,,,,,,,,,,,,,,,,,
TAKAFULIA,11,1,,,,,,,,,,,,,,,,,,,,,,,,,,,,,,,,,,,,,,,,,,,,,
TAKAFULIA,11,1,Total actif (Valeurs en net),,176 624 534,,,,,,,36 639 300,,,,,26%,,,,,,,,,,,,,,,,,,,,,,,,,,,,,,
TAKAFULIA,11,1,,,,139 985 234,,,,,,,,,,,,,,,,,,,,,,,,,,,,,,,,,,,,,,,,,
TAKAFULIA,11,1,,,,,,,,,,,,,,,,,,,,,,,,,,,,,,,,,,,,,,,,,,,,,
TAKAFULIA,11,1,Provisions techniques (PT),,161 575 710,,,,,,,30 620 916,,,,,23%,,,,,,,,,,,,,,,,,,,,,,,,,,,,,,
TAKAFULIA,11,1,,,,130 954 794,,,,,,,,,,,,,,,,,,,,,,,,,,,,,,,,,,,,,,,,,
TAKAFULIA,11,1,,,,,,,,,,,,,,,,,,,,,,,,,,,,,,,,,,,,,,,,,,,,,
TAKAFULIA,11,1,Ecart des actifs Nets (en couverture des PT),,15 048 824,,,,,,,6 018 383,,,,,67%,,,,,,,,,,,,,,,,,,,,,,,,,,,,,,
TAKAFULIA,11,1,,,,9 030 441,,,,,,,,,,,,,,,,,,,,,,,,,,,,,,,,,,,,,,,,,
TAKAFULIA,11,1,,,,,,,,,,,,,,,,,,,,,,,,,,,,,,,,,,,,,,,,,,,,,
TAKAFULIA,11,1,Taux de couverture des PT,,109%,,,,,,,,,,,,2%,,,,,,,,,,,,,,,,,,,,,,,,,,,,,,
TAKAFULIA,11,1,,,,107%,,,,,,,,,,,,,,,,,,,,,,,,,,,,,,,,,,,,,,,,,
TAKAFULIA,11,1,,,,,,,,,,,,,,,,,,,,,,,,,,,,,,,,,,,,,,,,,,,,,
TAKAFULIA,11,1,Placements financiers (Valeurs en net),,160 122 690,,,,,,,38 127 333,,,,,31%,,,,,,,,,,,,,,,,,,,,,,,,,,,,,,
TAKAFULIA,11,1,,,,121 995 357,,,,,,,,,,,,,,,,,,,,,,,,,,,,,,,,,,,,,,,,,
TAKAFULIA,11,1,,,,,,,,,,,,,,,,,,,,,,,,,,,,,,,,,,,,,,,,,,,,,
TAKAFULIA,11,1,Autres actifs admis en représentation,,16 644 264,,,,,,,-1 345 614,,,,,-7%,,,,,,,,,,,,,,,,,,,,,,,,,,,,,,
TAKAFULIA,11,1,,,,17 989 878,,,,,,,,,,,,,,,,,,,,,,,,,,,,,,,,,,,,,,,,,
TAKAFULIA,11,1,,,,,,,,,,,,,,,,,,,,,,,,,,,,,,,,,,,,,,,,,,,,,
TAKAFULIA,11,1,Placements dépassant les limites légales,,-1 592 804,,,,,,,3 185 063,,,,,-67%,,,,,,,,,,,,,,,,,,,,,,,,,,,,,,
TAKAFULIA,11,1,,,,-4 777 867,,,,,,,,,,,,,,,,,,,,,,,,,,,,,,,,,,,,,,,,,
TAKAFULIA,11,1,,,,,,,,,,,,,,,,,,,,,,,,,,,,,,,,,,,,,,,,,,,,,
TAKAFULIA,11,1,Total actif admis en représentation,,175 174 150,,,,,,,39 966 783,,,,,30%,,,,,,,,,,,,,,,,,,,,,,,,,,,,,,
TAKAFULIA,11,1,,,,135 207 367,,,,,,,,,,,,,,,,,,,,,,,,,,,,,,,,,,,,,,,,,
TAKAFULIA,11,1,,,,,,,,,,,,,,,,,,,,,,,,,,,,,,,,,,,,,,,,,,,,,
TAKAFULIA,11,1,Ecart des actifs Nets (en représentation des PT),,13 598 440,,,,,,,9 345 867,,,,,220%,,,,,,,,,,,,,,,,,,,,,,,,,,,,,,
TAKAFULIA,11,1,,,,4 252 573,,,,,,,,,,,,,,,,,,,,,,,,,,,,,,,,,,,,,,,,,
TAKAFULIA,11,1,,,,,,,,,,,,,,,,,,,,,,,,,,,,,,,,,,,,,,,,,,,,,
TAKAFULIA,11,1,Taux de représentation des PT,,108%,,,,,,,,,,,,4%,,,,,,,,,,,,,,,,,,,,,,,,,,,,,,
TAKAFULIA,11,1,,,,104%,,,,,,,,,,,,,,,,,,,,,,,,,,,,,,,,,,,,,,,,,
TAKAFULIA,11,1,,,,,,,,,,,,,,,,,,,,,,,,,,,,,,,,,,,,,,,,,,,,,
TAKAFULIA,11,2,,,39 292 223,34 765 183,,,,,,4 527 040,,,,,13%,,,,,,,,,,,Marge de solvabilité constituée,,,,,,,,,,,,,,,,,,,
TAKAFULIA,11,2,,,11 664 976,9 889 541,,,,,,1 775 435,,,,,18%,,,,,,,,,,,Marge de solvabilité minimale,,,,,,,,,,,,,,,,,,,
TAKAFULIA,11,2,,,337%,352%,,,,,,,,,,,-15%,,,,,,,,,,,Taux de couverture de la Marge de,,,,,,,,,,,,,,,,,,,
TAKAFULIA,11,2,,,,,,,,,,,,,,,,,,,,,,,,,,solvabilité,,,,,,,,,,,,,,,,,,,
TAKAFULIA,12,1,,,6 222 472,5 148 067,,,,21%,,1 074 405,Charges salariales (nette des charges fiscales et sociales),,,,,,,,,,,,,,,,,,,,,,,,,,,,,,,,,,
TAKAFULIA,12,1,,,4 059 208,3 566 869,,,,14%,,492 339,Commissions sur primes,,,,,,,,,,,,,,,,,,,,,,,,,,,,,,,,,,
TAKAFULIA,12,1,,,974 444,1 229 941,,,,-21%,,-255 497,Participation aux frais de gestions WB,,,,,,,,,,,,,,,,,,,,,,,,,,,,,,,,,,
TAKAFULIA,12,1,,,283 535,123 856,,,,129%,,159 679,Achats de fournitures & consommables,,,,,,,,,,,,,,,,,,,,,,,,,,,,,,,,,,
TAKAFULIA,12,1,,,1 474 431,1 140 317,,,,29%,,334 114,Frais administratifs et autres charges d'exploitation,,,,,,,,,,,,,,,,,,,,,,,,,,,,,,,,,,
TAKAFULIA,12,1,,,856 391,946 262,,,,-9%,,-89 871,Prestations externes,,,,,,,,,,,,,,,,,,,,,,,,,,,,,,,,,,
TAKAFULIA,12,1,,,297 702,493 721,,,,-40%,,-196 019,"Communications, publicités et subvention",,,,,,,,,,,,,,,,,,,,,,,,,,,,,,,,,,
TAKAFULIA,12,1,,,2 861 956,1 821 869,,,,57%,,1 040 087,Charges fiscales et sociales,,,,,,,,,,,,,,,,,,,,,,,,,,,,,,,,,,
TAKAFULIA,12,1,,,821 895,527 742,,,,56%,,294 153,Cotisations et Abonnements,,,,,,,,,,,,,,,,,,,,,,,,,,,,,,,,,,
TAKAFULIA,12,1,,,114 012,23 924,,,,377%,,90 088,Charges financières,,,,,,,,,,,,,,,,,,,,,,,,,,,,,,,,,,
TAKAFULIA,12,1,,,1 671 617,1 230 416,,,,36%,,441 201,Autres Charges non décaissables (Prov & Amort),,,,,,,,,,,,,,,,,,,,,,,,,,,,,,,,,,
TAKAFULIA,12,1,,,19 637 663,16 252 984,,,,21%,,3 384 679,Total général Classe 9,,,,,,,,,,,,,,,,,,,,,,,,,,,,,,,,,,
TAKAFULIA,12,2,Actionnaires,,12 424 185,9 644 356,,,,,,,,,,,,,,,,,,,,,,,,,,,,,,,,,,,,,,,,,
TAKAFULIA,12,2,Adhérents sans Wakala,,,,,6 608 628,,,,,,,,,,,,,,,,,,,,,,,,,,,,,,,,,,,,,,,
TAKAFULIA,12,2,,,7 213 478,,,,,,,,,,,,,,,,,,,,,,,,,,,,,,,,,,,,,,,,,,
TAKAFULIA,12,2,,,,,,,,,,,,,,,,,,,,,,,,,,,,,,,,,,,,,,,,,,,,,
TAKAFULIA,12,2,Total général Classe 9,,19 637 663,16 252 984,,,,,,,,,,,,,,,,,,,,,,,,,,,,,,,,,,,,,,,,,
TAKAFULIA,12,3,ACTIONNAIRES,,12 424 185,9 644 356,,,,,,,,,,,,,,,,,,,,,,,,,,,,,,,,,,,,,,,,,
TAKAFULIA,12,3,ADHERENT NET WAKALA,,7 213 478,6 608 628,,,,,,,,,,,,,,,,,,,,,,,,,,,,,,,,,,,,,,,,,
TAKAFULIA,12,3,Commission Wakala,,11 285 622,7 554 330,,,,,,,,,,,,,,,,,,,,,,,,,,,,,,,,,,,,,,,,,
TAKAFULIA,12,3,Variation de la Commission Wakala reportés,,0,-189 614,,,,,,,,,,,,,,,,,,,,,,,,,,,,,,,,,,,,,,,,,
TAKAFULIA,12,3,Total général Classe 9,,30 923 284,23 617 700,,,,,,,,,,,,,,,,,,,,,,,,,,,,,,,,,,,,,,,,,
TAKAFULIA,13,1,Adhérent sans Wakala,,7 213 478,6 608 628,,,,,,,,,,,,,,,,,,,,,,,,,,,,,,,,,,,,,,,,,
TAKAFULIA,13,1,,,,,,11 285 622,7 554 330,,,,,,,,,,,,,,,,,,,,,,,,,,,,,,,,,,,,,,
TAKAFULIA,13,1,Commission Wakala,,,,,,,,,,,,,,,,,,,,,,,,,,,,,,,,,,,,,,,,,,,,
TAKAFULIA,13,1,,,,,,,,,,,,,,,,,,,,,,,,,,,,,,,,,,,,,,,,,,,,,
TAKAFULIA,13,1,,,,,,0,-189 614,,,,,,,,,,,,,,,,,,,,,,,,,,,,,,,,,,,,,,
TAKAFULIA,13,1,Variation de la Commission Wakala reportés,,,,,,,,,,,,,,,,,,,,,,,,,,,,,,,,,,,,,,,,,,,,
TAKAFULIA,13,1,,,,,,,,,,,,,,,,,,,,,,,,,,,,,,,,,,,,,,,,,,,,,
TAKAFULIA,13,1,,,,,,18 499 100,13 973 344,,,,,,,,,,,,,,,,,,,,,,,,,,,,,,,,,,,,,,
TAKAFULIA,13,1,Total hors frais d’acquisition reportés (Classe 9),,,,,,,,,,,,,,,,,,,,,,,,,,,,,,,,,,,,,,,,,,,,
TAKAFULIA,13,1,,,,,,,,,,,,,,,,,,,,,,,,,,,,,,,,,,,,,,,,,,,,,
TAKAFULIA,13,1,,,,,,-596 980,-128 293,,,,,,,,,,,,,,,,,,,,,,,,,,,,,,,,,,,,,,
TAKAFULIA,13,1,Variation des frais d'acquisition reportés,,,,,,,,,,,,,,,,,,,,,,,,,,,,,,,,,,,,,,,,,,,,
TAKAFULIA,13,1,,,,,,,,,,,,,,,,,,,,,,,,,,,,,,,,,,,,,,,,,,,,,
TAKAFULIA,13,1,Total général,,17 902 120,13 845 051,,,,,,,,,,,,,,,,,,,,,,,,,,,,,,,,,,,,,,,,,
TAKAFULIA,14,3,,,,,,,,,,,,,,,,,,,,,,,,,,,Ancienneté moyenne,9,9,,,,,,,,,,,,,,,,
TAKAFULIA,19,1,,,,,,,,,,,,,,,,,,,,,,,,,,,,,,d’actions,Dinars,,,,,,,,,,,,,,
TAKAFULIA,19,1,,,,,,Wifak International Bank,,,,,,,,,,,,,,"95,9%",,,,,,,,,,3 835 996,19 179 980,,,,,,,,,,,,,,
TAKAFULIA,19,1,,,,,,Tunis RE,,,,,,,,,,,,,,"4,00%",,,,,,,,,,160 000,800 000,,,,,,,,,,,,,,
TAKAFULIA,19,1,,,,,,M. Mohamed SAIDANE,,,,,,,,,,,,,,"0,10%",,,,,,,,,,3 992,19 960,,,,,,,,,,,,,,
TAKAFULIA,19,1,,,,,,M. Tarek THAMRI,,,,,,,,,,,,,,0.00%,,,,,,,,,,10,50,,,,,,,,,,,,,,
TAKAFULIA,19,1,,,,,,M. Mohamed MELLOUSSE,,,,,,,,,,,,,,"0,00%",,,,,,,,,,1,5,,,,,,,,,,,,,,
TAKAFULIA,19,1,,,,,,M. Mohamed Hédi BEN AYED,,,,,,,,,,,,,,"0,00%",,,,,,,,,,1,5,,,,,,,,,,,,,,
TAKAFULIA,19,1,,,,,,M. Mohamed Riadh SAFSOUF,,,,,,,,,,,,,,"0,00%",,,,,,,,,,1,5,,,,,,,,,,,,,,
TAKAFULIA,19,1,,,,,,,,,,,,,,,,,,,,,,,,,,,,,,,,,,,,,,,,,,,,,
TAKAFULIA,20,1,Éléments (en TND),,Adhérents,Adhérents,,Actionnaires,,,,,,Actionnaires,,,,,,,,,,,,,,,,,,,,,,,,,,,,,,,,,
TAKAFULIA,20,1,"Déficits reportés du fonds des
adhérents",,,-1 557 373,1 557 373,,,,,,,-,,,,,,,,,,,,,,,,,,,,,0,-1 557 373,-100%,,,,,,,,,,
TAKAFULIA,20,1,"Provisions d'Equilibrage du
fonds des Adhérents",,1 770 657,327 072,1 443 585,,,,,,,-,,,,,,,,,,,,,,,,,,,,,1 770 657,327 072,441%,,,,,,,,,,
TAKAFULIA,20,1,Surplus ou déficit de l'exercice,,2 884 335,,,,3 000 958,,,,,-,,,,-116 623,,-4%,,,,,,,,,,,,,,,2 884 335,3 000 958,,,,,,,,,,,
TAKAFULIA,20,1,"Total des Actifs Nets des
adhérents",,4 654 992,1 770 657,2 884 335,0,,,,,,-,,,,,,,,,,,,,,,,,,,,,4 654 992,1 770 657,163%,,,,,,,,,,
TAKAFULIA,20,1,Capital souscrit,,,-,-,20 000 005,,,,,,20 000 005,,,,,,,,,,,,,,,,,,,,,20 000 005,20 000 005,0%,,,,,,,,,,
TAKAFULIA,20,1,Primes liées au capital,,,-,-,7 000 004,,,,,,7 000 004,,,,,,,,,,,,,,,,,,,,,7 000 004,7 000 004,0%,,,,,,,,,,
TAKAFULIA,20,1,Autres capitaux propres,,,-,1 199 187,4 673 774,,,,,,3 474 587,,,,,,,,,,,,,,,,,,,,,4 673 774,3 474 587,35%,,,,,,,,,,
TAKAFULIA,20,1,Résultat reporté,,,-,-180 948,1 658 852,,,,,,1 839 800,,,,,,,,,,,,,,,,,,,,,1 658 852,1 839 800,-10%,,,,,,,,,,
TAKAFULIA,20,1,Résultat de l'exercice,,,-,574 093,1 596 242,,,,,,1 022 149,,,,,,,,,,,,,,,,,,,,,1 596 242,1 022 149,56%,,,,,,,,,,
TAKAFULIA,20,1,Total Capitaux propres,,,,,34 928 877,-,,,,,33 336 545,,,,1 592 332,,5%,,,,,,,,,,,,,,,34 928 877,33 336 545,,,,,,,,,,,
TAKAFULIA,20,1,"Total des Actifs et Capitaux
propres",,4 654 992,1 770 657,4 476 667,34 928 877,,,,,,33 336 545,,,,,,,,,,,,,,,,,,,,,39 583 869,35 107 202,13%,,,,,,,,,,
TAKAFULIA,21,1,,,,,,,,,,,,,,,,,,,,,,,,,,,,,,,,,,,,,,,,,,,,,
TAKAFULIA,21,1,,,,,,,,,,,,,,,,,,,,,,,,,,,,,,,,,,,,,,,,,,,,,
TAKAFULIA,21,1,,,,,,,,,,,,,,,,,,,,,,,,,,,,,,,,,,,,,,,,,,,,,
TAKAFULIA,21,1,,,,,,,,,,,,,,,,,,,,,,,,,,,,,,,,,,,,,,,,,,,,,
TAKAFULIA,21,1,,,,,,,,,,,,,,,,,,,,,,,,,,,,,,,,,,,,,,,,,,,,,
TAKAFULIA,21,1,,,,,,,,,,,,,,,,,,,,,,,,,,,,,,,,,,,,,,,,,,,,,
TAKAFULIA,21,1,,,,,,,,,,,,,,,,,,,,,,,,,,,,,,,,,,,,,,,,,,,,,
TAKAFULIA,21,1,,,,,,,,,,,,,,,,,,,,,,,,,,,,,,,,,,,,,,,,,,,,,
TAKAFULIA,21,1,,,,,,,,,,,,,,,,,,,,,,,,,,,,,,,,,,,,,,,,,,,,,
TAKAFULIA,21,1,,,,,,,,,,,,,,,,,,,,,,,,,,,,,,,,,,,,,,,,,,,,,
TAKAFULIA,21,1,,,,,,,,,,,,,,,,,,,,,,,,,,,,,,,,,,,,,,,,,,,,,
TAKAFULIA,21,1,,,,,,,,,,,,,,,,,,,,,,,,,,,,,,,,,,,,,,,,,,,,,
TAKAFULIA,21,1,,,,,,,,,,,,,,,,,,,,,,,,,,,,,,,,,,,,,,,,,,,,,
TAKAFULIA,21,1,,,,,,,,,,,,,,,,,,,,,,,,,,,,,,,,,,,,,,,,,,,,,
TAKAFULIA,21,1,,,,,,,,,,,,,,,,,,,,,,,,,,,,,,,,,,,,,,,,,,,,,
TAKAFULIA,21,1,,,,,,,,,,,,,,,,,,,,,,,,,,,,,,,,,,,,,,,,,,,,,
TAKAFULIA,21,1,,,,,,,,,,,,,,,,,,,,,,,,,,,,,,,,,,,,,,,,,,,,,
TAKAFULIA,21,1,,,,,,,,,,,,,,,,,,,,,,,,,,,,,,,,,,,,,,,,,,,,,
TAKAFULIA,21,1,,,,,,,,,,,,,,,,,,,,,,,,,,,,,,,,,,,,,,,,,,,,,
TAKAFULIA,21,1,,,,,,,,,,,,,,,,,,,,,,,,,,,,,,,,,,,,,,,,,,,,,
TAKAFULIA,21,1,,,,,,,,,,,,,,,,,,,,,,,,,,,,,,,,,,,,,,,,,,,,,
TAKAFULIA,21,1,,,,,,,,,,,,,,,,,,,,,,,,,,,,,,,,,,,,,,,,,,,,,
TAKAFULIA,21,1,,,,,,,,,,,,,,,,,,,,,,,,,,,,,,,,,,,,,,,,,,,,,
TAKAFULIA,21,1,,,,,,,,,,,,,,,,,,,,,,,,,,,,,,,,,,,,,,,,,,,,,
TAKAFULIA,21,1,,,,,,,,,,,,,,,,,,,,,,,,,,,,,,,,,,,,,,,,,,,,,
TAKAFULIA,21,1,,,,,,,,,,,,,,,,,,,,,,,,,,,,,,,,,,,,,,,,,,,,,
TAKAFULIA,21,1,,,,,,,,,,,,,,,,,,,,,,,,,,,,,,,,,,,,,,,,,,,,,
TAKAFULIA,21,1,,,,,,,,,,,,,,,,,,,,,,,,,,,,,,,,,,,,,,,,,,,,,
TAKAFULIA,21,1,,,,,,,,,,,,,,,,,,,,,,,,,,,,,,,,,,,,,,,,,,,,,
TAKAFULIA,21,1,,,,,,,,,,,,,,,,,,,,,,,,,,,,,,,,,,,,,,,,,,,,,
TAKAFULIA,21,1,,,,,,,,,,,,,,,,,,,,,,,,,,,,,,,,,,,,,,,,,,,,,
TAKAFULIA,21,1,,,,,,,,,,,,,,,,,,,,,,,,,,,,,,,,,,,,,,,,,,,,,
TAKAFULIA,21,1,,,,,,,,,,,,,,,,,,,,,,,,,,,,,,,,,,,,,,,,,,,,,
TAKAFULIA,21,1,,,,,,,,,,,,,,,,,,,,,,,,,,,,,,,,,,,,,,,,,,,,,
TAKAFULIA,21,1,,,,,,,,,,,,,,,,,,,,,,,,,,,,,,,,,,,,,,,,,,,,,
TAKAFULIA,21,1,,,,,,,,,,,,,,,,,,,,,,,,,,,,,,,,,,,,,,,,,,,,,
TAKAFULIA,21,1,,,,,,,,,,,,,,,,,,,,,,,,,,,,,,,,,,,,,,,,,,,,,
TAKAFULIA,21,1,,,,,,,,,,,,,,,,,,,,,,,,,,,,,,,,,,,,,,,,,,,,,
TAKAFULIA,21,1,,,,,,,,,,,,,,,,,,,,,,,,,,,,,,,,,,,,,,,,,,,,,
TAKAFULIA,21,1,,,,,,,,,,,,,,,,,,,,,,,,,,,,,,,,,,,,,,,,,,,,,
TAKAFULIA,22,1,,,,,,,,,,,,,,,,,,,,,,,,,,,,,,,,,,,,,,,,,,,,,
TAKAFULIA,22,1,,,,,,,,,,,,,,,,,,,,,,,,,,,,,,,,,,,,,,,,,,,,,
TAKAFULIA,22,1,,,,,,,,,,,,,,,,,,,,,,,,,,,,,,,,,,,,,,,,,,,,,
TAKAFULIA,22,1,,,,,,,,,,,,,,,,,,,,,,,,,,,,,,,,,,,,,,,,,,,,,
TAKAFULIA,22,1,,,,,,,,,,,,,,,,,,,,,,,,,,,,,,,,,,,,,,,,,,,,,
TAKAFULIA,22,1,,,,,,,,,,,,,,,,,,,,,,,,,,,,,,,,,,,,,,,,,,,,,
TAKAFULIA,22,1,,,,,,,,,,,,,,,,,,,,,,,,,,,,,,,,,,,,,,,,,,,,,
TAKAFULIA,22,1,,,,,,,,,,,,,,,,,,,,,,,,,,,,,,,,,,,,,,,,,,,,,
TAKAFULIA,22,1,,,,,,,,,,,,,,,,,,,,,,,,,,,,,,,,,,,,,,,,,,,,,
TAKAFULIA,22,1,,,,,,,,,,,,,,,,,,,,,,,,,,,,,,,,,,,,,,,,,,,,,
TAKAFULIA,22,1,,,,,,,,,,,,,,,,,,,,,,,,,,,,,,,,,,,,,,,,,,,,,
TAKAFULIA,22,1,,,,,,,,,,,,,,,,,,,,,,,,,,,,,,,,,,,,,,,,,,,,,
TAKAFULIA,22,1,,,,,,,,,,,,,,,,,,,,,,,,,,,,,,,,,,,,,,,,,,,,,
TAKAFULIA,22,1,,,,,,,,,,,,,,,,,,,,,,,,,,,,,,,,,,,,,,,,,,,,,
TAKAFULIA,22,1,,,,,,,,,,,,,,,,,,,,,,,,,,,,,,,,,,,,,,,,,,,,,
TAKAFULIA,22,1,,,,,,,,,,,,,,,,,,,,,,,,,,,,,,,,,,,,,,,,,,,,,
TAKAFULIA,22,1,,,,,,,,,,,,,,,,,,,,,,,,,,,,,,,,,,,,,,,,,,,,,
TAKAFULIA,22,1,,,,,,,,,,,,,,,,,,,,,,,,,,,,,,,,,,,,,,,,,,,,,
TAKAFULIA,22,1,,,,,,,,,,,,,,,,,,,,,,,,,,,,,,,,,,,,,,,,,,,,,
TAKAFULIA,22,1,,,,,,,,,,,,,,,,,,,,,,,,,,,,,,,,,,,,,,,,,,,,,
TAKAFULIA,22,1,,,,,,,,,,,,,,,,,,,,,,,,,,,,,,,,,,,,,,,,,,,,,
TAKAFULIA,22,1,,,,,,,,,,,,,,,,,,,,,,,,,,,,,,,,,,,,,,,,,,,,,
TAKAFULIA,23,1,"Entreprise
Takaful
et/ou
Rétakaful",,,,,,,,,,,"Entreprise
Takaful
et/ou
Rétakaful
combiné",,,,,,,,"Entreprise
Takaful
et/ou
Rétakaful",,,,"Entreprise
Takaful
et/ou
Rétakaful
combiné",,,,,,,,,,,,,,"Fonds des
Adhérents","Fonds des
Adhérents",,,,,,
TAKAFULIA,23,1,,,,,,,,,,,,,,,,,,,,,,,,,,,,,,,,,,,,"Actifs
AC1 Actifs incorporels
AC12 Concessions, brevets, licences, marques
AC2 Actifs corporels d'exploitation
AC21 Installations techniques et machines
AC22 Autres installations, outillage et mobilier
AC3 Placements
AC31 Terrains et constructions
AC311 Terrains et constructions d'exploitation
AC312 Terrains et constructions hors exploitation
AC33 Autres placements financiers AC34 Créances pour
espèces déposées auprès des entreprises cédantes
AC331 Actions, autres titres à revenu variable et part
dans des FCP islamiques
AC332 Sukuks et autres titres à revenus assimilés
AC333 Autres prêts
AC334 Dépôts auprès des établissements bancaires et
financiers islamiques
AC335 Autres placements conformes aux normes
sharaïques
AC34 Créances pour espèces déposées auprès des entreprises
cédantes
AC5 Part des réassureurs dans les provisions techniques
AC51 Provision pour primes non acquises
AC52 Provision d'assurance takaful familial
AC53 Provision pour sinistres (takaful familial)
AC54 Provision pour sinistres (takaful Général)
AC6 Créances
AC61 Créances nées d'opérations d'assurance directe
AC611 Primes acquises et non émises
AC612 Autres créances nées d'opération d'assurance
takaful directe
AC613 Créances indemnisées subrogées à l'entreprise
d'assurance
AC62 Créances nées d'opérations de rétakaful
AC63 Autres créances
AC631 Personnel
AC632 Etat, organismes de sécurité sociale,
collectivités publiques
AC633 Débiteurs diver
AC64 Créances sur ressources spéciales
AC66 Créances sur le fonds des adhérents (Commissions
Wakala, Moudhraba et autres créances)
AC7 Autres éléments d'actif
AC71 Avoirs en banque, CCP, chèques et caisse
AC72 Charges reportées
AC721 Frais d'acquisition reportés
AC722 Autres charges à repartir
AC73 Comptes de régularisation Actif
AC731 Loyers acquis non échus","III-1
III-2
III-3
III-4
III-5
III-6
III-7
III-8",,,,,,,,
TAKAFULIA,23,1,,,,,,291 645,,,,,,,,,,291 645,,-,,,,342 020,,,342 020,,,,,,,,,,,,,-,,,,,,,
TAKAFULIA,23,1,291 645,,,,,,,,,,,291 645,,,,,,,,342 020,,,,342 020,,,,,,,,,,,,,,,,,,,,,
TAKAFULIA,23,1,,,,,,954 853,,,,,,,,,,954 853,,-,,,,616 516,,,616 516,,,,,,,,,,,,,-,,,,,,,
TAKAFULIA,23,1,"920 601
34 251",,,,,,,,,,,"920 601
34 251",,,,,,,,"576 992
39 524",,,,"576 992
39 524",,,,,,,,,,,,,,,,,,,,,
TAKAFULIA,23,1,,,,,,30 506 568,,,,,,,,,,160 781 423,,92 233 779,,,,30 179 661,,,122 413 440,,,,,,,,,,,,,130 274 855,,,,,,,
TAKAFULIA,23,1,"9 133 378
8 108 000
1 025 378
21 373 190
4 560 000
12 242 800
35 159
4 500 000
35 231
-",,,,,,,,,,,"11 452 291
8 108 000
3 344 292
149 004 806
5 160 000
80 922 800
35 159
62 851 616
35 231
324 326",,,,,,,,"6 827 110
6 000 000
827 110
23 352 551
3 580 000
9 857 100
19 044
9 830 000
66 406
-",,,,"9 295 986
4 000 000
3 295 986
112 784 822
9 180 000
34 737 100
19 044
68 782 271
66 406
332 632",,,,,,,,,,,,,,"2 318 913
-
2 318 913
127 631 616
600 000
68 680 000
58 351 616
-
324 326","2 468 876
-
2 468 876
89 432 271
5 600 000
24 880 000
58 952 271
-
332 632",,,,,,
TAKAFULIA,23,1,-,,,,,,,,,,,8 530 814,,,,,,,,-,,,,7 915 780,,,,,,,,,,,,,,8 530 814,7 915 780,,,,,,
TAKAFULIA,23,1,,,,,,,,,,,,"2 386 049
1 542 003
7 200
4 595 561",,,,,,,,,,,,"2 132 826
1 500 078
115 538
4 167 338",,,,,,,,,,,,,,"2 386 049
1 542 003
7 200
4 595 561","2 132 826
1 500 078
115 538
4 167 338",,,,,,
TAKAFULIA,23,1,,,,,,7 881 484,,,,,,,,,,31 764 367,,23 299 152,,,,6 425 696,,,29 724 848,,,,,,,,,,,,,23 882 883,,,,,,,
TAKAFULIA,23,1,"-
-
7 881 484
-
7 881 484
-
-",,,,,,,,,,,"19 058 731
742 344
17 529 666
786 720
481 255
10 686 432
-
10 686 432
-
-
1 537 949",,,,,,,,"-
-
6 425 696
-
6 425 696
-
-",,,,"19 408 572
575 667
15 588 028
3 244 878
414 029
8 001 350
-
7 744 849
256 501
-
1 900 896",,,,,,,,,,,,,,"19 058 731
742 344
17 529 666
786 720
481 255
2 804 948
-
2 804 948
-
1 537 949","19 408 572
575 667
15 588 028
3 244 878
414 029
1 575 654
-
1 319 153
256 501
1 900 896",,,,,,
TAKAFULIA,23,1,,,,,,2 527 408,,,,,,,,,,16 998 646,,17 543 377,,,,1 111 829,,,18 655 206,,,,,,,,,,,,,14 471 238,,,,,,,
TAKAFULIA,23,1,"1 208 963
-
-
-
1 318 445
1 318 445",,,,,,,,,,,"5 461 021
3 492 350
3 492 350
-
8 045 275
8 045 275",,,,,,,,"119 239
-
-
-
992 590
992 590",,,,"8 297 897
5 904 240
2 895 370
3 008 869
4 453 070
4 453 070",,,,,,,,,,,,,,"4 252 058
3 492 350
3 492 350
-
6 726 830
6 726 830","8 178 658
5 904 240
2 895 370
3 008 869
3 460 480
3 460 480",,,,,,
TAKAFULIA,23,1,42 161 959,,,,,,,,,,,219 321 749,,,,,,,,38 675 722,,,,179 667 809,,,,,,,,,,,,Total de l'actif,,177 159 790,140 992 088,,,,,,
TAKAFULIA,24,1,,,,,,"Entreprise
Takaful
et/ou
Rétakaful",,,,,,"Entreprise
Takaful
et/ou
Rétakaful
combiné",,,,,,"Entreprise
Takaful
et/ou
Rétakaful",,,,"Entreprise
Takaful
et/ou
Rétakaful
combiné",,,,,,,,,,,,,,,,"Fonds des
Adhérents","Fonds des
Adhérents",,,,,,
TAKAFULIA,24,1,,,,,,,,,,,,"-
1 770 657
2 884 335",,,,,,,,,,"-1 557 373
327 072
3 000 958",,,,,,,,,,,,,,"Actifs Nets des adhérents
AN1 Déficits du fonds des adhérents des exercices
antérieurs reportés
AN2 Provisions d'Equilibrage du fonds des Adhérents
AN4 Surplus ou déficit de l'exercice après modification
comptable
Total des Actifs Nets des adhérents
Capitaux propres des actionnaires
CP1 Capital social
CP1-a - Capital souscrit
CP2 Réserves
CP 2 -a- Primes liées au capital
CP 2 -b- Réserves légales
CP 2 -e- Autres réserves
CP5 Résultat reporté
CP6 Résultat de l'exercice
Total capitaux propres","III-9
III-10","-
1 770 657
2 884 335","-1 557 373
327 072
3 000 958",,,,,,
TAKAFULIA,24,1,4 654 992,,,,,,-,,,,,4 654 992,,,,1 770 657,,,-,,,,1 770 657,,,,,,,,,,,,,,,,,,,,,,
TAKAFULIA,24,1,,,,,,"20 000 005
20 000 005
11 673 777
7 000 004
677 662
3 996 112
1 658 852
1 596 242",,,,,,"20 000 005
20 000 005
11 673 777
7 000 004
677 662
3 996 112
1 658 852
1 596 242",,,,,,"20 000 005
20 000 005
10 474 591
7 000 004
534 565
2 940 023
1 839 800
1 022 149",,,,"20 000 005
20 000 005
10 474 591
7 000 004
534 565
2 940 023
1 839 800
1 022 149",,,,,,,,,,,,,,,,,,,,,,,
TAKAFULIA,24,1,-,,,,,,34 928 876,,,,,34 928 876,,,,-,,,33 336 545,,,,33 336 545,,,,,,,,,,,,,,,,,,,,,,
TAKAFULIA,24,1,,,,,,34 928 876,,,,,,39 583 868,,,,,,33 336 545,,,,35 107 202,,,,,,,,,,,,,,Total actifs nets et capitaux propres,,4 654 992,1 770 657,,,,,,
TAKAFULIA,24,1,,,,,,"285 485
285 485",,,,,,"285 485
285 485",,,,,,"72 548
72 548",,,,"72 548
72 548",,,,,,,,,,,,,,"Passifs
PA1 Autres passifs financiers
PA14 Dettes envers les établissements bancaires et
financiers islamiques
PA2 Provisions pour autres risques et charges
PA22 Provisions pour impôts
PA23 Autres provisions
PA3 Provisions techniques brutes
PA31 Provision pour primes non acquises
PA32 Provision d'assurance Takaful familial
PA33 Provision pour sinistres (takaful familial)
PA34 Provision pour sinistres (takaful Général)
PA35 Provision pour égalisation et équilibrage
PA36 Autres provisions techniques (takaful familial)
PA37 Autres provisions techniques (takaful Général)
PA5 Dettes pour dépôts en espèces reçus des
cessionnaires et des rétrocessionnaires
PA6 Autres dettes
PA61 Dettes nées d'opérations d'assurance takaful
directe
PA62 Dettes nées d'opérations de rétakaful
PA63 Autres dettes
PA631 Dépôts et cautionnements reçus
PA632 Personnel
PA633 Etat, organismes de sécurité sociale,
collectivités publiques
PA634 Créditeurs divers
PA66 Dettes envers l'opérateur du fonds
(Commissions Wakala, Moudhraba et autres dettes)
PA7 Autres passifs
PA710 Report de commissions reçues des
réassureurs
PA712 Autres comptes de régularisation Passif
Total du passif","III-11
III-12
III-13
III-14",,,,,,,,
TAKAFULIA,24,1,150 000,,,,,,226 906,,,,,376 906,,,,150 000,,,226 906,,,,376 906,,,,,,,,,,,,,,,,,,,,,,
TAKAFULIA,24,1,,,,,,"150 000
76 906",,,,,,"300 000
76 906",,,,,,"150 000
76 906",,,,"300 000
76 906",,,,,,,,,,,,,,,,150 000,150 000,,,,,,
TAKAFULIA,24,1,156 719 017,,,,,,0,,,,,156 719 017,,,,125 285 751,,,0,,,,125 285 751,,,,,,,,,,,,,,,,,,,,,,
TAKAFULIA,24,1,,,,,,,,,,,,"19 136 028
84 552 311
788 982
51 490 953
24 597
2 827
723 321",,,,,,,,,,"16 835 592
58 686 737
877 937
48 155 494
24 133
4 204
701 655",,,,,,,,,,,,,,,,"19 136 028
84 552 311
788 982
51 490 953
24 597
2 827
723 321","16 835 592
58 686 737
877 937
48 155 494
24 133
4 204
701 655",,,,,,
TAKAFULIA,24,1,,,,,,,,,,,,4 828 437,,,,,,,,,,4 622 765,,,,,,,,,,,,,,,,4 828 437,4 622 765,,,,,,
TAKAFULIA,24,1,,,,,,,,,,,,,,,,,,,,,,,,,,,,,,,,,,,,,,,,,,,,,
TAKAFULIA,24,1,8 994 754,,,,,,4 291 216,,,,,13 285 970,,,,7 563 828,,,2 919 123,,,,10 482 951,,,,,,,,,,,,,,,,,,,,,,
TAKAFULIA,24,1,,,,,,"2 753 266
456 278
2 041 962
255 026
1 537 949",,,,,,"695 918
3 226 683
7 825 420
196 629
456 278
6 917 486
255 026
1 537 949",,,,,,"1 018 227
374 596
456 302
187 329
1 900 896",,,,"497 339
2 442 158
5 642 558
193 629
374 596
4 887 004
187 329
1 900 896",,,,,,,,,,,,,,,,"695 918
3 226 683
5 072 153
196 629
4 875 524","497 339
2 442 158
4 624 331
193 629
4 430 702",,,,,,
TAKAFULIA,24,1,1 812 589,,,,,,2 429 475,,,,,4 242 064,,,,1 599 086,,,2 120 599,,,,3 719 686,,,,,,,,,,,,,,,,,,,,,,
TAKAFULIA,24,1,,,,,,"-
2 429 475",,,,,,"810 473
3 431 592",,,,,,"-
2 120 599",,,,"580 086
3 139 599",,,,,,,,,,,,,,,,"810 473
1 002 117","580 086
1 019 000",,,,,,
TAKAFULIA,24,1,,,,,,7 233 082,,,,,,179 737 880,,,,,,5 339 177,,,,144 560 607,,,,,,,,,,,,,,,,172 504 798,139 221 431,,,,,,
TAKAFULIA,24,1,,,,,,,,,,,,,,,,,,,,,,,,,,,,,,,,,,,,,,,,,,,,,
TAKAFULIA,24,1,,,,,,42 161 959,,,,,,219 321 749,,,,,,38 675 722,,,,179 667 809,,,,,,,,,,,,,,"Total des actifs nets, capitaux propres et des passifs",,177 159 790,140 992 088,,,,,,
TAKAFULIA,25,1,,,,,,,,,,,,,,,,,,,,,,,,,,,,,,,,,,,,"PRF1 Primes
PRF11 Primes émises et acceptées
PRF2 Produits de placements
PRF21 Revenus des placements
PRF22 Produits des autres placements
Sous total 1
PRF3 Plus-values non réalisées sur
placements
PRF4 Autres produits techniques
CHF1 Charge de sinistres
CHF11 Montants payés
CHF12 Variation de la provision pour
sinistres
Sous total 3
CHF2 Variation des autres provisions
techniques
CHF21 Provision d'assurance takaful
familial
CHF22 Autres provisions techniques
Sous total 4
CHF3 Frais d'exploitation
CHF31 Frais d'acquisition
CHF32 Variation du montant des frais
d'acquisition reportés
CHF33 Frais d'administration à la
charge du fonds des adhérents
CHF34 commissions reçues des
réassureurs rétakaful
Sous total 5
CHF4 Charges de gestion de placements
CHF41 Charges de gestion des
placements
CHF411 Commissions Moudharaba
CHF412 Autres charges de gestion de
placements
CHF42 Correction de valeur sur
placements
CHF43 Pertes provenant de la
réalisation des placements
CHF5 Autres charges techniques
Sous total 6
CH8 Impôt sur le résultat",,,,"V-1
V - 2
V-3
V-4","29 315 258
6 1 8 8 3 5 0",-221 791,"-
29 093 467
6 188 350","-
28 512 917
2 989 978
31 537",
TAKAFULIA,25,1,,,,,,,,,,,,,,,,,,,,,,,,,,,,,,,,,,,,,,,,,35 503 608,-221 791,35 281 817,31 534 432,
TAKAFULIA,25,1,,,,,,,,,,,,,,,,,,,,,,,,,,,,,,,,,,,,,,,,,"-3 653 654
89 698",136 530,"-
-
-
-3 517 124
89 698","-
-
-
-1 286 061
-237 843",
TAKAFULIA,25,1,,,,,,,,,,,,,,,,,,,,,,,,,,,,,,,,,,,,,,,,,-3 563 956,136 530,-3 427 426,-1 523 904,
TAKAFULIA,25,1,,,,,,,,,,,,,,,,,,,,,,,,,,,,,,,,,,,,,,,,,"-25 866 781
1 377",-66 412,"-
-25 933 193
1 377","-
-27 131 049
1 414",
TAKAFULIA,25,1,,,,,,,,,,,,,,,,,,,,,,,,,,,,,,,,,,,,,,,,,-25 865 403,-66 412,-25 931 816,-27 129 635,
TAKAFULIA,25,1,,,,,,,,,,,,,,,,,,,,,,,,,,,,,,,,,,,,,,,,,"-1 104 139
-71 548",16 657,"-1 104 139
-71 548
-","-809 935
-102 206
-",
TAKAFULIA,25,1,,,,,,,,,,,,,,,,,,,,,,,,,,,,,,,,,,,,,,,,,-1 175 687,16 657,-1 159 030,-912 141,
TAKAFULIA,25,1,,,,,,,,,,,,,,,,,,,,,,,,,,,,,,,,,,,,,,,,,"-1 114 091
-1 112 408
-1 683
-92 289",-,"-
-1 114 091
-1 112 408
-1 683
-92 289","-
-530 591
-528 981
-1 610
-61 674",
TAKAFULIA,25,1,,,,,,,,,,,,,,,,,,,,,,,,,,,,,,,,,,,,,,,,,-1 206 380,,-1 206 380,-592 265,
TAKAFULIA,25,1,,,,,,,,,,,,,,,,,,,,,,,,,,,,,,,,,,,,,,,,,-2 005 231,,-2 005 231,-781 179,
TAKAFULIA,25,1,,,,,,,,,,,,,,,,,,,,,,,,,,,,,,,,,,,,"Surplus ou déficit de l'assurance Takaful
et/ou Rétakaful Familial",,,,,1 686 951,-135 016,1 551 935,595 307,
TAKAFULIA,25,1,,,,,,,,,,,,,,,,,,,,,,,,,,,,,,,,,,,,"CH9/PR5 Effet des modifications
comptables (nets d'impôt)",,,,,-,,-,-,
TAKAFULIA,25,1,,,,,,,,,,,,,,,,,,,,,,,,,,,,,,,,,,,,"Surplus ou déficit de l'assurance Takaful
et/ou Rétakaful Familial après
modification comptable",,,,,1 686 951,-135 016,1 551 935,595 307,
TAKAFULIA,26,1,,,,,,,,,,,,,,,,,,,,,,,,,,,,,,,,,,,,"PRG1 Primes acquises
PRG11 Primes émises et acceptées
PRG12 Variation de la provision pour primes
non acquises
PRG2 Produits de placements
PRG21 Revenus des placements
PRG22 Produits des autres placements
Sous total 1
PRG24 Profits provenant de la réalisation des
placements et de change
PRG3 Autres produits techniques
CHG1 Charge de sinistres
CHG11 Montants payés
CHG12 Variation de la provision pour
sinistres
CHG2 Variation des autres provisions
techniques
Sous total 2
CHG3 Frais d'exploitation
CHG31 Frais d'acquisition
CHG32 Variation du montant des frais
d'acquisition reportés
CHG33 Frais d'administration à la charge du
fonds des adhérents
CHG34 commissions reçues des réassureurs
rétakaful
CHG4 Charges de gestion de placements
CHG41 Charges de gestion des placements
CHG411 Commissions Moudharaba
CHG412 Autres charges de gestion de
placements
CHG43 Pertes provenant de la réalisation
des placements
CHG5 Autres charges techniques
Sous total 3
CH8 Impôt sur le résultat",,,,"IV-1
IV-2
IV-3
IV-4
IV-5","45 690 673
-2 300 435
3 901 829
9 443",,"-
39 703 356
-2 047 212
-
3 901 829
9 443","-
34 144 181
-993 934
-
3 431 940
50 319","-5 987 317
253 223"
TAKAFULIA,26,1,,,,,,,,,,,,,,,,,,,,,,,,,,,,,,,,,,,,,,,,,47 301 510,,41 567 417,36 632 506,-5 734 093
TAKAFULIA,26,1,,,,,,,,,,,,,,,,,,,,,,,,,,,,,,,,,,,,,,,,,"-
9 302
-
-19 700 471
-3 335 459
-21 666",,"-
9 302
-
-19 176 016
-2 907 237
-21 666","-
-
-
-14 015 441
-7 350 548
-179 259","-
-
-
524 455
428 223"
TAKAFULIA,26,1,,,,,,,,,,,,,,,,,,,,,,,,,,,,,,,,,,,,,,,,,-23 048 295,,-22 095 617,-21 548 596,952 678
TAKAFULIA,26,1,,,,,,,,,,,,,,,,,,,,,,,,,,,,,,,,,,,,,,,,,,,,,
TAKAFULIA,26,1,1 803 334,,,,,-9 194 649,,,,,,-6 836 645,,,,,,,,,,,,,,,,,,,,,,,,,,,,,-10 997 982,,,,
TAKAFULIA,26,1,,,,,,,,,,,,,,,,,,,,,,,,,,,,,,,,,,,,,,,,,"-8 216 946
596 980
-3 378 017",,"-8 216 946
366 594
-3 378 017
2 033 720","-6 632 814
47 870
-1 952 559
1 700 859","-230 386
2 033 720"
TAKAFULIA,26,1,-134 999,,,,,-1 178 678,,,,,,-743 403,,,,,,,,,,,,,,,,,,,,,,,,,,,,,-1 043 678,,,,
TAKAFULIA,26,1,,,,,,,,,,,,,,,,,,,,,,,,,,,,,,,,,,,,,,,,,"-1 043 678
-466 314
-577 364
-",,"-1 178 678
-466 314
-712 364
-","-743 403
-408 401
-335 002
-","-134 999
-134 999"
TAKAFULIA,26,1,,,,,,-3 035 630,,,,,,-2 526 914,,,,,,,,,,,,,,,,,,,,,,,,,,,,,-3 035 630,,,,
TAKAFULIA,26,1,,,,,,,,,,,,,,,,,,,,,,,,,,,,,,,,,,,,,,,,,,,,,
TAKAFULIA,26,1,1 668 334,,,,,-13 408 956,,,,,,-9 998 987,,,,,,,,,,,,,,,,,,,,,,,,,,,,,-15 077 290,,,,
TAKAFULIA,26,1,,,,,,,,,,,,,,,,,,,,,,,,,,,,,,,,,,,,,,,,,-1 721 574,,-1 721 574,-2 679 271,
TAKAFULIA,26,1,,,,,,,,,,,,,,,,,,,,,,,,,,,,,,,,,,,,"Surplus ou déficit de l'assurance Takaful et/ou
Rétakaful Général",,,,,7 454 351,,4 341 270,2 405 651,-3 113 081
TAKAFULIA,26,1,,,,,,,,,,,,,,,,,,,,,,,,,,,,,,,,,,,,"CH9/PR5 Effet des modi fications comptables
(nets d'impôt)",,,,,-3 008 869,,-3 008 869,-,
TAKAFULIA,26,1,,,,,,,,,,,,,,,,,,,,,,,,,,,,,,,,,,,,"Surplus ou déficit de l'assurance Takaful et/ou
Rétakaful Général après modification
comptable",,,,,4 445 482,,1 332 400,2 405 651,-3 113 081
TAKAFULIA,27,1,,,,,,,,,,,,,"11 285 622
1 326 657
1 889 438","7 554 330
787 716
2 009 441
40 164",,,,,,,,,,,,,,,,,,,,,,"PR1 Commission Wakala
PR2 Commission Moudharaba
PR3 Produits des placements
PR31 Revenus des placements
PR32 Produits des autres placements
Sous total 1a
PR33 Reprise de corrections de valeur sur placements
PR34 Profits provenant de la réalisation des placements
Sous total 1
CH1 Charges des placements
CH11 Charges de gestion des placements.
CH12 Correction de valeur sur placements
CH13 Pertes provenant de la réalisation des placements
Sous total 2
CH2 Dotations aux provisions et réductions de valeur sur Qardh
Hassan
PR4 Reprise de provisions et récupérations de valeur sur Qardh
Hassan
Produit net sur activités de gestion des fonds Takaful
PR5 Autres produits d'exploitation
CH3 Charges de personnel
CH4 Charges générales d'exploitation
CH5 Dotations aux amortissements et aux provisions sur
immobilisations
Résultat d'exploitation avant impôt
CH7 Impôt sur le résultat
Résultat d'exploitation après impôt
PR6 Gains extraordinaires
CH8 Pertes extraordinaires
Résultat extraordinaire",,,,"VI-1
VI-2
VI-3
VI-4",,,,,
TAKAFULIA,27,1,,,,,,,,,,,,,14 501 717,10 391 651,,,,,,,,,,,,,,,,,,,,,,,,,,,,,,,
TAKAFULIA,27,1,,,,,,,,,,,,,"-
-","1 721 487
-",,,,,,,,,,,,,,,,,,,,,,,,,,,,,,,
TAKAFULIA,27,1,,,,,,,,,,,,,14 501 717,12 113 138,,,,,,,,,,,,,,,,,,,,,,,,,,,,,,,
TAKAFULIA,27,1,,,,,,,,,,,,,"-23 909
-","-7 338
-1 354 050",,,,,,,,,,,,,,,,,,,,,,,,,,,,,,,
TAKAFULIA,27,1,,,,,,,,,,,,,-23 909,-1 361 388,,,,,,,,,,,,,,,,,,,,,,,,,,,,,,,
TAKAFULIA,27,1,,,,,,,,,,,,,,,,,,,,,,,,,,,,,,,,,,,,,,,,,,,,,
TAKAFULIA,27,1,,,,,,,,,,,,,14 477 808,10 751 750,,,,,,,,,,,,,,,,,,,,,,,,,,,,,,,
TAKAFULIA,27,1,,,,,,,,,,,,,"-
-11 453 971","-
-9 644 356",,,,,,,,,,,,,,,,,,,,,,,,,,,,,,,
TAKAFULIA,27,1,,,,,,,,,,,,,3 023 836,1 107 394,,,,,,,,,,,,,,,,,,,,,,,,,,,,,,,
TAKAFULIA,27,1,,,,,,,,,,,,,-1 514 138,-85 244,,,,,,,,,,,,,,,,,,,,,,,,,,,,,,,
TAKAFULIA,27,1,,,,,,,,,,,,,1 509 698,1 022 149,,,,,,,,,,,,,,,,,,,,,,,,,,,,,,,
TAKAFULIA,27,1,,,,,,,,,,,,,86 544,-,,,,,,,,,,,,,,,,,,,,,,,,,,,,,,,
TAKAFULIA,27,1,,,,,,,,,,,,,86 544,-,,,,,,,,,,,,,,,,,,,,,,,,,,,,,,,
TAKAFULIA,27,1,,,,,,,,,,,,,,,,,,,,,,,,,,,,,,,,,,,,,,,,,,,,,
TAKAFULIA,27,1,,,,,,,,,,,,,1 596 242,1 022 149,,,,,,,,,,,,,,,,,,,,,,Résultat net de l'exercice,,,,,,,,,
TAKAFULIA,27,1,,,,,,,,,,,,,,,,,,,,,,,,,,,,,,,,,,,,CH9/PR7 Effet des modifications comptables (nets d'impôt),,,,,,,,,
TAKAFULIA,27,1,,,,,,,,,,,,,1 596 242,1 022 149,,,,,,,,,,,,,,,,,,,,,,Résultat net de l'exercice après modifications comptables,,,,,,,,,
