societe,page,table_num,Actifs du Bilan Combiné arrêté au 31/12/ 2025,Note,31/12/2025,col,col_2,col_3,col_4,col_5,col_6,col_7,31/12/2024,col_8,col_9,col_10,col_11,Entreprise,Fonds des,"Actifs nets/Capitaux propres et passif du bilan
combiné arrêté au 31/12/ 2025",col_12,col_13,col_14,col_15,Etat de Surplus ou Déficit du Fonds Takaful Général (exprimé en dinars),L'état de Résultat de l'entreprise Takaful et/ou Rétakaful (Exprimé en dinars),2025,2024,Annexe 7 : Modèle de l’Etat des flux de trésorerie Combiné,"31/12/2024, ce qui repréVsaelneuter buruntee augmentation de Valeur Brute To t:a l Amort Dotation Total Amort Valeur nette
Libellés Acquisition 2025
31/12/2024 31/12/2025 31/12/2024 2025 31/12/2025 31/12/2025","Valeur b rute Acquisition Valeur Brute Total Amort Dotation Total Amort Valeur n ette
Libellés
31/12/2024 2025 31/12/2025 31/12/2024 2025 31/12/2025 31/12/2025","ils se détaillent comme suit :
Valeur nette
Libellés Valeur brut Valeur nette 2024 Variation
Provision 2025",Total Placements Fonds des Adhérents 330 159 795 - 2 080 998 328 078 797 262 555 614 65 523 183,Total Placements de l’opérateur du fonds 62 829 168 - 1 412 271 61 416 897 53 164 068 8 252 829,Libellés Montant 2025 Montant 2024 Variation,":
Libellés Montant 2025 Montant 2024 Variation",se détaillant comme suit : Libellés,Montant 2025,Montant 2024,Variation,Total Fonds des Adhérents,5 983 730,4 495 429,1 488 301,Total opérateur du fonds,16 428 588,14 519 977,1 908 610,Libellés Montant 2025 Montant 2024 Variatio n,Total opérateur 897 331 2 324 458 -1 427 128,"mouvements et ajustements intervenus au cours de la période considérée :
Affectations Actifs Nets 2025
Actifs Nets 2024 Surplus ou déficit
Libellés et Distributions Avant
Avant Affectation 2025
imputations Affectation","dinars au 31/12/2024, enregistrant une variation de dinars :
Capitaux propres Affectations Capitaux
Augmentatio Autre
Libellés 2024 Avant et Dividendes Résultat 2025 Propres 2025
n de capital Mouvements
Affectation imputations avant Affectation","Résultats
reportés","Résultat de
l'exercice 2025",Libellés,STuortpallu Fso aǹ ddiss tdreibsu Aedr hérents,112 470697 2 82167,135 2231 34 3307 6,-848455 759660,"ETotatta, lO Orgpaénriastmeue rd de use f́counrditse ́ sociale",71 870486 180207,71 269852 383085,56133 7 06222,"Les primes émises et acceptées présentent un solde net au 31/12/20V2a5r idatei on
Variation Opérations
Primes acquises / des Primes
Primes émises Annulation des Primes A Cessions Nettes au
Branches Acquises
Annuler 31/12/2025
Non Emises","2024, soit une augmentation de s’analysant comme suit :
opérations Brutes opérations opérations nettes
Libellé cessions 2025 variations nettes
2025 nettes 2025 2024",Branches,Primes,"Annulation
s et
Ristournes","Primes A
Annuler",Primes_2,"Variation
PPNA 2025","Prime
Acquises",cessions,col_16,Opérations,col_17,Annulation,Primes A,Prime,"soit une augmentation de s’analysant comme suit :
opérations opérations nettes opérations variations
Libellé cessions 2024
Brutes 2025 2025 nettes 2024 nettes",Actifs Nets 2024 Avant,Affectations et,Distributions,Surplus ou,Actifs Nets 2025 Avant,Capitaux propres,Affectations,"Augmentati
on de capital",Autre,Dividendes,"Résultat
2025",Capitaux Propres,Augmentati,Résultat,Désignation,Valeur brute,Amortissements et provisions,VCN,"Placements immobiliers et placements
immobiliers en cours","Origine des Fonds
placés (Fonds des
adhérents ou
entreprise Takaful)",Année d'inventaire,Exercice de survenance,Année d'in ventaire,Revenus et,Autres revenus et frais financiers,Annexe 14: Ventilation de surplus ou déficit par catégorie d'assurance(assurance takaful,AUTO,TRANS,INCENDIE,DIVERS,Total,Raccordement,Ass Familial et Capit,TOTAL,Affectation du placement,Montant (DT),"ressortent des Etats Financiers relatifs à
Montants bruts en Dinars",l’exeDrciirceec ctleousr l eG 3é1n édréacle mbr,e 2025 sAe dpmréisneinstternatt ecuomrsm e suit:
ZITOUNA,2,1,(Exprimé en dinars),,"Fonds des
Adhérents",,"Entreprise
Takaful
et/ou
Rétakaful",,,,Entreprise,"Fonds des
Adhérents",,"Entreprise
Takaful
et/ou
Rétakaful",,,Entreprise,,,,,,,,,,,,,,,,,,,,,,,,,,,,,,,,,,,,,,,,,,,,,,,,,,,,,,,,,,,,,,,,,,,,,,,,,,,,,,,,,,,,,,,,,,,,,,,,,,,,,,
ZITOUNA,2,1,,,,,,,,,Takaful,,,,,,Takaful,,,,,,,,,,,,,,,,,,,,,,,,,,,,,,,,,,,,,,,,,,,,,,,,,,,,,,,,,,,,,,,,,,,,,,,,,,,,,,,,,,,,,,,,,,,,,,,,,,,,,,
ZITOUNA,2,1,,,,,,,,,et/ou,,,,,,et/ou,,,,,,,,,,,,,,,,,,,,,,,,,,,,,,,,,,,,,,,,,,,,,,,,,,,,,,,,,,,,,,,,,,,,,,,,,,,,,,,,,,,,,,,,,,,,,,,,,,,,,,
ZITOUNA,2,1,,,,,,,,,Rétakaful,,,,,,Rétakaful,,,,,,,,,,,,,,,,,,,,,,,,,,,,,,,,,,,,,,,,,,,,,,,,,,,,,,,,,,,,,,,,,,,,,,,,,,,,,,,,,,,,,,,,,,,,,,,,,,,,,,
ZITOUNA,2,1,,,,,,,,,combiné,,,,,,combiné,,,,,,,,,,,,,,,,,,,,,,,,,,,,,,,,,,,,,,,,,,,,,,,,,,,,,,,,,,,,,,,,,,,,,,,,,,,,,,,,,,,,,,,,,,,,,,,,,,,,,,
ZITOUNA,2,1,AC1 Actifs incorporels,1,0,,,655 331,,,655 331,,0,,586 425,,586 425,,,,,,,,,,,,,,,,,,,,,,,,,,,,,,,,,,,,,,,,,,,,,,,,,,,,,,,,,,,,,,,,,,,,,,,,,,,,,,,,,,,,,,,,,,,,,,,,,,,,,,
ZITOUNA,2,1,,,,,,,,,,,,,,,,,,,,,,,,,,,,,,,,,,,,,,,,,,,,,,,,,,,,,,,,,,,,,,,,,,,,,,,,,,,,,,,,,,,,,,,,,,,,,,,,,,,,,,,,,,,,,,,,,,,,,
ZITOUNA,2,1,,,,,,,,,,,,,,,,,,,,,,,,,,,,,,,,,,,,,,,,,,,,,,,,,,,,,,,,,,,,,,,,,,,,,,,,,,,,,,,,,,,,,,,,,,,,,,,,,,,,,,,,,,,,,,,,,,,,,
ZITOUNA,2,1,"AACC122 A Ccotinfsce csosriopnosr, eblrse dv'eetxs,p llioceitnacteios,n m arques",2,00,,,36 45055 3 13510,,,36 45055 3 13510,,00,,35 58266 4 32558,,35 58266 4 32558,,,,,,,,,,,,,,,,,,,,,,,,,,,,,,,,,,,,,,,,,,,,,,,,,,,,,,,,,,,,,,,,,,,,,,,,,,,,,,,,,,,,,,,,,,,,,,,,,,,,,,
ZITOUNA,2,1,,,,,,,,,,,,,,,,,,,,,,,,,,,,,,,,,,,,,,,,,,,,,,,,,,,,,,,,,,,,,,,,,,,,,,,,,,,,,,,,,,,,,,,,,,,,,,,,,,,,,,,,,,,,,,,,,,,,,
ZITOUNA,2,1,,,,,,,,,,,,,,,,,,,,,,,,,,,,,,,,,,,,,,,,,,,,,,,,,,,,,,,,,,,,,,,,,,,,,,,,,,,,,,,,,,,,,,,,,,,,,,,,,,,,,,,,,,,,,,,,,,,,,
ZITOUNA,2,1,AC21 Installations techniques et machines,,0,,,2 434 060,,,2 434 060,,0,,2 609 238,,2 609 238,,,,,,,,,,,,,,,,,,,,,,,,,,,,,,,,,,,,,,,,,,,,,,,,,,,,,,,,,,,,,,,,,,,,,,,,,,,,,,,,,,,,,,,,,,,,,,,,,,,,,,
ZITOUNA,2,1,"AACC232 P Alaucterems einnsttsa llation, outillage et mobilier",3,328 070 8 797,,,619 7411 60 9809 7,,,38997 419 059 609 4,,262 550 5 614,,539 1176 41 2006 8,,31951 771 192 608 2,,,,,,,,,,,,,,,,,,,,,,,,,,,,,,,,,,,,,,,,,,,,,,,,,,,,,,,,,,,,,,,,,,,,,,,,,,,,,,,,,,,,,,,,,,,,,,,,,,,,,,
ZITOUNA,2,1,A C31 Terrains et constructions,,0,,,8 982 019,,,8 982 019,,0,,8 982 019,,8 982 019,,,,,,,,,,,,,,,,,,,,,,,,,,,,,,,,,,,,,,,,,,,,,,,,,,,,,,,,,,,,,,,,,,,,,,,,,,,,,,,,,,,,,,,,,,,,,,,,,,,,,,
ZITOUNA,2,1,,,,,,,,,,,,,,,,,,,,,,,,,,,,,,,,,,,,,,,,,,,,,,,,,,,,,,,,,,,,,,,,,,,,,,,,,,,,,,,,,,,,,,,,,,,,,,,,,,,,,,,,,,,,,,,,,,,,,
ZITOUNA,2,1,AC32 Placements dans les entreprises et participations,,6 370 860,,,11 044 472,,,17 415 332,,9 875 031,,10 021 969,,19 897 000,,,,,,,,,,,,,,,,,,,,,,,,,,,,,,,,,,,,,,,,,,,,,,,,,,,,,,,,,,,,,,,,,,,,,,,,,,,,,,,,,,,,,,,,,,,,,,,,,,,,,,
ZITOUNA,2,1,AC311 Terrains et constructions d'exploitation,,0,,,8 982 019,,,8 982 019,,0,,8 982 019,,8 982 019,,,,,,,,,,,,,,,,,,,,,,,,,,,,,,,,,,,,,,,,,,,,,,,,,,,,,,,,,,,,,,,,,,,,,,,,,,,,,,,,,,,,,,,,,,,,,,,,,,,,,,
ZITOUNA,2,1,"AC323 Parts dans des entreprises avec un lien de participation
AC324 Sukuks, Bons et autres titres à revenus assimilés émis par des",,337 527,,11 044 472,,,11 381 999,,375 031,,10 021 969,,10 397 000,,,,,,,,,,,,,,,,,,,,,,,,,,,,,,,,,,,,,,,,,,,,,,,,,,,,,,,,,,,,,,,,,,,,,,,,,,,,,,,,,,,,,,,,,,,,,,,,,,,,,,,
ZITOUNA,2,1,,,,,,,,,,,,,,,,,,,,,,,,,,,,,,,,,,,,,,,,,,,,,,,,,,,,,,,,,,,,,,,,,,,,,,,,,,,,,,,,,,,,,,,,,,,,,,,,,,,,,,,,,,,,,,,,,,,,,
ZITOUNA,2,1,eAnCt3r3ep Aruisterse sa vpelca cleesmqeuneltlse sfi nl'eanntcrieeprrsi se d'assurance a un lien de,,321 300 498,,,41 390 406,,,362 690 904,,252 290 546,,34 160 080,,286 450 626,,,,,,,,,,,,,,,,,,,,,,,,,,,,,,,,,,,,,,,,,,,,,,,,,,,,,,,,,,,,,,,,,,,,,,,,,,,,,,,,,,,,,,,,,,,,,,,,,,,,,,
ZITOUNA,2,1,participation et créances sur ces entreprises,,6 033 333,,,0,,,6 033 333,,9 500 000,,0,,9 500 000,,,,,,,,,,,,,,,,,,,,,,,,,,,,,,,,,,,,,,,,,,,,,,,,,,,,,,,,,,,,,,,,,,,,,,,,,,,,,,,,,,,,,,,,,,,,,,,,,,,,,,
ZITOUNA,2,1,,,,,,,,,,,,,,,,,,,,,,,,,,,,,,,,,,,,,,,,,,,,,,,,,,,,,,,,,,,,,,,,,,,,,,,,,,,,,,,,,,,,,,,,,,,,,,,,,,,,,,,,,,,,,,,,,,,,,
ZITOUNA,2,1,"AC331 Actions, autres titres à revenu variable et part dans des FCP",,3 046 505,,,36 408 226,,,39 454 731,,3 090 000,,28 060 000,,31 150 000,,,,,,,,,,,,,,,,,,,,,,,,,,,,,,,,,,,,,,,,,,,,,,,,,,,,,,,,,,,,,,,,,,,,,,,,,,,,,,,,,,,,,,,,,,,,,,,,,,,,,,
ZITOUNA,2,1,AC333 Autres prêts,,150 000,,,0,,,150 000,,150 000,,0,,150 000,,,,,,,,,,,,,,,,,,,,,,,,,,,,,,,,,,,,,,,,,,,,,,,,,,,,,,,,,,,,,,,,,,,,,,,,,,,,,,,,,,,,,,,,,,,,,,,,,,,,,,
ZITOUNA,2,1,"AACC33345 C Drééapnôctse sa upporuèrs e dsepsè écteasb dliéspseomséeenst as ubpanrècsa idreess eetn ftirneapnrciiseerss
AcéCd3a3n6t eAsu tres",,"317 810 000
420973 499339",,"4 908 000
74 01 80",,,"322 718 000
430678 417339",,"248 767 500
329803 004368",,"6 025 900
74 01 80",,"254 793 400
339507 202368",,,,,,,,,,,,,,,,,,,,,,,,,,,,,,,,,,,,,,,,,,,,,,,,,,,,,,,,,,,,,,,,,,,,,,,,,,,,,,,,,,,,,,,,,,,,,,,,,,,,,,,
ZITOUNA,2,1,,,,,,74 01 80,,,430678 417339,,329803 004368,,74 01 80,,339507 202368,,,,,,,,,,,,,,,,,,,,,,,,,,,,,,,,,,,,,,,,,,,,,,,,,,,,,,,,,,,,,,,,,,,,,,,,,,,,,,,,,,,,,,,,,,,,,,,,,,,,,,
ZITOUNA,2,1,,,,,,,,,,,,,,,,,,,,,,,,,,,,,,,,,,,,,,,,,,,,,,,,,,,,,,,,,,,,,,,,,,,,,,,,,,,,,,,,,,,,,,,,,,,,,,,,,,,,,,,,,,,,,,,,,,,,,
ZITOUNA,2,1,AC5 Part des réassurances dans les provisions techniques,4,21 115 797,,,,,,21 115 797,,19 801 701,,,,19 801 701,,,,,,,,,,,,,,,,,,,,,,,,,,,,,,,,,,,,,,,,,,,,,,,,,,,,,,,,,,,,,,,,,,,,,,,,,,,,,,,,,,,,,,,,,,,,,,,,,,,,,,
ZITOUNA,2,1,,,,,,,,,,,,,,,,,,,,,,,,,,,,,,,,,,,,,,,,,,,,,,,,,,,,,,,,,,,,,,,,,,,,,,,,,,,,,,,,,,,,,,,,,,,,,,,,,,,,,,,,,,,,,,,,,,,,,
ZITOUNA,2,1,,,,,,0,,,,,,,0,,,,,,,,,,,,,,,,,,,,,,,,,,,,,,,,,,,,,,,,,,,,,,,,,,,,,,,,,,,,,,,,,,,,,,,,,,,,,,,,,,,,,,,,,,,,,,,,,,,,,,,,
ZITOUNA,2,1,AC510 Provisions pour primes non acquises,,5 427 887,,,0,,,5 427 887,,4 803 463,,0,,4 803 463,,,,,,,,,,,,,,,,,,,,,,,,,,,,,,,,,,,,,,,,,,,,,,,,,,,,,,,,,,,,,,,,,,,,,,,,,,,,,,,,,,,,,,,,,,,,,,,,,,,,,,
ZITOUNA,2,1,AC520 Provisions d'assurance (Takaful familial),,970 783,,,0,,,970 783,,973 194,,0,,973 194,,,,,,,,,,,,,,,,,,,,,,,,,,,,,,,,,,,,,,,,,,,,,,,,,,,,,,,,,,,,,,,,,,,,,,,,,,,,,,,,,,,,,,,,,,,,,,,,,,,,,,
ZITOUNA,2,1,AC530 Provisions pour sinistre (Takaful familial),,311 867,,,0,,,311 867,,272 928,,0,,272 928,,,,,,,,,,,,,,,,,,,,,,,,,,,,,,,,,,,,,,,,,,,,,,,,,,,,,,,,,,,,,,,,,,,,,,,,,,,,,,,,,,,,,,,,,,,,,,,,,,,,,,
ZITOUNA,2,1,AACC563 C1r éParonvciessio ns pour sinistre (Takaful général),5,3144 040085 296706,,,18 8104 144,,,5124 842035 216200,,3193 177532 131956,,17 7904 647,,5163 976582 101454,,,,,,,,,,,,,,,,,,,,,,,,,,,,,,,,,,,,,,,,,,,,,,,,,,,,,,,,,,,,,,,,,,,,,,,,,,,,,,,,,,,,,,,,,,,,,,,,,,,,,,
ZITOUNA,2,1,A C61 Créances nées d'opérations d'assurance directe,,27 08 0 996,,,0,,,27 08 0 996,,31 53 2 996,,0,,31 53 2 996,,,,,,,,,,,,,,,,,,,,,,,,,,,,,,,,,,,,,,,,,,,,,,,,,,,,,,,,,,,,,,,,,,,,,,,,,,,,,,,,,,,,,,,,,,,,,,,,,,,,,,
ZITOUNA,2,1,,,,,,,,,,,,,,,,,,,,,,,,,,,,,,,,,,,,,,,,,,,,,,,,,,,,,,,,,,,,,,,,,,,,,,,,,,,,,,,,,,,,,,,,,,,,,,,,,,,,,,,,,,,,,,,,,,,,,
ZITOUNA,2,1,,,,,,,,,,,,,,,,,,,,,,,,,,,,,,,,,,,,,,,,,,,,,,,,,,,,,,,,,,,,,,,,,,,,,,,,,,,,,,,,,,,,,,,,,,,,,,,,,,,,,,,,,,,,,,,,,,,,,
ZITOUNA,2,1,AC611 Primes acquises et non émises,,-2 292 472,,,0,,,-2 292 472,,-1 473 819,,0,,-1 473 819,,,,,,,,,,,,,,,,,,,,,,,,,,,,,,,,,,,,,,,,,,,,,,,,,,,,,,,,,,,,,,,,,,,,,,,,,,,,,,,,,,,,,,,,,,,,,,,,,,,,,,
ZITOUNA,2,1,AACC66122 C Aréuatrnecse csr nééaensc eds'o npééersa dt'ioopnésr daeti ornéa ds'saussruarnacnec e directe,,296 4844 22 5317 2,,,00,,,296 4844 22 5317 2,,236 1 64142 9 37513,,00,,236 1 64142 9 37513,,,,,,,,,,,,,,,,,,,,,,,,,,,,,,,,,,,,,,,,,,,,,,,,,,,,,,,,,,,,,,,,,,,,,,,,,,,,,,,,,,,,,,,,,,,,,,,,,,,,,,
ZITOUNA,2,1,AACC66133 A Curtéraens ccersé ainndceems nisées subrogées à l'entreprise d'assurance,,52 958331 079360,,,16 4208 588,,,222 543112 0 39167,,46 439954 446229,,14 5109 977,,169 309145 4 46026,,,,,,,,,,,,,,,,,,,,,,,,,,,,,,,,,,,,,,,,,,,,,,,,,,,,,,,,,,,,,,,,,,,,,,,,,,,,,,,,,,,,,,,,,,,,,,,,,,,,,,
ZITOUNA,2,1,,,,,,,,,,,,,,,,,,,,,,,,,,,,,,,,,,,,,,,,,,,,,,,,,,,,,,,,,,,,,,,,,,,,,,,,,,,,,,,,,,,,,,,,,,,,,,,,,,,,,,,,,,,,,,,,,,,,,
ZITOUNA,2,1,,,,,,,,,,,,,,,,,,,,,,,,,,,,,,,,,,,,,,,,,,,,,,,,,,,,,,,,,,,,,,,,,,,,,,,,,,,,,,,,,,,,,,,,,,,,,,,,,,,,,,,,,,,,,,,,,,,,,
ZITOUNA,2,1,AC631 Personnel,,0,,,29 604,,,29 604,,0,,49 807,,49 807,,,,,,,,,,,,,,,,,,,,,,,,,,,,,,,,,,,,,,,,,,,,,,,,,,,,,,,,,,,,,,,,,,,,,,,,,,,,,,,,,,,,,,,,,,,,,,,,,,,,,,
ZITOUNA,2,1,"AACC66362 C Erétaatn, coersg asnuirs mlee Fso dned ssé dceusr iatéd hsoécrieanl,t cso llectivités publiques",,5 9803 730,,,124 3 88154 5 25277,,,220 3 78957 5 95577,,4 4905 429,,133 2 17340 6 87508,,137 2 67246 6 27807,,,,,,,,,,,,,,,,,,,,,,,,,,,,,,,,,,,,,,,,,,,,,,,,,,,,,,,,,,,,,,,,,,,,,,,,,,,,,,,,,,,,,,,,,,,,,,,,,,,,,,
ZITOUNA,2,1,AC633 Débiteurs divers,,0,,,1 584 756,,,1 584 756,,0,,1 339 312,,1 339 312,,,,,,,,,,,,,,,,,,,,,,,,,,,,,,,,,,,,,,,,,,,,,,,,,,,,,,,,,,,,,,,,,,,,,,,,,,,,,,,,,,,,,,,,,,,,,,,,,,,,,,
ZITOUNA,2,1,AC7 Autres éléments d'actif,6,17 990 059,,,1 722 956,,,19 713 015,,17 893 829,,3 196 852,,21 090 682,,,,,,,,,,,,,,,,,,,,,,,,,,,,,,,,,,,,,,,,,,,,,,,,,,,,,,,,,,,,,,,,,,,,,,,,,,,,,,,,,,,,,,,,,,,,,,,,,,,,,,
ZITOUNA,2,1,"A C71 Avoirs en banque, CCP, chèques et caisse",,2 790 981,,,897 331,,,3 688 312,,3 199 074,,2 324 458,,5 523 532,,,,,,,,,,,,,,,,,,,,,,,,,,,,,,,,,,,,,,,,,,,,,,,,,,,,,,,,,,,,,,,,,,,,,,,,,,,,,,,,,,,,,,,,,,,,,,,,,,,,,,
ZITOUNA,2,1,AC721 frais d'acquisition reportés,,12 013 640,,,0,,,12 013 640,,11 721 780,,0,,11 721 780,,,,,,,,,,,,,,,,,,,,,,,,,,,,,,,,,,,,,,,,,,,,,,,,,,,,,,,,,,,,,,,,,,,,,,,,,,,,,,,,,,,,,,,,,,,,,,,,,,,,,,
ZITOUNA,2,1,AC731 Profit et loyers acquis non échus,,3 181 688,,,36 263,,,3 217 951,,2 969 226,,48 428,,3 017 654,,,,,,,,,,,,,,,,,,,,,,,,,,,,,,,,,,,,,,,,,,,,,,,,,,,,,,,,,,,,,,,,,,,,,,,,,,,,,,,,,,,,,,,,,,,,,,,,,,,,,,
ZITOUNA,2,1,AC733 Autres comptes de régularisation,,3 750,,,789 363,,,793 113,,3 750,,823 966,,827 716,,,,,,,,,,,,,,,,,,,,,,,,,,,,,,,,,,,,,,,,,,,,,,,,,,,,,,,,,,,,,,,,,,,,,,,,,,,,,,,,,,,,,,,,,,,,,,,,,,,,,,
ZITOUNA,2,1,,,,,,,,,,,,,,,,,,,,,,,,,,,,,,,,,,,,,,,,,,,,,,,,,,,,,,,,,,,,,,,,,,,,,,,,,,,,,,,,,,,,,,,,,,,,,,,,,,,,,,,,,,,,,,,,,,,,,
ZITOUNA,2,1,Total de l'actif,,401 193 629,,,86 014 479,,,487 208 108,,339 424 541,,78 268 350,,417 692 891,,,,,,,,,,,,,,,,,,,,,,,,,,,,,,,,,,,,,,,,,,,,,,,,,,,,,,,,,,,,,,,,,,,,,,,,,,,,,,,,,,,,,,,,,,,,,,,,,,,,,,
ZITOUNA,2,2,,,,,,,,,,,,,,,,Takaful,,,,,,,,,,,,,,,,,,,,,,,,,,,,,,,,,,,,,,,,,,,,,,,,,,,,,,,,,,,,,,,,,,,,,,,,,,,,,,,,,,,,,,,,,,,,,,,,,,,,,
ZITOUNA,2,2,,,,,,,,,,,,,,,,et/ou,,,,,,,,,,,,,,,,,,,,,,,,,,,,,,,,,,,,,,,,,,,,,,,,,,,,,,,,,,,,,,,,,,,,,,,,,,,,,,,,,,,,,,,,,,,,,,,,,,,,,
ZITOUNA,2,2,,,,,,,,,,,,,,,,Rétakaful,,,,,,,,,,,,,,,,,,,,,,,,,,,,,,,,,,,,,,,,,,,,,,,,,,,,,,,,,,,,,,,,,,,,,,,,,,,,,,,,,,,,,,,,,,,,,,,,,,,,,
ZITOUNA,2,3,,,,,,,,,,,,,,,,Takaful,,,,,,,,,,,,,,,,,,,,,,,,,,,,,,,,,,,,,,,,,,,,,,,,,,,,,,,,,,,,,,,,,,,,,,,,,,,,,,,,,,,,,,,,,,,,,,,,,,,,,
ZITOUNA,2,3,,,,,,,,,,,,,,,,et/ou,,,,,,,,,,,,,,,,,,,,,,,,,,,,,,,,,,,,,,,,,,,,,,,,,,,,,,,,,,,,,,,,,,,,,,,,,,,,,,,,,,,,,,,,,,,,,,,,,,,,,
ZITOUNA,2,3,,,,,,,,,,,,,,,,Rétakaful,,,,,,,,,,,,,,,,,,,,,,,,,,,,,,,,,,,,,,,,,,,,,,,,,,,,,,,,,,,,,,,,,,,,,,,,,,,,,,,,,,,,,,,,,,,,,,,,,,,,,
ZITOUNA,2,4,,,,,,,,,,,,,,,,,Adhérents,,,,,,,,,,,,,,,,,,,,,,,,,,,,,,,,,,,,,,,,,,,,,,,,,,,,,,,,,,,,,,,,,,,,,,,,,,,,,,,,,,,,,,,,,,,,,,,,,,,,
ZITOUNA,3,1,,,"Fonds des
Adhérents",,"Entreprise
Takaful et/ou
Rétakaful",,,,"Entreprise
Takaful et/ou
Rétakaful
combiné","Entreprise
Takaful et/ou
Rétakaful","Fonds des
Adhérents","Entreprise
Takaful et/ou
Rétakaful
combiné",,,,,,(Exprimé en dinars),,,,,,,,,,,,,,,,,,,,,,,,,,,,,,,,,,,,,,,,,,,,,,,,,,,,,,,,,,,,,,,,,,,,,,,,,,,,,,,,,,,,,,,,,,,,,,,,,,,
ZITOUNA,3,1,,7,,,,,,,,,,,,,,,,Actifs Nets des Adhérents,,,,,,,,,,,,,,,,,,,,,,,,,,,,,,,,,,,,,,,,,,,,,,,,,,,,,,,,,,,,,,,,,,,,,,,,,,,,,,,,,,,,,,,,,,,,,,,,,,,
ZITOUNA,3,1,,,0,,0,,,0,,0,0,0,,,,,,"AN1 Déficits du fonds des adhérents des exercices
antérieurs reportés",,,,,,,,,,,,,,,,,,,,,,,,,,,,,,,,,,,,,,,,,,,,,,,,,,,,,,,,,,,,,,,,,,,,,,,,,,,,,,,,,,,,,,,,,,,,,,,,,,,
ZITOUNA,3,1,,,4 097 697,,,0,,,4 097 697,0,3 234 015,3 234 015,,,,,,AN2 Provisions D'équilibrage du fonds des Adhérents,,,,,,,,,,,,,,,,,,,,,,,,,,,,,,,,,,,,,,,,,,,,,,,,,,,,,,,,,,,,,,,,,,,,,,,,,,,,,,,,,,,,,,,,,,,,,,,,,,,
ZITOUNA,3,1,,,1 792 332,,,0,,,1 792 332,0,1 727 363,1 727 363,,,,,,AN4 Surplus ou déficit de l'exercice,,,,,,,,,,,,,,,,,,,,,,,,,,,,,,,,,,,,,,,,,,,,,,,,,,,,,,,,,,,,,,,,,,,,,,,,,,,,,,,,,,,,,,,,,,,,,,,,,,,
ZITOUNA,3,1,,,3 090 000,,,0,,,3 090 000,0,3 090 000,3 090 000,,,,,,AN5 Autres Actifs Nets,,,,,,,,,,,,,,,,,,,,,,,,,,,,,,,,,,,,,,,,,,,,,,,,,,,,,,,,,,,,,,,,,,,,,,,,,,,,,,,,,,,,,,,,,,,,,,,,,,,
ZITOUNA,3,1,,,8 980 029,,,0,,,8 980 029,0,8 051 378,8 051 378,,,,,,Total des Actifs Nets des Adhérents,,,,,,,,,,,,,,,,,,,,,,,,,,,,,,,,,,,,,,,,,,,,,,,,,,,,,,,,,,,,,,,,,,,,,,,,,,,,,,,,,,,,,,,,,,,,,,,,,,,
ZITOUNA,3,1,,8,,,,,,,,,,,,,,,,Capitaux propres des Actionnaires,,,,,,,,,,,,,,,,,,,,,,,,,,,,,,,,,,,,,,,,,,,,,,,,,,,,,,,,,,,,,,,,,,,,,,,,,,,,,,,,,,,,,,,,,,,,,,,,,,,
ZITOUNA,3,1,,,0,,,30 000 000,,,30 000 000,30 000 000,0,30 000 000,,,,,,CP1 Capital social ou fonds équivalent,,,,,,,,,,,,,,,,,,,,,,,,,,,,,,,,,,,,,,,,,,,,,,,,,,,,,,,,,,,,,,,,,,,,,,,,,,,,,,,,,,,,,,,,,,,,,,,,,,,
ZITOUNA,3,1,,,0,,,2 007 728,,,2 007 728,1 538 371,0,1 538 371,,,,,,CP2 Réserves,,,,,,,,,,,,,,,,,,,,,,,,,,,,,,,,,,,,,,,,,,,,,,,,,,,,,,,,,,,,,,,,,,,,,,,,,,,,,,,,,,,,,,,,,,,,,,,,,,,
ZITOUNA,3,1,,,0,,,34 855 659,,,34 855 659,26 678 303,0,26 678 303,,,,,,CP4 Autres Capitaux propres,,,,,,,,,,,,,,,,,,,,,,,,,,,,,,,,,,,,,,,,,,,,,,,,,,,,,,,,,,,,,,,,,,,,,,,,,,,,,,,,,,,,,,,,,,,,,,,,,,,
ZITOUNA,3,1,,,0,,,746 966,,,746 966,846 930,0,846 930,,,,,,CP5 Résultat reporté,,,,,,,,,,,,,,,,,,,,,,,,,,,,,,,,,,,,,,,,,,,,,,,,,,,,,,,,,,,,,,,,,,,,,,,,,,,,,,,,,,,,,,,,,,,,,,,,,,,
ZITOUNA,3,1,,,0,,,67 610 353,,,67 610 353,59 063 604,0,59 063 604,,,,,,Total capitaux propres avant résultat de l'exercice,,,,,,,,,,,,,,,,,,,,,,,,,,,,,,,,,,,,,,,,,,,,,,,,,,,,,,,,,,,,,,,,,,,,,,,,,,,,,,,,,,,,,,,,,,,,,,,,,,,
ZITOUNA,3,1,,,0,,,7 379 895,,,7 379 895,8 540 196,0,8 540 196,,,,,,CP6 Résultat de l'exercice,,,,,,,,,,,,,,,,,,,,,,,,,,,,,,,,,,,,,,,,,,,,,,,,,,,,,,,,,,,,,,,,,,,,,,,,,,,,,,,,,,,,,,,,,,,,,,,,,,,
ZITOUNA,3,1,,,0,,,74 990 248,,,74 990 248,67 603 800,0,67 603 800,,,,,,Total capitaux propres avant affectation,,,,,,,,,,,,,,,,,,,,,,,,,,,,,,,,,,,,,,,,,,,,,,,,,,,,,,,,,,,,,,,,,,,,,,,,,,,,,,,,,,,,,,,,,,,,,,,,,,,
ZITOUNA,3,1,,,,,,,,,,,,,,,,,,,,,,,,,,,,,,,,,,,,,,,,,,,,,,,,,,,,,,,,,,,,,,,,,,,,,,,,,,,,,,,,,,,,,,,,,,,,,,,,,,,,,,,,,,,,,,,,,,,,,
ZITOUNA,3,1,,,8 980 029,,74 990 248,,,83 970 277,,67 603 800,8 051 378,75 655 178,,,,,,Total actifs nets et capitaux propres,,,,,,,,,,,,,,,,,,,,,,,,,,,,,,,,,,,,,,,,,,,,,,,,,,,,,,,,,,,,,,,,,,,,,,,,,,,,,,,,,,,,,,,,,,,,,,,,,,,
ZITOUNA,3,1,,,,,,,,,,,,,,,,,,,,,,,,,,,,,,,,,,,,,,,,,,,,,,,,,,,,,,,,,,,,,,,,,,,,,,,,,,,,,,,,,,,,,,,,,,,,,,,,,,,,,,,,,,,,,,,,,,,,,
ZITOUNA,3,1,,,,,,,,,,,,,,,,,,Passifs,,,,,,,,,,,,,,,,,,,,,,,,,,,,,,,,,,,,,,,,,,,,,,,,,,,,,,,,,,,,,,,,,,,,,,,,,,,,,,,,,,,,,,,,,,,,,,,,,,,
ZITOUNA,3,1,,9,0,,"1 053 721
1 053 721
1 000 000
1 0000 000
0
0
0
0
0
0
7 808 827
0
0
7 808 827
851 978
3 379 529
1 746 100
0
1 8301 221",,,"1 053 721
1 053 721
6 500 000
3567 5 4070 00 0707 1
41 723 425
202 950 435
4 962 614
107 66 4 048
170 249
15 287 481
20 576 643
604 054
4 362 841
11 814 965
851 978
3 379 529
4 318 975
1 409 226
23 328654 458547",,"1 098 218
1 198 218
1 000 000
1 0000 000
0
0
0
0
0
0
7 295 805
0
0
7 295 805
484 939
3 307 000
1 682 338
0
1 8201 529","0
0
5 500 000
2957 5 2000 30 0902 2
39 278 992
156 790 277
3 555 018
94 93 3 196
2 646 440
14 555 651
13 213 376
1 351 323
4 443 197
3 620 756
0
0
2 124 409
523 430
31 247946 364770","1 098 218
1 098 218
6 500 000
2967 5 2000 30 0902 2
39 278 992
156 790 277
3 555 018
94 93 3 196
2 646 440
14 555 651
20 509 181
1 351 323
4 443 197
10 916 561
484 939
3 307 000
3 806 747
523 430
33 237147 867760",,,,,,PA1 Autres passifs financiers,,,,,,,,,,,,,,,,,,,,,,,,,,,,,,,,,,,,,,,,,,,,,,,,,,,,,,,,,,,,,,,,,,,,,,,,,,,,,,,,,,,,,,,,,,,,,,,,,,,
ZITOUNA,3,1,,,,,,,,,,,,,,,,,,,,,,,,,,,,,,,,,,,,,,,,,,,,,,,,,,,,,,,,,,,,,,,,,,,,,,,,,,,,,,,,,,,,,,,,,,,,,,,,,,,,,,,,,,,,,,,,,,,,,
ZITOUNA,3,1,,,0,,,,,,,,,,,,,,,PA14 Dettes envers des établissements bancaires et,,,,,,,,,,,,,,,,,,,,,,,,,,,,,,,,,,,,,,,,,,,,,,,,,,,,,,,,,,,,,,,,,,,,,,,,,,,,,,,,,,,,,,,,,,,,,,,,,,,
ZITOUNA,3,1,,10,5 500 000,,,,,,,,,,,,,,,fPinAa2n Pcireorvs isions pour autres risques et charges,,,,,,,,,,,,,,,,,,,,,,,,,,,,,,,,,,,,,,,,,,,,,,,,,,,,,,,,,,,,,,,,,,,,,,,,,,,,,,,,,,,,,,,,,,,,,,,,,,,
ZITOUNA,3,1,,,,,,,,,,,,,,,,,,,,,,,,,,,,,,,,,,,,,,,,,,,,,,,,,,,,,,,,,,,,,,,,,,,,,,,,,,,,,,,,,,,,,,,,,,,,,,,,,,,,,,,,,,,,,,,,,,,,,
ZITOUNA,3,1,,,,,,,,,,,,,,,,,,,,,,,,,,,,,,,,,,,,,,,,,,,,,,,,,,,,,,,,,,,,,,,,,,,,,,,,,,,,,,,,,,,,,,,,,,,,,,,,,,,,,,,,,,,,,,,,,,,,,
ZITOUNA,3,1,,1 1,3557 5 4070 00 0707 1,,,,,,,,,,,,,,,PPAA233 P Aruotvriessio pnrso vteiscihonnsiq ues brutes,,,,,,,,,,,,,,,,,,,,,,,,,,,,,,,,,,,,,,,,,,,,,,,,,,,,,,,,,,,,,,,,,,,,,,,,,,,,,,,,,,,,,,,,,,,,,,,,,,,
ZITOUNA,3,1,,,,,,,,,,,,,,,,,,,,,,,,,,,,,,,,,,,,,,,,,,,,,,,,,,,,,,,,,,,,,,,,,,,,,,,,,,,,,,,,,,,,,,,,,,,,,,,,,,,,,,,,,,,,,,,,,,,,,
ZITOUNA,3,1,,,,,,,,,,,,,,,,,,,,,,,,,,,,,,,,,,,,,,,,,,,,,,,,,,,,,,,,,,,,,,,,,,,,,,,,,,,,,,,,,,,,,,,,,,,,,,,,,,,,,,,,,,,,,,,,,,,,,
ZITOUNA,3,1,,,41 723 425,,,,,,,,,,,,,,,PA310 Provisions pour primes non acquises,,,,,,,,,,,,,,,,,,,,,,,,,,,,,,,,,,,,,,,,,,,,,,,,,,,,,,,,,,,,,,,,,,,,,,,,,,,,,,,,,,,,,,,,,,,,,,,,,,,
ZITOUNA,3,1,,,202 950 435,,,,,,,,,,,,,,,PA320 Provisions d'assurance (Takaful familial),,,,,,,,,,,,,,,,,,,,,,,,,,,,,,,,,,,,,,,,,,,,,,,,,,,,,,,,,,,,,,,,,,,,,,,,,,,,,,,,,,,,,,,,,,,,,,,,,,,
ZITOUNA,3,1,,,4 962 614,,,,,,,,,,,,,,,PA330 Provisions pour sinistre (Takaful familial),,,,,,,,,,,,,,,,,,,,,,,,,,,,,,,,,,,,,,,,,,,,,,,,,,,,,,,,,,,,,,,,,,,,,,,,,,,,,,,,,,,,,,,,,,,,,,,,,,,
ZITOUNA,3,1,,,107 66 4 048,,,,,,,,,,,,,,,P A331 Provision pour sinistre (Takaful général),,,,,,,,,,,,,,,,,,,,,,,,,,,,,,,,,,,,,,,,,,,,,,,,,,,,,,,,,,,,,,,,,,,,,,,,,,,,,,,,,,,,,,,,,,,,,,,,,,,
ZITOUNA,3,1,,12,"170 249
15 287 481",,,,,,,,,,,,,,,"PPAA356 D1e Attuetsre pso purro vdiéspioôntss teench ensipqèuceess ( Treaçkuafsu dl egsé néral)
cessionnaires",,,,,,,,,,,,,,,,,,,,,,,,,,,,,,,,,,,,,,,,,,,,,,,,,,,,,,,,,,,,,,,,,,,,,,,,,,,,,,,,,,,,,,,,,,,,,,,,,,,
ZITOUNA,3,1,,,,,,,,,,,,,,,,,,,,,,,,,,,,,,,,,,,,,,,,,,,,,,,,,,,,,,,,,,,,,,,,,,,,,,,,,,,,,,,,,,,,,,,,,,,,,,,,,,,,,,,,,,,,,,,,,,,,,
ZITOUNA,3,1,,13,12 767 815,,,,,,,,,,,,,,,PA6 Autres dettes,,,,,,,,,,,,,,,,,,,,,,,,,,,,,,,,,,,,,,,,,,,,,,,,,,,,,,,,,,,,,,,,,,,,,,,,,,,,,,,,,,,,,,,,,,,,,,,,,,,
ZITOUNA,3,1,,,604 054,,,,,,,,,,,,,,,P A61 Dettes nées d'opérations d'assurance directe,,,,,,,,,,,,,,,,,,,,,,,,,,,,,,,,,,,,,,,,,,,,,,,,,,,,,,,,,,,,,,,,,,,,,,,,,,,,,,,,,,,,,,,,,,,,,,,,,,,
ZITOUNA,3,1,,,4 362 841,,,,,,,,,,,,,,,PA62 Dettes nées d'opérations de réassurance,,,,,,,,,,,,,,,,,,,,,,,,,,,,,,,,,,,,,,,,,,,,,,,,,,,,,,,,,,,,,,,,,,,,,,,,,,,,,,,,,,,,,,,,,,,,,,,,,,,
ZITOUNA,3,1,,,4 006 138,,,,,,,,,,,,,,,PA63 Autres dettes,,,,,,,,,,,,,,,,,,,,,,,,,,,,,,,,,,,,,,,,,,,,,,,,,,,,,,,,,,,,,,,,,,,,,,,,,,,,,,,,,,,,,,,,,,,,,,,,,,,
ZITOUNA,3,1,,,,,,,,,,,,,,,,,,,,,,,,,,,,,,,,,,,,,,,,,,,,,,,,,,,,,,,,,,,,,,,,,,,,,,,,,,,,,,,,,,,,,,,,,,,,,,,,,,,,,,,,,,,,,,,,,,,,,
ZITOUNA,3,1,,,,,,,,,,,,,,,,,,,,,,,,,,,,,,,,,,,,,,,,,,,,,,,,,,,,,,,,,,,,,,,,,,,,,,,,,,,,,,,,,,,,,,,,,,,,,,,,,,,,,,,,,,,,,,,,,,,,,
ZITOUNA,3,1,,,"0
0",,,,,,,,,,,,,,,"PA631Dépôts et cautionnements reçus
PA632 Personnel",,,,,,,,,,,,,,,,,,,,,,,,,,,,,,,,,,,,,,,,,,,,,,,,,,,,,,,,,,,,,,,,,,,,,,,,,,,,,,,,,,,,,,,,,,,,,,,,,,,
ZITOUNA,3,1,,,"2 572 875
1 409 226",,,,,,,,,,,,,,,"PA633 Etat, organismes de sécurité sociale, collectives
pPuAb6l5iq Suuers plus à distribuer",,,,,,,,,,,,,,,,,,,,,,,,,,,,,,,,,,,,,,,,,,,,,,,,,,,,,,,,,,,,,,,,,,,,,,,,,,,,,,,,,,,,,,,,,,,,,,,,,,,
ZITOUNA,3,1,,,21 348353 256547,,,,,,,,,,,,,,,PPAA66364 D Certétedsit eenuvrse rdsi vle'orps érateur du Fonds,,,,,,,,,,,,,,,,,,,,,,,,,,,,,,,,,,,,,,,,,,,,,,,,,,,,,,,,,,,,,,,,,,,,,,,,,,,,,,,,,,,,,,,,,,,,,,,,,,,
ZITOUNA,3,1,,,,,,,,,,,,,,,,,,,,,,,,,,,,,,,,,,,,,,,,,,,,,,,,,,,,,,,,,,,,,,,,,,,,,,,,,,,,,,,,,,,,,,,,,,,,,,,,,,,,,,,,,,,,,,,,,,,,,
ZITOUNA,3,1,,14,1 187 533,,,1 161 683,,,2 349 216,1 270 528,900 214,2 170 741,,,,,,PA7 Autres passifs,,,,,,,,,,,,,,,,,,,,,,,,,,,,,,,,,,,,,,,,,,,,,,,,,,,,,,,,,,,,,,,,,,,,,,,,,,,,,,,,,,,,,,,,,,,,,,,,,,,
ZITOUNA,3,1,,,,,,,,,,,,,,,,,,,,,,,,,,,,,,,,,,,,,,,,,,,,,,,,,,,,,,,,,,,,,,,,,,,,,,,,,,,,,,,,,,,,,,,,,,,,,,,,,,,,,,,,,,,,,,,,,,,,,
ZITOUNA,3,1,,,,,,,,,,,,,,,,,,,,,,,,,,,,,,,,,,,,,,,,,,,,,,,,,,,,,,,,,,,,,,,,,,,,,,,,,,,,,,,,,,,,,,,,,,,,,,,,,,,,,,,,,,,,,,,,,,,,,
ZITOUNA,3,1,,,3912 1 2817 35 3630 0,,,11 0204 231,,,4013 1 2837 75 3833 2,10 6604 550,33910 307 231 146 3,34920 003 271 741 3,,,,,,PTAo7ta1l0 dRue ppoarsts dife commissions reçues des réassurances,,,,,,,,,,,,,,,,,,,,,,,,,,,,,,,,,,,,,,,,,,,,,,,,,,,,,,,,,,,,,,,,,,,,,,,,,,,,,,,,,,,,,,,,,,,,,,,,,,,
ZITOUNA,3,1,,,"0
401 193 629",,,"1 161 683
86 014 479",,,"1 161 683
487 208 108","1 270 528
78 268 350","0
339 424 541","1 270 528
417 692 891",,,,,,"PA712 Autres comptes de régularisation passif
Total des Actifs nets/capitaux propres et du passif",,,,,,,,,,,,,,,,,,,,,,,,,,,,,,,,,,,,,,,,,,,,,,,,,,,,,,,,,,,,,,,,,,,,,,,,,,,,,,,,,,,,,,,,,,,,,,,,,,,
ZITOUNA,3,2,,,,,,,,,,,,,,,,Takaful et/ou,,,,,,,,,,,,,,,,,,,,,,,,,,,,,,,,,,,,,,,,,,,,,,,,,,,,,,,,,,,,,,,,,,,,,,,,,,,,,,,,,,,,,,,,,,,,,,,,,,,,,
ZITOUNA,3,2,,,,,,,,,,,,,,,,Rétakaful,,,,,,,,,,,,,,,,,,,,,,,,,,,,,,,,,,,,,,,,,,,,,,,,,,,,,,,,,,,,,,,,,,,,,,,,,,,,,,,,,,,,,,,,,,,,,,,,,,,,,
ZITOUNA,3,3,,,,,,,,,,,,,,,,,,,,,,,,,,,,,,,,,,,,,,,,,,,,,,,,,,,,,,,,,,,,,,,,,,,,,,,,,,,,,,,,,,,,,,,,,,,,,,,,,,,,,,,,,,,,,,,,,,,,,
ZITOUNA,4,1,,,,Etat de Surplus ou Déficit du Fonds Takaful Familial (exprimé en dinars),,,,,,,,,,,,,,,,,,,,,,,,,,,,,,,,,,,,,,,,,,,,,,,,,,,,,,,,,,,,,,,,,,,,,,,,,,,,,,,,,,,,,,,,,,,,,,,,,,,,,,,,,,,,,,,,,
ZITOUNA,4,1,,,,Période allant du 01/01/2025 au 31/12/2025,,,,,,,,,,,,,,,,,,,,,,,,,,,,,,,,,,,,,,,,,,,,,,,,,,,,,,,,,,,,,,,,,,,,,,,,,,,,,,,,,,,,,,,,,,,,,,,,,,,,,,,,,,,,,,,,,
ZITOUNA,4,1,,,,,,,,,,,,,,,,,,,,,,,,,,,,,,,,,,,,,,,,,,,,,,,,,,,,,,,,,,,,,,,,,,,,,,,,,,,,,,,,,,,,,,,,,,,,,,,,,,,,,,,,,,,,,,,,,,,,,
ZITOUNA,4,1,,,,,,,,,Note,31/12/2025,,,,,,,,,,,31/12/2024,,,,,,,,,,,,,,,,,,,,,,,,,,,,,,,,,,,,,,,,,,,,,,,,,,,,,,,,,,,,,,,,,,,,,,,,,,,,,,,,,,,,,,,,,,,,,,,,
ZITOUNA,4,1,,,,,,,,,,"Opérations
brutes",,,Cessions,,,,,,,Opérations,,Opérations,,,,,,,,,,,,,,,,,,,,,,,,,,,,,,,,,,,,,,,,,,,,,,,,,,,,,,,,,,,,,,,,,,,,,,,,,,,,,,,,,,,,,,,,,,,,,,,
ZITOUNA,4,1,,,,,,,,,,,,,,,,,,,,nettes,,nettes,,,,,,,,,,,,,,,,,,,,,,,,,,,,,,,,,,,,,,,,,,,,,,,,,,,,,,,,,,,,,,,,,,,,,,,,,,,,,,,,,,,,,,,,,,,,,,,
ZITOUNA,4,1,,,,P RF1,,,P rimes,+,15,61 694 762,,,,1 799 881,,,,,,59 894 881,,33 122 416,,,,,,,,,,,,,,,,,,,,,,,,,,,,,,,,,,,,,,,,,,,,,,,,,,,,,,,,,,,,,,,,,,,,,,,,,,,,,,,,,,,,,,,,,,,,,,,
ZITOUNA,4,1,,,,,,,,,,61 694 762,,,,,,,,,,,,,,,,,,,,,,,,,,,,,,,,,,,,,,,,,,,,,,,,,,,,,,,,,,,,,,,,,,,,,,,,,,,,,,,,,,,,,,,,,,,,,,,,,,,,,,,,,,,
ZITOUNA,4,1,,,,PPRRFF121,,,PPrriomdeusi tésm diese psl eatc aecmceepnttése s,++,1 6,15 164 259,,,,1 7709 881,,,,,,1559 186944 828519,,1323 417252 431664,,,,,,,,,,,,,,,,,,,,,,,,,,,,,,,,,,,,,,,,,,,,,,,,,,,,,,,,,,,,,,,,,,,,,,,,,,,,,,,,,,,,,,,,,,,,,,,
ZITOUNA,4,1,,,,,,,,,,15 164 259,,,,,,,,,,15 164 259,,12 475 364,,,,,,,,,,,,,,,,,,,,,,,,,,,,,,,,,,,,,,,,,,,,,,,,,,,,,,,,,,,,,,,,,,,,,,,,,,,,,,,,,,,,,,,,,,,,,,,
ZITOUNA,4,1,,,,PCRHFF211,,,RChevaerngues d dee ssi pnliasctreemse nts,+,1 7,19 822 695,,,,2050 7 48,,,,,,19 616 948,,7 219 573,,,,,,,,,,,,,,,,,,,,,,,,,,,,,,,,,,,,,,,,,,,,,,,,,,,,,,,,,,,,,,,,,,,,,,,,,,,,,,,,,,,,,,,,,,,,,,,
ZITOUNA,4,1,,,,,,,,,,,,,,,,,,,,,,,,,,,,,,,,,,,,,,,,,,,,,,,,,,,,,,,,,,,,,,,,,,,,,,,,,,,,,,,,,,,,,,,,,,,,,,,,,,,,,,,,,,,,,,,,,,,,,
ZITOUNA,4,1,,,,CHF11,,,Montants payés,-,,18 415 099,,,,166 809,,,,,,18 248 290,,6 040 631,,,,,,,,,,,,,,,,,,,,,,,,,,,,,,,,,,,,,,,,,,,,,,,,,,,,,,,,,,,,,,,,,,,,,,,,,,,,,,,,,,,,,,,,,,,,,,,
ZITOUNA,4,1,,,,CCHHFF122,,,VVaarriiaattiioonn d dee lsa apurotrveissi opnr opvoiusrio sninsi sttercehsn iques,--,,416 410670 5 19568,,,,3-28 491309,,,,,,416 316682 6 55678,,310 147386 9 74317,,,,,,,,,,,,,,,,,,,,,,,,,,,,,,,,,,,,,,,,,,,,,,,,,,,,,,,,,,,,,,,,,,,,,,,,,,,,,,,,,,,,,,,,,,,,,,,
ZITOUNA,4,1,,,,CHF3,,,Frais d'exploitation,-,18,4 382 832,,,,941 492,,,,,,3 441 340,,2 311 625,,,,,,,,,,,,,,,,,,,,,,,,,,,,,,,,,,,,,,,,,,,,,,,,,,,,,,,,,,,,,,,,,,,,,,,,,,,,,,,,,,,,,,,,,,,,,,,
ZITOUNA,4,1,,,,,,,,,,,,,,,,,,,,,,,,,,,,,,,,,,,,,,,,,,,,,,,,,,,,,,,,,,,,,,,,,,,,,,,,,,,,,,,,,,,,,,,,,,,,,,,,,,,,,,,,,,,,,,,,,,,,,
ZITOUNA,4,1,,,,CHF31,,,Frais d'acquisition,-,,3 684 337,,,,0,,,,,,3 684 337,,3 036 767,,,,,,,,,,,,,,,,,,,,,,,,,,,,,,,,,,,,,,,,,,,,,,,,,,,,,,,,,,,,,,,,,,,,,,,,,,,,,,,,,,,,,,,,,,,,,,,
ZITOUNA,4,1,,,,CHF33,,,Frais d'administration à la charge du fond des adhérents,-,,698 495,,,,0,,,,,,698 495,,183 069,,,,,,,,,,,,,,,,,,,,,,,,,,,,,,,,,,,,,,,,,,,,,,,,,,,,,,,,,,,,,,,,,,,,,,,,,,,,,,,,,,,,,,,,,,,,,,,
ZITOUNA,4,1,,,,CCHHFF344,,,CCohmarmgeisss dioen Gs eresçtiuoens ddees p rléaacsesmureenutrss,+,1 9,4 6610 647,,,,9410 4 92,,,,,,4- 964611 4 69427,,3- 980086 2 31314,,,,,,,,,,,,,,,,,,,,,,,,,,,,,,,,,,,,,,,,,,,,,,,,,,,,,,,,,,,,,,,,,,,,,,,,,,,,,,,,,,,,,,,,,,,,,,,
ZITOUNA,4,1,,,,CHF41,,,Charges de gestion des placements,,,,,,,0,,,,,,,,,,,,,,,,,,,,,,,,,,,,,,,,,,,,,,,,,,,,,,,,,,,,,,,,,,,,,,,,,,,,,,,,,,,,,,,,,,,,,,,,,,,,,,,,,,,,,,,
ZITOUNA,4,1,,,,,,,,,,4 607 999,,,,,,,,,,4 607 999,,3 806 334,,,,,,,,,,,,,,,,,,,,,,,,,,,,,,,,,,,,,,,,,,,,,,,,,,,,,,,,,,,,,,,,,,,,,,,,,,,,,,,,,,,,,,,,,,,,,,,
ZITOUNA,4,1,,,,CHF411,,,Commission Moudharaba,,,4 516 145,,,,0,,,,,,4 516 145,,3 713 824,,,,,,,,,,,,,,,,,,,,,,,,,,,,,,,,,,,,,,,,,,,,,,,,,,,,,,,,,,,,,,,,,,,,,,,,,,,,,,,,,,,,,,,,,,,,,,,
ZITOUNA,4,1,,,,CCHHFF44122,,,ACourtrreesc tcihoanr gdees v daele guers tsiuorn pdlea pcelamceemnte nts,,,5931 685447,,,,00,,,,,,5931 685447,,92 05 10,,,,,,,,,,,,,,,,,,,,,,,,,,,,,,,,,,,,,,,,,,,,,,,,,,,,,,,,,,,,,,,,,,,,,,,,,,,,,,,,,,,,,,,,,,,,,,,
ZITOUNA,4,1,,,,CHF5,,,Autres charges techniques,-,20,-424 014,,,,0,,,,,,-424 014,,499 977,,,,,,,,,,,,,,,,,,,,,,,,,,,,,,,,,,,,,,,,,,,,,,,,,,,,,,,,,,,,,,,,,,,,,,,,,,,,,,,,,,,,,,,,,,,,,,,
ZITOUNA,4,1,,,,CHF8,,,Impôt sur le résultat,,21,1 027 661,,,,0,,,,,,1 027 661,,710 799,,,,,,,,,,,,,,,,,,,,,,,,,,,,,,,,,,,,,,,,,,,,,,,,,,,,,,,,,,,,,,,,,,,,,,,,,,,,,,,,,,,,,,,,,,,,,,,
ZITOUNA,4,1,,,,,,,,,,,,,,,,,,,,,,,,,,,,,,,,,,,,,,,,,,,,,,,,,,,,,,,,,,,,,,,,,,,,,,,,,,,,,,,,,,,,,,,,,,,,,,,,,,,,,,,,,,,,,,,,,,,,,
ZITOUNA,4,1,,,,RTF,,Surplus ou déficit de l'assurance Takaful Familial,,,,1 228 043,,,-655 053,,,,,,572 990,,612 735,,,,,,,,,,,,,,,,,,,,,,,,,,,,,,,,,,,,,,,,,,,,,,,,,,,,,,,,,,,,,,,,,,,,,,,,,,,,,,,,,,,,,,,,,,,,,,,,
ZITOUNA,5,1,,,,,,,,,,,,,,,,,,,,,,,Période allant du 01/01/2025 au 31/12/2025,,,,,,,,,,,,,,,,,,,,,,,,,,,,,,,,,,,,,,,,,,,,,,,,,,,,,,,,,,,,,,,,,,,,,,,,,,,,,,,,,,,,,,,,,,,,,,
ZITOUNA,5,1,,,,,,,,,,,,,,,,,,,,,,,,,,,,,,,,,,,,,,,,,,,,,,,,,,,,,,,,,,,,,,,,,,,,,,,,,,,,,,,,,,,,,,,,,,,,,,,,,,,,,,,,,,,,,,,,,,,,,
ZITOUNA,5,1,,,,,,,,NOTE,31/12/2025,,,,,,,,,,,,31/12/2024,,,,,,,,,,,,,,,,,,,,,,,,,,,,,,,,,,,,,,,,,,,,,,,,,,,,,,,,,,,,,,,,,,,,,,,,,,,,,,,,,,,,,,,,,,,,,,,,
ZITOUNA,5,1,,,,,,,,,"Opérations
brutes",,,Cessions,,,,,,,Opérations,Opérations nettes,,,,,,,,,,,,,,,,,,,,,,,,,,,,,,,,,,,,,,,,,,,,,,,,,,,,,,,,,,,,,,,,,,,,,,,,,,,,,,,,,,,,,,,,,,,,,,,,,
ZITOUNA,5,1,,,,,,,,,,,,,,,,,,,nettes,,,,,,,,,,,,,,,,,,,,,,,,,,,,,,,,,,,,,,,,,,,,,,,,,,,,,,,,,,,,,,,,,,,,,,,,,,,,,,,,,,,,,,,,,,,,,,,,,,
ZITOUNA,5,1,,,,,,P rimes acquises (-),,22,93 018 435,,,,11 225 518,,,,,,81 792 917,,77 215 767,,P RG1,,,,,,,,,,,,,,,,,,,,,,,,,,,,,,,,,,,,,,,,,,,,,,,,,,,,,,,,,,,,,,,,,,,,,,,,,,,,,,,,,,,,,,,,,,,,,,
ZITOUNA,5,1,,,,,,,,,,,,,,,,,,,,,,,,,,,,,,,,,,,,,,,,,,,,,,,,,,,,,,,,,,,,,,,,,,,,,,,,,,,,,,,,,,,,,,,,,,,,,,,,,,,,,,,,,,,,,,,,,,,,,
ZITOUNA,5,1,,,,,,Primes émises et acceptées,"+
+",,95 492 869,,,11 849 941,,,83 612 928,,,,,81 158 043,,,PRG11,,,,,,,,,,,,,,,,,,,,,,,,,,,,,,,,,,,,,,,,,,,,,,,,,,,,,,,,,,,,,,,,,,,,,,,,,,,,,,,,,,,,,,,,,,,,,,
ZITOUNA,5,1,,,,,,Variation de la provision pour primes non,-,,2 444 434,,,,624 423,,,,,,1 820 011,,3 942 276,,PRG12,,,,,,,,,,,,,,,,,,,,,,,,,,,,,,,,,,,,,,,,,,,,,,,,,,,,,,,,,,,,,,,,,,,,,,,,,,,,,,,,,,,,,,,,,,,,,,
ZITOUNA,5,1,,,,,,"acquises
Produits de placements",+,23,9 914 392,,,,0,,,,,,9 9 14 392,,8 679 194,,PRG2,,,,,,,,,,,,,,,,,,,,,,,,,,,,,,,,,,,,,,,,,,,,,,,,,,,,,,,,,,,,,,,,,,,,,,,,,,,,,,,,,,,,,,,,,,,,,,
ZITOUNA,5,1,,,,,,,,,,,,,,,,,,,,,,,,,,,,,,,,,,,,,,,,,,,,,,,,,,,,,,,,,,,,,,,,,,,,,,,,,,,,,,,,,,,,,,,,,,,,,,,,,,,,,,,,,,,,,,,,,,,,,
ZITOUNA,5,1,,,,,,Charge de sinistres,,24,53 476 580,,,,1 878 134,,,,,,51 598 446,,49 747 663,,CHG1,,,,,,,,,,,,,,,,,,,,,,,,,,,,,,,,,,,,,,,,,,,,,,,,,,,,,,,,,,,,,,,,,,,,,,,,,,,,,,,,,,,,,,,,,,,,,,
ZITOUNA,5,1,,,,,,,,,,,,,,,,,,,,,,,,,,,,,,,,,,,,,,,,,,,,,,,,,,,,,,,,,,,,,,,,,,,,,,,,,,,,,,,,,,,,,,,,,,,,,,,,,,,,,,,,,,,,,,,,,,,,,
ZITOUNA,5,1,,,,,,,,,,,,,,,,,,,,,,,,,,,,,,,,,,,,,,,,,,,,,,,,,,,,,,,,,,,,,,,,,,,,,,,,,,,,,,,,,,,,,,,,,,,,,,,,,,,,,,,,,,,,,,,,,,,,,
ZITOUNA,5,1,,,,,,Montants payés,-,,40 745 728,,,,1 224 990,,,,,,39 520 739,,31 391 741,,CHG11,,,,,,,,,,,,,,,,,,,,,,,,,,,,,,,,,,,,,,,,,,,,,,,,,,,,,,,,,,,,,,,,,,,,,,,,,,,,,,,,,,,,,,,,,,,,,,
ZITOUNA,5,1,,,,,,"Variation de provision pour sinistres
Variation des autres provisions techniques","-
-",25,"12 730 852
-2 476 191",,,,"653 144
0",,,,,,"12 077 708
-2 476 191",,"18 355 922
230 423",,"CHG12
CHG2",,,,,,,,,,,,,,,,,,,,,,,,,,,,,,,,,,,,,,,,,,,,,,,,,,,,,,,,,,,,,,,,,,,,,,,,,,,,,,,,,,,,,,,,,,,,,,
ZITOUNA,5,1,,,,,,,,,,,,,,,,,,,,,,,,,,,,,,,,,,,,,,,,,,,,,,,,,,,,,,,,,,,,,,,,,,,,,,,,,,,,,,,,,,,,,,,,,,,,,,,,,,,,,,,,,,,,,,,,,,,,,
ZITOUNA,5,1,,,,,,Frais d'exploitation,,26,30 871 734,,,,2 761 464,,,,,,28 110 270,,24 163 350,,CHG3,,,,,,,,,,,,,,,,,,,,,,,,,,,,,,,,,,,,,,,,,,,,,,,,,,,,,,,,,,,,,,,,,,,,,,,,,,,,,,,,,,,,,,,,,,,,,,
ZITOUNA,5,1,,,,,,,,,,,,,,,,,,,,,,,,,,,,,,,,,,,,,,,,,,,,,,,,,,,,,,,,,,,,,,,,,,,,,,,,,,,,,,,,,,,,,,,,,,,,,,,,,,,,,,,,,,,,,,,,,,,,,
ZITOUNA,5,1,,,,,,Frais d'acquisition,-,,26 612 073,,,0,,,26 612 073,,,,,24 682 865,,,CHG31,,,,,,,,,,,,,,,,,,,,,,,,,,,,,,,,,,,,,,,,,,,,,,,,,,,,,,,,,,,,,,,,,,,,,,,,,,,,,,,,,,,,,,,,,,,,,,
ZITOUNA,5,1,,,,,,"Variation du montant des frais d'acquisition
reportés",+/-,,291 860,,,0,,,291 860,,,,,2 018 429,,,CHG32,,,,,,,,,,,,,,,,,,,,,,,,,,,,,,,,,,,,,,,,,,,,,,,,,,,,,,,,,,,,,,,,,,,,,,,,,,,,,,,,,,,,,,,,,,,,,,
ZITOUNA,5,1,,,,,,Frais d'administration à la charge du fonds des,-,,4 551 521,,,,0,,,,,,4 551 521,,3 900 043,,CHG33,,,,,,,,,,,,,,,,,,,,,,,,,,,,,,,,,,,,,,,,,,,,,,,,,,,,,,,,,,,,,,,,,,,,,,,,,,,,,,,,,,,,,,,,,,,,,,
ZITOUNA,5,1,,,,,,adhérents,,,,,,,,,,,,,,,,,,,,,,,,,,,,,,,,,,,,,,,,,,,,,,,,,,,,,,,,,,,,,,,,,,,,,,,,,,,,,,,,,,,,,,,,,,,,,,,,,,,,,,,,,,,,,,,
ZITOUNA,5,1,,,,,,"Commissions reçues des réassureurs
Charges de gestion des placements",+,27,"0
3 496 706",,,,2 7601 464,,,,,,"2 761 464
3 496 706",,"2 401 129
3 018 075",,"CHG34
CHG4",,,,,,,,,,,,,,,,,,,,,,,,,,,,,,,,,,,,,,,,,,,,,,,,,,,,,,,,,,,,,,,,,,,,,,,,,,,,,,,,,,,,,,,,,,,,,,
ZITOUNA,5,1,,,,,,Charges de gestion des placements,-,,,,,,,,,,,,,,,,CHG41,,,,,,,,,,,,,,,,,,,,,,,,,,,,,,,,,,,,,,,,,,,,,,,,,,,,,,,,,,,,,,,,,,,,,,,,,,,,,,,,,,,,,,,,,,,,,,
ZITOUNA,5,1,,,,,,,,,,,,,,,,,,,,,,,,,,,,,,,,,,,,,,,,,,,,,,,,,,,,,,,,,,,,,,,,,,,,,,,,,,,,,,,,,,,,,,,,,,,,,,,,,,,,,,,,,,,,,,,,,,,,,
ZITOUNA,5,1,,,,,,,,,3 469 354,,,,0,,,,,,3 469 354,,3 018 075,,,,,,,,,,,,,,,,,,,,,,,,,,,,,,,,,,,,,,,,,,,,,,,,,,,,,,,,,,,,,,,,,,,,,,,,,,,,,,,,,,,,,,,,,,,,,,,,
ZITOUNA,5,1,,,,,,"Commissions Moudharaba
Correction de valeur sur placement","-
-",,"2 960 675
27 352",,,,"0
0",,,,,,"2 960 675
27 352",,"2 580 102
0",,"CHG411
CHG42",,,,,,,,,,,,,,,,,,,,,,,,,,,,,,,,,,,,,,,,,,,,,,,,,,,,,,,,,,,,,,,,,,,,,,,,,,,,,,,,,,,,,,,,,,,,,,
ZITOUNA,5,1,,,,,,"Autres Charges de gestion de placements
Autres charges techniques","-
-",28,"508 680
6 927 676",,,,"0
0",,,,,,"508 680
6 927 676",,"437 972
6 952 740",,"CHG412
CHG5",,,,,,,,,,,,,,,,,,,,,,,,,,,,,,,,,,,,,,,,,,,,,,,,,,,,,,,,,,,,,,,,,,,,,,,,,,,,,,,,,,,,,,,,,,,,,,
ZITOUNA,5,1,,,,,,Impôt sur le résultat,,29,2 831 059,,,,0,,,,,,2 831 059,,668 083,,CHG8,,,,,,,,,,,,,,,,,,,,,,,,,,,,,,,,,,,,,,,,,,,,,,,,,,,,,,,,,,,,,,,,,,,,,,,,,,,,,,,,,,,,,,,,,,,,,,
ZITOUNA,5,1,,,,,,Surplus ou déficit de l'assurance Takaful Général,,,7 805 263,,,,-6 585 921,,,,,,1 219 342,,1 114 627,,RTG,,,,,,,,,,,,,,,,,,,,,,,,,,,,,,,,,,,,,,,,,,,,,,,,,,,,,,,,,,,,,,,,,,,,,,,,,,,,,,,,,,,,,,,,,,,,,,
ZITOUNA,6,1,,,,,,,,,,,,,,,,,,,,,,,,Période allant du 01/01/2025 au 31/12/2025,,,,,,,,,,,,,,,,,,,,,,,,,,,,,,,,,,,,,,,,,,,,,,,,,,,,,,,,,,,,,,,,,,,,,,,,,,,,,,,,,,,,,,,,,,,,,
ZITOUNA,6,1,,,,,,,,,,,,,,,,,,,,,,,,,,,,,,,,,,,,,,,,,,,,,,,,,,,,,,,,,,,,,,,,,,,,,,,,,,,,,,,,,,,,,,,,,,,,,,,,,,,,,,,,,,,,,,,,,,,,,
ZITOUNA,6,1,,,,,,,,,,Note,,,31/12/2025,31/12/2024,,,,,,,,,,,,,,,,,,,,,,,,,,,,,,,,,,,,,,,,,,,,,,,,,,,,,,,,,,,,,,,,,,,,,,,,,,,,,,,,,,,,,,,,,,,,,,,,,,,,,,,
ZITOUNA,6,1,,,,,,Commission Wakala,,,+,30,,,29 071 091,26 526 933,,,,,,,,,,PR1,,,,,,,,,,,,,,,,,,,,,,,,,,,,,,,,,,,,,,,,,,,,,,,,,,,,,,,,,,,,,,,,,,,,,,,,,,,,,,,,,,,,,,,,,,,,,
ZITOUNA,6,1,,,,,,Commission Moudharaba,,,,31,,,6 283 042,5 289 014,,,,,,,,,,PR2,,,,,,,,,,,,,,,,,,,,,,,,,,,,,,,,,,,,,,,,,,,,,,,,,,,,,,,,,,,,,,,,,,,,,,,,,,,,,,,,,,,,,,,,,,,,,
ZITOUNA,6,1,,,,,,Produits des placements,,,+,32,,,1 004 430,1 147 466,,,,,,,,,,PR3,,,,,,,,,,,,,,,,,,,,,,,,,,,,,,,,,,,,,,,,,,,,,,,,,,,,,,,,,,,,,,,,,,,,,,,,,,,,,,,,,,,,,,,,,,,,,
ZITOUNA,6,1,,,,,,,,,,,,,,,,,,,,,,,,,,,,,,,,,,,,,,,,,,,,,,,,,,,,,,,,,,,,,,,,,,,,,,,,,,,,,,,,,,,,,,,,,,,,,,,,,,,,,,,,,,,,,,,,,,,,,
ZITOUNA,6,1,,,,,,"Sous Total 1
Revenus des placements",,,,,,,"36 358 562
1 004 430","32 963 412
1 147 466",,,,,,,,,,PR31,,,,,,,,,,,,,,,,,,,,,,,,,,,,,,,,,,,,,,,,,,,,,,,,,,,,,,,,,,,,,,,,,,,,,,,,,,,,,,,,,,,,,,,,,,,,,
ZITOUNA,6,1,,,,,,,,,,,,,248 394,0,,,,,,,,,,PR34,,,,,,,,,,,,,,,,,,,,,,,,,,,,,,,,,,,,,,,,,,,,,,,,,,,,,,,,,,,,,,,,,,,,,,,,,,,,,,,,,,,,,,,,,,,,,
ZITOUNA,6,1,,,,,,"Sous Total 2
Profit provenant de la réalisation des placements",,,,,,,248 394,0,,,,,,,,,,,,,,,,,,,,,,,,,,,,,,,,,,,,,,,,,,,,,,,,,,,,,,,,,,,,,,,,,,,,,,,,,,,,,,,,,,,,,,,,,,,,,,,,,,,,,,,
ZITOUNA,6,1,,,,,,Charges des placements,,,,33,,,1 738 686,115 632,,,,,,,,,,CH1,,,,,,,,,,,,,,,,,,,,,,,,,,,,,,,,,,,,,,,,,,,,,,,,,,,,,,,,,,,,,,,,,,,,,,,,,,,,,,,,,,,,,,,,,,,,,
ZITOUNA,6,1,,,,,,,,,,,,,,,,,,,,,,,,,,,,,,,,,,,,,,,,,,,,,,,,,,,,,,,,,,,,,,,,,,,,,,,,,,,,,,,,,,,,,,,,,,,,,,,,,,,,,,,,,,,,,,,,,,,,,
ZITOUNA,6,1,,,,,,Charges de gestion des placements,,,,,,,326 415,115 632,,,,,,,,,,CH11,,,,,,,,,,,,,,,,,,,,,,,,,,,,,,,,,,,,,,,,,,,,,,,,,,,,,,,,,,,,,,,,,,,,,,,,,,,,,,,,,,,,,,,,,,,,,
ZITOUNA,6,1,,,,,,"Sous Total 3
Correction de valeur sur placement",,,,,,,"1 738 686
1 412 271","115 632
0",,,,,,,,,,CH12,,,,,,,,,,,,,,,,,,,,,,,,,,,,,,,,,,,,,,,,,,,,,,,,,,,,,,,,,,,,,,,,,,,,,,,,,,,,,,,,,,,,,,,,,,,,,
ZITOUNA,6,1,,,,,,Autres produits d'exploitation,,,+,34,,,1 020 841,949 431,,,,,,,,,,PR5,,,,,,,,,,,,,,,,,,,,,,,,,,,,,,,,,,,,,,,,,,,,,,,,,,,,,,,,,,,,,,,,,,,,,,,,,,,,,,,,,,,,,,,,,,,,,
ZITOUNA,6,1,,,,,,Charges générales d'exploitation,,,,35,,,24 960 792,23 363 522,,,,,,,,,,CH4,,,,,,,,,,,,,,,,,,,,,,,,,,,,,,,,,,,,,,,,,,,,,,,,,,,,,,,,,,,,,,,,,,,,,,,,,,,,,,,,,,,,,,,,,,,,,
ZITOUNA,6,1,,,,,,Dotations aux Amortissements et aux Provisions sur,,,,36,,1 263 762,,894 398,,,,,,,,,,CH5,,,,,,,,,,,,,,,,,,,,,,,,,,,,,,,,,,,,,,,,,,,,,,,,,,,,,,,,,,,,,,,,,,,,,,,,,,,,,,,,,,,,,,,,,,,,,
ZITOUNA,6,1,,,,,,Immobilisation,,,,,,,,,,,,,,,,,,,,,,,,,,,,,,,,,,,,,,,,,,,,,,,,,,,,,,,,,,,,,,,,,,,,,,,,,,,,,,,,,,,,,,,,,,,,,,,,,,,,,,,,,,,,,,,
ZITOUNA,6,1,,,,,,Résultat d'exploitation avant Impôts,,,,,,,9 664 558,9 539 291,,,,,,,,,,,,,,,,,,,,,,,,,,,,,,,,,,,,,,,,,,,,,,,,,,,,,,,,,,,,,,,,,,,,,,,,,,,,,,,,,,,,,,,,,,,,,,,,,,,,,,,
ZITOUNA,6,1,,,,,,Impôt sur le résultat,,,-,37,,,2 285 227,842 978,,,,,,,,,,CH7,,,,,,,,,,,,,,,,,,,,,,,,,,,,,,,,,,,,,,,,,,,,,,,,,,,,,,,,,,,,,,,,,,,,,,,,,,,,,,,,,,,,,,,,,,,,,
ZITOUNA,6,1,,,,,,Résultat d'exploitation après Impôts,,,,,,,7 379 331,8 696 313,,,,,,,,,,,,,,,,,,,,,,,,,,,,,,,,,,,,,,,,,,,,,,,,,,,,,,,,,,,,,,,,,,,,,,,,,,,,,,,,,,,,,,,,,,,,,,,,,,,,,,,
ZITOUNA,6,1,,,,,,Gains extraordinaires,,,+,,,,842,3,,,,,,,,,,PR6,,,,,,,,,,,,,,,,,,,,,,,,,,,,,,,,,,,,,,,,,,,,,,,,,,,,,,,,,,,,,,,,,,,,,,,,,,,,,,,,,,,,,,,,,,,,,
ZITOUNA,6,1,,,,,,Pertes extraordinaires,,,-,,,,278,156 119,,,,,,,,,,CH8,,,,,,,,,,,,,,,,,,,,,,,,,,,,,,,,,,,,,,,,,,,,,,,,,,,,,,,,,,,,,,,,,,,,,,,,,,,,,,,,,,,,,,,,,,,,,
ZITOUNA,6,1,,,,,,Résultat extraordinaire,,,,,,,564,-156 116,,,,,,,,,,,,,,,,,,,,,,,,,,,,,,,,,,,,,,,,,,,,,,,,,,,,,,,,,,,,,,,,,,,,,,,,,,,,,,,,,,,,,,,,,,,,,,,,,,,,,,,
ZITOUNA,6,1,,,,,,,,,,,,,,,,,,,,,,,,,,,,,,,,,,,,,,,,,,,,,,,,,,,,,,,,,,,,,,,,,,,,,,,,,,,,,,,,,,,,,,,,,,,,,,,,,,,,,,,,,,,,,,,,,,,,,
ZITOUNA,6,1,,,,,R ésultat net de l'exercice,,,,,,,7 379 895,,8 540 196,,,,,,,,,,,,,,,,,,,,,,,,,,,,,,,,,,,,,,,,,,,,,,,,,,,,,,,,,,,,,,,,,,,,,,,,,,,,,,,,,,,,,,,,,,,,,,,,,,,,,,,
ZITOUNA,7,1,,,,,,"Entreprise
Takaful
et/ou
Rétakaful","Entreprise
Takaful et/ou
Rétakaful
Combiné","Entreprise
Takaful et/ou
Rétakaful","Entreprise
Takaful et/ou
Rétakaful
Combiné",,,,,,,,,,,,,,,,"Fonds des
Adhérents","Fonds des
Adhérents",,,,,,,,,,,,,,,,,,,,,,,,,,,,,,,,,,,,,,,,,,,,,,,,,,,,,,,,,,,,,,,,,,,,,,,,,,,,,,,,,,,,,,,,,,,
ZITOUNA,7,1,,,,"HB1
HB2
HB 3
HB 4
HB 5
HB 6","Engagements reçus
Engagements donnés
HB 21 Avals, cautionset garanties de
crédit données
HB 22 Titres et actifs acquis avec
engagements de revente
HB 23 Autres engagements sut titres,
actifs ou revenus
Valeurs reçues en nantissement des
HceBs s2i4o nAnuatrierse se negt adgeesm reénttrso dceosnsniéosn naires
Valeurs remises par des organismes
réassurés avec caution solidaire ou de
substitution
Valeurs appartenant à des institutions
de prévoyance
Autres valeurs détenues pour compte
de tiers","Nul
Nul
Nul
Nul
Nul
Nul
Nul","Nul
Nul
Nul
Nul
Nul
Nul
Nul","Nul
Nul
Nul
Nul
Nul
Nul
Nul","Nul
Nul
Nul
Nul
Nul
Nul
Nul",,,,,,,,,,,,,,,,"Nul
Nul
Nul
Nul
Nul
Nul
Nul","Nul
Nul
Nul
Nul
Nul
Nul
Nul",,,,,,,,,,,,,,,,,,,,,,,,,,,,,,,,,,,,,,,,,,,,,,,,,,,,,,,,,,,,,,,,,,,,,,,,,,,,,,,,,,,,,,,,,,,
ZITOUNA,7,2,,,,,,,,,,,,,,,,Takaful,,,,,,,,,,,,,,,,,,,,,,,,,,,,,,,,,,,,,,,,,,,,,,,,,,,,,,,,,,,,,,,,,,,,,,,,,,,,,,,,,,,,,,,,,,,,,,,,,,,,,
ZITOUNA,7,2,,,,,,,,,,,,,,,,et/ou,,,,,,,,,,,,,,,,,,,,,,,,,,,,,,,,,,,,,,,,,,,,,,,,,,,,,,,,,,,,,,,,,,,,,,,,,,,,,,,,,,,,,,,,,,,,,,,,,,,,,
ZITOUNA,7,2,,,,,,,,,,,,,,,,Rétakaful,,,,,,,,,,,,,,,,,,,,,,,,,,,,,,,,,,,,,,,,,,,,,,,,,,,,,,,,,,,,,,,,,,,,,,,,,,,,,,,,,,,,,,,,,,,,,,,,,,,,,
ZITOUNA,7,3,,,,,,,,,,,,,,,,Takaful et/ou,,,,,,,,,,,,,,,,,,,,,,,,,,,,,,,,,,,,,,,,,,,,,,,,,,,,,,,,,,,,,,,,,,,,,,,,,,,,,,,,,,,,,,,,,,,,,,,,,,,,,
ZITOUNA,7,3,,,,,,,,,,,,,,,,Rétakaful,,,,,,,,,,,,,,,,,,,,,,,,,,,,,,,,,,,,,,,,,,,,,,,,,,,,,,,,,,,,,,,,,,,,,,,,,,,,,,,,,,,,,,,,,,,,,,,,,,,,,
ZITOUNA,7,3,,,,,,,,,,,,,,,,Combiné,,,,,,,,,,,,,,,,,,,,,,,,,,,,,,,,,,,,,,,,,,,,,,,,,,,,,,,,,,,,,,,,,,,,,,,,,,,,,,,,,,,,,,,,,,,,,,,,,,,,,
ZITOUNA,7,4,,,,,,,,,,,,,,,,Takaful et/ou,,,,,,,,,,,,,,,,,,,,,,,,,,,,,,,,,,,,,,,,,,,,,,,,,,,,,,,,,,,,,,,,,,,,,,,,,,,,,,,,,,,,,,,,,,,,,,,,,,,,,
ZITOUNA,7,4,,,,,,,,,,,,,,,,Rétakaful,,,,,,,,,,,,,,,,,,,,,,,,,,,,,,,,,,,,,,,,,,,,,,,,,,,,,,,,,,,,,,,,,,,,,,,,,,,,,,,,,,,,,,,,,,,,,,,,,,,,,
ZITOUNA,7,5,,,,,,,,,,,,,,,,,Adhérents,,,,,,,,,,,,,,,,,,,,,,,,,,,,,,,,,,,,,,,,,,,,,,,,,,,,,,,,,,,,,,,,,,,,,,,,,,,,,,,,,,,,,,,,,,,,,,,,,,,,
ZITOUNA,8,1,,,,,,,,,,,,,,,,,,,,,,,,,,,,,,,,,,,,,,,,,,,,,,,,,,,,,,,,,,,,,,,,,,,,,,,,,,,,,,,,,,,,,,,,,,,,,,,,,,,,,,,,,,,,,,,,,,,,,
ZITOUNA,8,1,,,,,,,,,,,,,,,,,,,,,,,,,,,,,,,,,,,,,,,,,,,,,,,,,,,,,,,,,,,,,,,,,,,,,,,,,,,,,,,,,,,,,,,,,,,,,,,,,,,,,,,,,,,,,,,,,,,,,
ZITOUNA,8,1,,,,Exercice 2025,,,,E xercice 2024,,,,,,,,,,,,,,,,,,,,,,,,,,,,,,,,,,,,,,,,,,,,,,,,,,,,,,,,,,,,,,,,,,,,,,,,,,,,,,,,,,,,,,,,,,,,,,,,,,,,,,,,,,,,,
ZITOUNA,8,1,,,,,,,,,,,,,,,,,,,,,,,,,,,,,,,,,,,,,,,,,,,,,,,,,,,,,,,,,,,,,,,,,,,,,,,,,,,,,,,,,,,,,,,,,,,,,,,,,,,,,,,,,,,,,,,,,,,,,
ZITOUNA,8,1,,,,"Fonds des
Adhérents","Entreprise
Takaful
et/ou
Rétakaful",,"Entreprise
Takaful et/ou
Rétakaful
combiné","Fonds des
Adhérents",,Entreprise,,,Entreprise,,,,,,,,,,,,,,,,,,,,,,,,,,,,,,,,,,,,,,,,,,,,,,,,,,,,,,,,,,,,,,,,,,,,,,,,,,,,,,,,,,,,,,,,,,,,,,,,,,,,,,,,
ZITOUNA,8,1,,,,,,,,,,Takaful,,,Takaful et/ou,,,,,,,,,,,,,,,,,,,,,,,,,,,,,,,,,,,,,,,,,,,,,,,,,,,,,,,,,,,,,,,,,,,,,,,,,,,,,,,,,,,,,,,,,,,,,,,,,,,,,,,,
ZITOUNA,8,1,,,,,,,,,,et/ou,,,Rétakaful,,,,,,,,,,,,,,,,,,,,,,,,,,,,,,,,,,,,,,,,,,,,,,,,,,,,,,,,,,,,,,,,,,,,,,,,,,,,,,,,,,,,,,,,,,,,,,,,,,,,,,,,
ZITOUNA,8,1,,,,,,,,,,Rétakaful,,,combiné,,,,,,,,,,,,,,,,,,,,,,,,,,,,,,,,,,,,,,,,,,,,,,,,,,,,,,,,,,,,,,,,,,,,,,,,,,,,,,,,,,,,,,,,,,,,,,,,,,,,,,,,
ZITOUNA,8,1,,,,,,,,,,,,,,,,,,,,,,,,,,,,,,,,,,,,,,,,,,,,,,,,,,,,,,,,,,,,,,,,,,,,,,,,,,,,,,,,,,,,,,,,,,,,,,,,,,,,,,,,,,,,,,,,,,,,,
ZITOUNA,8,1,,,,,,,,,,,,,,,,,,,,,,,,,,,Flux de trésorerie liés à l'exploitation,,,,,,,,,,,,,,,,,,,,,,,,,,,,,,,,,,,,,,,,,,,,,,,,,,,,,,,,,,,,,,,,,,,,,,,,,,,,,,,,,,,,,,,,,,
ZITOUNA,8,1,,,,,,,,,,,,,,,,,,,,,,,,,,,,,,,,,,,,,,,,,,,,,,,,,,,,,,,,,,,,,,,,,,,,,,,,,,,,,,,,,,,,,,,,,,,,,,,,,,,,,,,,,,,,,,,,,,,,,
ZITOUNA,8,1,,,,223 996 264,0,,223 996 264,178 844 516,,0,,,178 844 516,,,,,,,,,,,,,,Encaissements des primes reçues des adhérents,,,,,,,,,,,,,,,,,,,,,,,,,,,,,,,,,,,,,,,,,,,,,,,,,,,,,,,,,,,,,,,,,,,,,,,,,,,,,,,,,,,,,,,,,,
ZITOUNA,8,1,,,,-53 008 572,0,,-53 008 572,-38 530 471,,0,,,-38 530 471,,,,,,,,,,,,,,Sommes versées pour paiement des sinistres,,,,,,,,,,,,,,,,,,,,,,,,,,,,,,,,,,,,,,,,,,,,,,,,,,,,,,,,,,,,,,,,,,,,,,,,,,,,,,,,,,,,,,,,,,
ZITOUNA,8,1,,,,-9 212 723,0,,-9 212 723,-2 683 459,,0,,,-2 683 459,,,,,,,,,,,,,,Décaissements de primes pour les cessions,,,,,,,,,,,,,,,,,,,,,,,,,,,,,,,,,,,,,,,,,,,,,,,,,,,,,,,,,,,,,,,,,,,,,,,,,,,,,,,,,,,,,,,,,,
ZITOUNA,8,1,,,,1 207 208,0,,1 207 208,1 190 835,,0,,,1 190 835,,,,,,,,,,,,,,Encaissements des sinistres pour les cessions,,,,,,,,,,,,,,,,,,,,,,,,,,,,,,,,,,,,,,,,,,,,,,,,,,,,,,,,,,,,,,,,,,,,,,,,,,,,,,,,,,,,,,,,,,
ZITOUNA,8,1,,,,2 258 063,0,,2 258 063,2 918 929,,0,,,2 918 929,,,,,,,,,,,,,,Commissions reçues sur les cessions,,,,,,,,,,,,,,,,,,,,,,,,,,,,,,,,,,,,,,,,,,,,,,,,,,,,,,,,,,,,,,,,,,,,,,,,,,,,,,,,,,,,,,,,,,
ZITOUNA,8,1,,,,-30 392 723,0,,-30 392 723,-7 908 974,,0,,,-7 908 974,,,,,,,,,,,,,,Commissions versées aux intermédiaires,,,,,,,,,,,,,,,,,,,,,,,,,,,,,,,,,,,,,,,,,,,,,,,,,,,,,,,,,,,,,,,,,,,,,,,,,,,,,,,,,,,,,,,,,,
ZITOUNA,8,1,,,,0,29 797 587,,29 797 587,0,,21 772 726,,,21 772 726,,,,,,,,,,,,,,Encaissement WAKALA,,,,,,,,,,,,,,,,,,,,,,,,,,,,,,,,,,,,,,,,,,,,,,,,,,,,,,,,,,,,,,,,,,,,,,,,,,,,,,,,,,,,,,,,,,
ZITOUNA,8,1,,,,-29 797 587,0,,-29 797 587,-21 772 726,,0,,,-21 772 726,,,,,,,,,,,,,,Décaissement WAKALA,,,,,,,,,,,,,,,,,,,,,,,,,,,,,,,,,,,,,,,,,,,,,,,,,,,,,,,,,,,,,,,,,,,,,,,,,,,,,,,,,,,,,,,,,,
ZITOUNA,8,1,,,,-12 366,-20 558 097,-20 570 463,,"-50 282
-1 151 949 892","-18 480 946
-60 930 900",,,"-18 531 228
-1 212 880 792",,,,,,,,,,,,,,,Sommes versées aux fournisseurs et au personnel,,,,,,,,,,,,,,,,,,,,,,,,,,,,,,,,,,,,,,,,,,,,,,,,,,,,,,,,,,,,,,,,,,,,,,,,,,,,,,,,,,,,,,,,,,
ZITOUNA,8,1,,,,-107 590 768,-28 978 000,,-136 568 768,,,,,,,,,,,,,,,,,,,,Décaissements liés à l'acquisition de placements,,,,,,,,,,,,,,,,,,,,,,,,,,,,,,,,,,,,,,,,,,,,,,,,,,,,,,,,,,,,,,,,,,,,,,,,,,,,,,,,,,,,,,,,,,
ZITOUNA,8,1,,,,8 911 283,14 027 899,22 939 182,,1 048 951 953,59 864 476,,,1 108 816 429,,,,,,,,,,,,,,,"financiers
Encaissements liés à la cession de placements financiers",,,,,,,,,,,,,,,,,,,,,,,,,,,,,,,,,,,,,,,,,,,,,,,,,,,,,,,,,,,,,,,,,,,,,,,,,,,,,,,,,,,,,,,,,,
ZITOUNA,8,1,,,,-18 478 062,-4 135 478,,-22 613 540,-17 483 502,,-4 367 037,,,-21 850 538,,,,,,,,,,,,,,Taxes sur les assurances versées au Trésor Produits,,,,,,,,,,,,,,,,,,,,,,,,,,,,,,,,,,,,,,,,,,,,,,,,,,,,,,,,,,,,,,,,,,,,,,,,,,,,,,,,,,,,,,,,,,
ZITOUNA,8,1,,,,19 367 057,1 290 508,,20 657 565,18 336 213,,920 616,,,19 256 829,,,,,,,,,,,,,,"financiers reçus
Produit financier reçu",,,,,,,,,,,,,,,,,,,,,,,,,,,,,,,,,,,,,,,,,,,,,,,,,,,,,,,,,,,,,,,,,,,,,,,,,,,,,,,,,,,,,,,,,,
ZITOUNA,8,1,,,,0,7 379 391,,7 379 391,0,,5 953 162,,,5 953 162,,,,,,,,,,,,,,Encaissement MOUDHARABA,,,,,,,,,,,,,,,,,,,,,,,,,,,,,,,,,,,,,,,,,,,,,,,,,,,,,,,,,,,,,,,,,,,,,,,,,,,,,,,,,,,,,,,,,,
ZITOUNA,8,1,,,,-7 379 391,0,,-7 379 391,-5 953 162,,0,,,-5 953 162,,,,,,,,,,,,,,Décaissement MOUDHARABA,,,,,,,,,,,,,,,,,,,,,,,,,,,,,,,,,,,,,,,,,,,,,,,,,,,,,,,,,,,,,,,,,,,,,,,,,,,,,,,,,,,,,,,,,,
ZITOUNA,8,1,,,,-275 776,-149 753,,-425 530,-789 788,,-31 864,,,-821 652,,,,,,,,,,,,,,Impôts sur les bénéfices payés Autres mouvements,,,,,,,,,,,,,,,,,,,,,,,,,,,,,,,,,,,,,,,,,,,,,,,,,,,,,,,,,,,,,,,,,,,,,,,,,,,,,,,,,,,,,,,,,,
ZITOUNA,8,1,,,,-408 092,-341 014,,-749 106,2 839 312,,4 171 592,,,7 010 904,,,,,,,,,,,,,,Flux de trésorerie provenant de l'exploitation,,,,,,,,,,,,,,,,,,,,,,,,,,,,,,,,,,,,,,,,,,,,,,,,,,,,,,,,,,,,,,,,,,,,,,,,,,,,,,,,,,,,,,,,,,
ZITOUNA,8,1,,,,0,984 930,,984 930,-280 878,,-528 642,,,-809 520,,,,,,,,,,,,,,"Autres mouvements
Flux de trésorerie liés aux activités d'investissement",,,,,,,,,,,,,,,,,,,,,,,,,,,,,,,,,,,,,,,,,,,,,,,,,,,,,,,,,,,,,,,,,,,,,,,,,,,,,,,,,,,,,,,,,,
ZITOUNA,8,1,,,,,,,,,,,,,,,,,,,,,,,,,,,,,,,,,,,,,,,,,,,,,,,,,,,,,,,,,,,,,,,,,,,,,,,,,,,,,,,,,,,,,,,,,,,,,,,,,,,,,,,,,,,,,,,,,,,,,
ZITOUNA,8,1,,,,0,-1 086 114,-1 086 114,,0,-1 608 754,,,-1 608 754,,,,,,,,,,,,,,,"Décaissements provenant de l'acquisition
d'immobilisations incorporelles et corporelles",,,,,,,,,,,,,,,,,,,,,,,,,,,,,,,,,,,,,,,,,,,,,,,,,,,,,,,,,,,,,,,,,,,,,,,,,,,,,,,,,,,,,,,,,,
ZITOUNA,8,1,,,,0,0,0,,0,96 272,,,96 272,,,,,,,,,,,,,,,"Encaissements provenant de la cession
d'immobilisations incorporelles et corporelles
Décaissements provenant de l'acquisition de placements",,,,,,,,,,,,,,,,,,,,,,,,,,,,,,,,,,,,,,,,,,,,,,,,,,,,,,,,,,,,,,,,,,,,,,,,,,,,,,,,,,,,,,,,,,
ZITOUNA,8,1,,,,"0
0","0
-1 086 114","0
-1 086 114",,"0
0","-945 000
-2 457 481",,,"-945 000
-2 457 481",,,,,,,,,,,,,,,"aFulupxr èdse d t'reénstorreeprriiese psr loiéveesn oaun ta vdeecs uanc tliiveint édse
pda'irntviceisptaistisoenm ent",,,,,,,,,,,,,,,,,,,,,,,,,,,,,,,,,,,,,,,,,,,,,,,,,,,,,,,,,,,,,,,,,,,,,,,,,,,,,,,,,,,,,,,,,,
ZITOUNA,8,1,,,,,,,,,,,,,,,,,,,,,,,,,,,Flux de trésorerie liés aux activités de financement,,,,,,,,,,,,,,,,,,,,,,,,,,,,,,,,,,,,,,,,,,,,,,,,,,,,,,,,,,,,,,,,,,,,,,,,,,,,,,,,,,,,,,,,,,
ZITOUNA,8,1,,,,,,,,,,,,,,,,,,,,,,,,,,,,,,,,,,,,,,,,,,,,,,,,,,,,,,,,,,,,,,,,,,,,,,,,,,,,,,,,,,,,,,,,,,,,,,,,,,,,,,,,,,,,,,,,,,,,,
ZITOUNA,8,1,,,,,,,,,,,,,,,,,,,,,,,,,,,,,,,,,,,,,,,,,,,,,,,,,,,,,,,,,,,,,,,,,,,,,,,,,,,,,,,,,,,,,,,,,,,,,,,,,,,,,,,,,,,,,,,,,,,,,
ZITOUNA,8,1,,,,0,0,,0,0,,0,,,0,,,,,,,,,,,,,,Encaissements suite à l'émission d'actions,,,,,,,,,,,,,,,,,,,,,,,,,,,,,,,,,,,,,,,,,,,,,,,,,,,,,,,,,,,,,,,,,,,,,,,,,,,,,,,,,,,,,,,,,,
ZITOUNA,8,1,,,,0,0,,0,0,,0,,,0,,,,,,,,,,,,,,Dividendes et autres distributions,,,,,,,,,,,,,,,,,,,,,,,,,,,,,,,,,,,,,,,,,,,,,,,,,,,,,,,,,,,,,,,,,,,,,,,,,,,,,,,,,,,,,,,,,,
ZITOUNA,8,1,,,,0,0,,0,0,,0,,,0,,,,,,,,,,,,,,Encaissement provenant de la cession de placements,,,,,,,,,,,,,,,,,,,,,,,,,,,,,,,,,,,,,,,,,,,,,,,,,,,,,,,,,,,,,,,,,,,,,,,,,,,,,,,,,,,,,,,,,,
ZITOUNA,8,1,,,,0,0,,0,0,,0,,,0,,,,,,,,,,,,,,Encaissements provenant d'emprunts,,,,,,,,,,,,,,,,,,,,,,,,,,,,,,,,,,,,,,,,,,,,,,,,,,,,,,,,,,,,,,,,,,,,,,,,,,,,,,,,,,,,,,,,,,
ZITOUNA,8,1,,,,"0
00","0
00","0
00",,"0
00","0
00",,,"0
00",,,,,,,,,,,,,,,"RFleumx bdoeu trrséesmoreenrtsie d p'ermovpernuanntst des activités de
Afinugamnceenmtaetniotn s/ Diminutions des ressources spéciales",,,,,,,,,,,,,,,,,,,,,,,,,,,,,,,,,,,,,,,,,,,,,,,,,,,,,,,,,,,,,,,,,,,,,,,,,,,,,,,,,,,,,,,,,,
ZITOUNA,8,1,,,,,,,,,,,,,,,,,,,,,,,,,,,,,,,,,,,,,,,,,,,,,,,,,,,,,,,,,,,,,,,,,,,,,,,,,,,,,,,,,,,,,,,,,,,,,,,,,,,,,,,,,,,,,,,,,,,,,
ZITOUNA,8,1,,,,-408 092,-1 427 128,,-1 835 220,2 839 312,,1 714 111,,,4 553 422,,,,,,,,,,,,,,IVnacridiaetniocen ddees tvraérsioatrieornise d e taux de change sur les,,,,,,,,,,,,,,,,,,,,,,,,,,,,,,,,,,,,,,,,,,,,,,,,,,,,,,,,,,,,,,,,,,,,,,,,,,,,,,,,,,,,,,,,,,
ZITOUNA,8,1,,,,3 199 074,2 324 458,,5 523 532,359 762,,610 348,,,970 109,,,,,,,,,,,,,,"liquidités ou équivalents de liquidités
Trésorerie de début d'exercice",,,,,,,,,,,,,,,,,,,,,,,,,,,,,,,,,,,,,,,,,,,,,,,,,,,,,,,,,,,,,,,,,,,,,,,,,,,,,,,,,,,,,,,,,,
ZITOUNA,8,1,,,,2 790 982,897 330,3 688 312,,3 199 074,2 324 458,,,5 523 532,,,,,,,,,,,,,,,Trésorerie de fin d'exercice,,,,,,,,,,,,,,,,,,,,,,,,,,,,,,,,,,,,,,,,,,,,,,,,,,,,,,,,,,,,,,,,,,,,,,,,,,,,,,,,,,,,,,,,,,
ZITOUNA,17,1,,,,2 077 418 129 936 2 207 354 1 863 763 137 642 2 001 405 205 949,,,,,,,,,,,,,,,,,,,,,,,,Logiciel,,,,,,,,,,,,,,,,,,,,,,,,,,,,,,,,,,,,,,,,,,,,,,,,,,,,,,,,,,,,,,,,,,,,,,,,,,,,,,,,,,,,,,,,,
ZITOUNA,17,1,,,,372 771 76 611 449 382 - - - 449 382,,,,,,,,,,,,,,,,,,,,,,,,Logiciel en cours,,,,,,,,,,,,,,,,,,,,,,,,,,,,,,,,,,,,,,,,,,,,,,,,,,,,,,,,,,,,,,,,,,,,,,,,,,,,,,,,,,,,,,,,,
ZITOUNA,18,1,,,,1 613 781,355 049,1 968 831,1 058 485,154 769,1 213 253,755 577,,,,,,,,,,,,,,,,,,,AAI,,,,,,,,,,,,,,,,,,,,,,,,,,,,,,,,,,,,,,,,,,,,,,,,,,,,,,,,,,,,,,,,,,,,,,,,,,,,,,,,,,,,,,,,
ZITOUNA,18,1,,,,2 393 761,83 565,2 477 327,1 380 645,397 657,1 778 301,699 025,,,,,,,,,,,,,,,,,,,Matériel Informatique,,,,,,,,,,,,,,,,,,,,,,,,,,,,,,,,,,,,,,,,,,,,,,,,,,,,,,,,,,,,,,,,,,,,,,,,,,,,,,,,,,,,,,,,
ZITOUNA,18,1,,,,1 850 514,250 127,2 100 641,809 689,311 495,1 121 184,979 458,,,,,,,,,,,,,,,,,,,Matériel de Transport (IJARA),,,,,,,,,,,,,,,,,,,,,,,,,,,,,,,,,,,,,,,,,,,,,,,,,,,,,,,,,,,,,,,,,,,,,,,,,,,,,,,,,,,,,,,,
ZITOUNA,18,1,,,,1 527 583,207 263,1 734 845,627 658,241 718,869 376,865 469,,,,,,,,,,,,,,,,,,,Mobilier et Matériel de Bureau,,,,,,,,,,,,,,,,,,,,,,,,,,,,,,,,,,,,,,,,,,,,,,,,,,,,,,,,,,,,,,,,,,,,,,,,,,,,,,,,,,,,,,,,
ZITOUNA,18,1,,,,44 610,108 908,153 519,27 416,20 482,47 897,105 621,,,,,,,,,,,,,,,,,,,Autres Immo. Corporels,,,,,,,,,,,,,,,,,,,,,,,,,,,,,,,,,,,,,,,,,,,,,,,,,,,,,,,,,,,,,,,,,,,,,,,,,,,,,,,,,,,,,,,,
ZITOUNA,18,1,,,,,,,,,,,,,,,,,,,,,,,,,,,,,Total 7 430 250 1 004 912 8 435 162 3 903 892 1 126 120 5 030 012 3 405 150,,,,,,,,,,,,,,,,,,,,,,,,,,,,,,,,,,,,,,,,,,,,,,,,,,,,,,,,,,,,,,,,,,,,,,,,,,,,,,,,,,,,,,,,
ZITOUNA,18,2,,,,,,,,,,,,,,,,,,,,,,,,,,,,,,Placements Fonds des Adhérents,,,,,,,,,,,,,,,,,,,,,,,,,,,,,,,,,,,,,,,,,,,,,,,,,,,,,,,,,,,,,,,,,,,,,,,,,,,,,,,,,,,,,,,
ZITOUNA,18,2,,,,2 375 030 - 2 037 503 337 527 375 031 - 37 504,,,,,,,,,,,,,,,,,,,,,,,,,,Actions Zitouna Tamkeen,,,,,,,,,,,,,,,,,,,,,,,,,,,,,,,,,,,,,,,,,,,,,,,,,,,,,,,,,,,,,,,,,,,,,,,,,,,,,,,,,,,,,,,
ZITOUNA,18,2,,,,4 833 333 - 4 833 333 6 500 000 - 1 666 667,,,,,,,,,,,,,,,,,,,,,,,,,,Wakala Bel Istithmar,,,,,,,,,,,,,,,,,,,,,,,,,,,,,,,,,,,,,,,,,,,,,,,,,,,,,,,,,,,,,,,,,,,,,,,,,,,,,,,,,,,,,,,
ZITOUNA,18,2,,,,1 200 000 - 1 200 000 3 000 000 - 1 800 000,,,,,,,,,,,,,,,,,,,,,,,,,,Obligation WIFAK BANK,,,,,,,,,,,,,,,,,,,,,,,,,,,,,,,,,,,,,,,,,,,,,,,,,,,,,,,,,,,,,,,,,,,,,,,,,,,,,,,,,,,,,,,
ZITOUNA,18,2,,,,3 090 000 - 43 495 3 046 505 3 090 000 - 43 495,,,,,,,,,,,,,,,,,,,,,,,,,,FCPR ZITOUNA,,,,,,,,,,,,,,,,,,,,,,,,,,,,,,,,,,,,,,,,,,,,,,,,,,,,,,,,,,,,,,,,,,,,,,,,,,,,,,,,,,,,,,,
ZITOUNA,18,2,,,,150 000 - 150 000 150 000 -,,,,,,,,,,,,,,,,,,,,,,,,,,Emprunt National,,,,,,,,,,,,,,,,,,,,,,,,,,,,,,,,,,,,,,,,,,,,,,,,,,,,,,,,,,,,,,,,,,,,,,,,,,,,,,,,,,,,,,,
ZITOUNA,18,2,,,,317 810 000 - 317 810 000 248 767 500 69 042 500,,,,,,,,,,,,,,,,,,,,,,,,,,Placements Bancaires,,,,,,,,,,,,,,,,,,,,,,,,,,,,,,,,,,,,,,,,,,,,,,,,,,,,,,,,,,,,,,,,,,,,,,,,,,,,,,,,,,,,,,,
ZITOUNA,18,2,,,,407 439 - 407 439 390 037 17 402,,,,,,,,,,,,,,,,,,,,,,,,,,Créances auprès des Entreprises Cédantes,,,,,,,,,,,,,,,,,,,,,,,,,,,,,,,,,,,,,,,,,,,,,,,,,,,,,,,,,,,,,,,,,,,,,,,,,,,,,,,,,,,,,,,
ZITOUNA,18,3,,,,,,,,,,,,,,,,,,,,,,,,,,,,,,,Placements de l’opérateur du fonds,,,,,,,,,,,,,,,,,,,,,,,,,,,,,,,,,,,,,,,,,,,,,,,,,,,,,,,,,,,,,,,,,,,,,,,,,,,,,,,,,,,,,,
ZITOUNA,18,4,,,,,,,,,,,,,,,,,,,,,,,,,,,,,,,,Total Placements 392 988 963 - 3 493 269 389 495 694 315 719 682 73 776 012,,,,,,,,,,,,,,,,,,,,,,,,,,,,,,,,,,,,,,,,,,,,,,,,,,,,,,,,,,,,,,,,,,,,,,,,,,,,,,,,,,,,,
ZITOUNA,19,1,,,,,,,,,,,,,,,,,,,,,,,,,,,,,,,,,Provisions pour primes non acquises 5 427 887 4 803 463 624 423,,,,,,,,,,,,,,,,,,,,,,,,,,,,,,,,,,,,,,,,,,,,,,,,,,,,,,,,,,,,,,,,,,,,,,,,,,,,,,,,,,,,
ZITOUNA,19,1,,,,,,,,,,,,,,,,,,,,,,,,,,,,,,,,,Provisions d’assurance Takaful Familial 970 783 973 194 - 2 410,,,,,,,,,,,,,,,,,,,,,,,,,,,,,,,,,,,,,,,,,,,,,,,,,,,,,,,,,,,,,,,,,,,,,,,,,,,,,,,,,,,,
ZITOUNA,19,1,,,,,,,,,,,,,,,,,,,,,,,,,,,,,,,,,Provisions pour sinistres Takaful Familial 311 867 272 928 38 939,,,,,,,,,,,,,,,,,,,,,,,,,,,,,,,,,,,,,,,,,,,,,,,,,,,,,,,,,,,,,,,,,,,,,,,,,,,,,,,,,,,,
ZITOUNA,19,1,,,,,,,,,,,,,,,,,,,,,,,,,,,,,,,,,Provisions pour sinistres Takaful Général 14 405 260 13 752 115 653 144,,,,,,,,,,,,,,,,,,,,,,,,,,,,,,,,,,,,,,,,,,,,,,,,,,,,,,,,,,,,,,,,,,,,,,,,,,,,,,,,,,,,
ZITOUNA,19,1,,,,,,,,,,,,,,,,,,,,,,,,,,,,,,,,,Total 21 115 797 19 801 701 1 314 096,,,,,,,,,,,,,,,,,,,,,,,,,,,,,,,,,,,,,,,,,,,,,,,,,,,,,,,,,,,,,,,,,,,,,,,,,,,,,,,,,,,,
ZITOUNA,19,2,,,,,,,,,,,,,,,,,,,,,,,,,,,,,,,,,,Primes acquises et non émises,,,,,,,,,,,,,,,,,,,,,,,,,,,,,,,,,,,,,,,,,,,,,,,,,,,,,,,,,,,,,,,,,,,,,,,,,,,,,,,,,,,
ZITOUNA,19,2,,,,,,,,,,,,,,,,,,,,,,,,,,,,,,,,,,Primes à annuler,,,,,,,,,,,,,,,,,,,,,,,,,,,,,,,,,,,,,,,,,,,,,,,,,,,,,,,,,,,,,,,,,,,,,,,,,,,,,,,,,,,
ZITOUNA,19,2,,,,,,,,,,,,,,,,,,,,,,,,,,,,,,,,,,Créances nées d’opérations d’assurance directe,,,,,,,,,,,,,,,,,,,,,,,,,,,,,,,,,,,,,,,,,,,,,,,,,,,,,,,,,,,,,,,,,,,,,,,,,,,,,,,,,,,
ZITOUNA,19,2,,,,,,,,,,,,,,,,,,,,,,,,,,,,,,,,,,Provisions sur créances,,,,,,,,,,,,,,,,,,,,,,,,,,,,,,,,,,,,,,,,,,,,,,,,,,,,,,,,,,,,,,,,,,,,,,,,,,,,,,,,,,,
ZITOUNA,19,2,,,,,,,,,,,,,,,,,,,,,,,,,,,,,,,,,,IDA,,,,,,,,,,,,,,,,,,,,,,,,,,,,,,,,,,,,,,,,,,,,,,,,,,,,,,,,,,,,,,,,,,,,,,,,,,,,,,,,,,,
ZITOUNA,19,2,,,,,,,,,,,,,,,,,,,,,,,,,,,,,,,,,,Hors IDA,,,,,,,,,,,,,,,,,,,,,,,,,,,,,,,,,,,,,,,,,,,,,,,,,,,,,,,,,,,,,,,,,,,,,,,,,,,,,,,,,,,
ZITOUNA,19,2,,,,-160 883,-144 745 -16 138,,,,,,,,,,,,,,,,,,,,,,,,,,,,,Provision sur créance IDA et Hors IDA,,,,,,,,,,,,,,,,,,,,,,,,,,,,,,,,,,,,,,,,,,,,,,,,,,,,,,,,,,,,,,,,,,,,,,,,,,,,,,,,,,,
ZITOUNA,19,2,,,,,,,,,,,,,,,,,,,,,,,,,,,,,,,,,,Total 27 080 996 31 532 996 -4 452 000,,,,,,,,,,,,,,,,,,,,,,,,,,,,,,,,,,,,,,,,,,,,,,,,,,,,,,,,,,,,,,,,,,,,,,,,,,,,,,,,,,,
ZITOUNA,19,3,,,,5 983 730 Dinars 16 428 588 Dinars,,,,,,,,,,,,,,,,,,,,,,,,,,,,,,,,,,,,,,,,,,,,,,,,,,,,,,,,,,,,,,,,,,,,,,,,,,,,,,,,,,,,,,,,,,,,,,,,,,,,,,,,,,,,,,,,,
ZITOUNA,19,3,,,,Au terme de l'exercice clo,,,,,,,,,,,,,,,,,,,,,,,,,,,,,,,,,,,,,,,,,,,,,,,,,,,,,,,,,,,,,,,,,,,,,,,,,,,,,,,,,,,,,,,,,,,,,,,,,,,,,,,,,,,,,,,,,
ZITOUNA,19,4,,,,,,,,,,,,,,,,,,,,,,,,,,,,,,,,,,,,,,,,,,,,,,,,,,,,,,,,,,,,,,,,,,,,,,,,,,,,,,,,,,,,,,,,,,,,,,,,,,,,,,,,,,,,,,,,,,,,,
ZITOUNA,19,5,,,,,,,,,,,,,,,,,,,,,,,,,,,,,,,,,,,,,,,,5 983 730,4 495 429,1 488 301,,,,,,,,,,,,,,,,,,,,,,,,,,,,,,,,,,,,,,,,,,,,,,,,,,,,,,,,,,,,,,,,,,,,,,,,,,,
ZITOUNA,19,6,,,,"Débiteurs divers
Total","1 584 756
22 412 317",,"1 339 312
19 015 406",,"245 444
3 396 911",,,,,,,,,,,,,,,,,,,,,,,,,,,,,,,,,,,,,,,,,,,,,,,,,,,,,,,,,,,,,,,,,,,,,,,,,,,,,,,,,,,,,,,,,,,,,,,,,,,,,,,,,,,,
ZITOUNA,20,1,,,,,,,,,,,,,,,,,,,,,,,,,,,,,,,,,,,,,,,,,,,,,,,,,,,,,,,,,,,,,,,,,,,,,,,,,,,,,,,,,,,,,,,,,,,,,,,,,,,,,,,,,,,,,,,,,,,,,
ZITOUNA,20,2,,,,,,,,,,,,,,,,,,,,,,,,,,,,,,,,,,,,,,,,,,,,,,,,Total 3 688 312 5 523 532 -1 835 220,,,,,,,,,,,,,,,,,,,,,,,,,,,,,,,,,,,,,,,,,,,,,,,,,,,,,,,,,,,,,,,,,,,,,
ZITOUNA,20,3,,,,,,,,,,,,,,,,,,,,,,,,,,,,,,,,,,,,,,,,,,,,,,,,,"Déficits du fonds des adhérents des exercices
- - - - -
antérieurs",,,,,,,,,,,,,,,,,,,,,,,,,,,,,,,,,,,,,,,,,,,,,,,,,,,,,,,,,,,,,,,,,,,,
ZITOUNA,20,3,,,,3 234 015 863 681 - - 4 097 697,,,,,,,,,,,,,,,,,,,,,,,,,,,,,,,,,,,,,,,,,,,,,"Provisions d’Equilibrage pour fonds des
adhérents",,,,,,,,,,,,,,,,,,,,,,,,,,,,,,,,,,,,,,,,,,,,,,,,,,,,,,,,,,,,,,,,,,,,
ZITOUNA,20,3,,,,- - - - -,,,,,,,,,,,,,,,,,,,,,,,,,,,,,,,,,,,,,,,,,,,,,Qardh Hassan non remboursé,,,,,,,,,,,,,,,,,,,,,,,,,,,,,,,,,,,,,,,,,,,,,,,,,,,,,,,,,,,,,,,,,,,,
ZITOUNA,20,3,,,,1 727 362 -1 727 362 - - -,,,,,,,,,,,,,,,,,,,,,,,,,,,,,,,,,,,,,,,,,,,,,Surplus ou déficit de l'exercice 2024,,,,,,,,,,,,,,,,,,,,,,,,,,,,,,,,,,,,,,,,,,,,,,,,,,,,,,,,,,,,,,,,,,,,
ZITOUNA,20,3,,,,3 090 000 - - - 3 090 000,,,,,,,,,,,,,,,,,,,,,,,,,,,,,,,,,,,,,,,,,,,,,Réinvestissement Exonérés,,,,,,,,,,,,,,,,,,,,,,,,,,,,,,,,,,,,,,,,,,,,,,,,,,,,,,,,,,,,,,,,,,,,
ZITOUNA,20,3,,,,- 863 681 -863 681 - -,,,,,,,,,,,,,,,,,,,,,,,,,,,,,,,,,,,,,,,,,,,,,Surplus à Distribuer,,,,,,,,,,,,,,,,,,,,,,,,,,,,,,,,,,,,,,,,,,,,,,,,,,,,,,,,,,,,,,,,,,,,
ZITOUNA,20,3,,,,- - - 1 792 332 1 792 332,,,,,,,,,,,,,,,,,,,,,,,,,,,,,,,,,,,,,,,,,,,,,Surplus ou déficit de l'exercice 2024,,,,,,,,,,,,,,,,,,,,,,,,,,,,,,,,,,,,,,,,,,,,,,,,,,,,,,,,,,,,,,,,,,,,
ZITOUNA,20,3,,,,,,,,,,,,,,,,,,,,,,,,,,,,,,,,,,,,,,,,,,,,,,,,,Total 8 051 377 - - 863 681 1 792 332 8 980 029,,,,,,,,,,,,,,,,,,,,,,,,,,,,,,,,,,,,,,,,,,,,,,,,,,,,,,,,,,,,,,,,,,,,
ZITOUNA,21,1,,,,,,,,,,,,,,,,,,,,,,,,,,,,,,,,,,,,,,,,,,,,,,,,,,Capital Social,,,,,,,,,,,,,,,,,,,,,,,,,,,,,,,,,,,,,,,,,,,,,,,,,,,,,,,,,,,,,,,,,,,
ZITOUNA,21,1,,,,,,,,,,,,,,,,,,,,,,,,,,,,,,,,,,,,,,,,,,,,,,,,,,Réserves Légales,,,,,,,,,,,,,,,,,,,,,,,,,,,,,,,,,,,,,,,,,,,,,,,,,,,,,,,,,,,,,,,,,,,
ZITOUNA,21,2,,,,,,,,,,,,,,,,,,,,,,,,,,,,,,,,,,,,,,,,,,,,,,,,,,,"Résultat de
l'exercice 2024",,,,,,,,,,,,,,,,,,,,,,,,,,,,,,,,,,,,,,,,,,,,,,,,,,,,,,,,,,,,,,,,,,
ZITOUNA,21,3,,,,,,,,,,,,,,,,,,,,,,,,,,,,,,,,,,,,,,,,,,,,,,,,,,,,TOTAL 67 603 801 - - 6 552 - 7 379 895 74 990 248,,,,,,,,,,,,,,,,,,,,,,,,,,,,,,,,,,,,,,,,,,,,,,,,,,,,,,,,,,,,,,,,,
ZITOUNA,23,1,,,,,,,,,,,,,,,,,,,,,,,,,,,,,,,,,,,,,,,,,,,,,,,,,,,,,,,,,,,,,,,,,,,,,,,,,,,,,,,,,,,,,,,,,,,,,,,,,,,,,,,,,,,,,,,,,,,,,
ZITOUNA,23,2,,,,,,,,,,,,,,,,,,,,,,,,,,,,,,,,,,,,,,,,,,,,,,,,,,,,,,,2 385 557,3 274 670,-889 113,,,,,,,,,,,,,,,,,,,,,,,,,,,,,,,,,,,,,,,,,,,,,,,,,,,,,,,,,,,,
ZITOUNA,23,3,,,,,,,,,,,,,,,,,,,,,,,,,,,,,,,,,,,,,,,,,,,,,,,,,,,,,,,,,,Créditeurs divers Total,210 853716 2 62413,210 852019 5 12881,697 6 49633,,,,,,,,,,,,,,,,,,,,,,,,,,,,,,,,,,,,,,,,,,,,,,,,,,,,,,,,
ZITOUNA,23,4,,,,,,,,,,,,,,,,,,,,,,,,,,,,,,,,,,,,,,,,,,,,,,,,,,,,,,,,,,,,,,PREVOYANCE,,,,,,,,,,,,,,,,,,,,,,,,,,,,,,,,,,,,,,,,,,,,,,,,,,,,,,,
ZITOUNA,23,4,,,,,,,,,,,,,,,,,,,,,,,,,,,,,,,,,,,,,,,,,,,,,,,,,,,,,,,,,,,,,,MIXTE,,,,,,,,,,,,,,,,,,,,,,,,,,,,,,,,,,,,,,,,,,,,,,,,,,,,,,,
ZITOUNA,23,4,,,,,,,,,,,,,,,,,,,,,,,,,,,,,,,,,,,,,,,,,,,,,,,,,,,,,,,,,,,,,,EPARGNE,,,,,,,,,,,,,,,,,,,,,,,,,,,,,,,,,,,,,,,,,,,,,,,,,,,,,,,
ZITOUNA,23,4,,,,,,,,,,,,,,,,,,,,,,,,,,,,,,,,,,,,,,,,,,,,,,,,,,,,,,,,,,,,,,Total 62 448 979 -655 726 -152 473 53 983 -1 799 881 59 894 881,,,,,,,,,,,,,,,,,,,,,,,,,,,,,,,,,,,,,,,,,,,,,,,,,,,,,,,
ZITOUNA,24,1,,,,,,,,,,,,,,,,,,,,,,,,,,,,,,,,,,,,,,,,,,,,,,,,,,,,,,,,,,,,,,,Frais d'aquisition,,,,,,,,,,,,,,,,,,,,,,,,,,,,,,,,,,,,,,,,,,,,,,,,,,,,,,
ZITOUNA,24,1,,,,,,,,,,,,,,,,,,,,,,,,,,,,,,,,,,,,,,,,,,,,,,,,,,,,,,,,,,,,,,,Frais d'administration,,,,,,,,,,,,,,,,,,,,,,,,,,,,,,,,,,,,,,,,,,,,,,,,,,,,,,
ZITOUNA,24,1,,,,,,,,,,,,,,,,,,,,,,,,,,,,,,,,,,,,,,,,,,,,,,,,,,,,,,,,,,,,,,,Commissions reçues des réassureurs,,,,,,,,,,,,,,,,,,,,,,,,,,,,,,,,,,,,,,,,,,,,,,,,,,,,,,
ZITOUNA,24,1,,,,,,,,,,,,,,,,,,,,,,,,,,,,,,,,,,,,,,,,,,,,,,,,,,,,,,,,,,,,,,,Total 4 382 832 -941 492 3 441 340 2 311 625 1 129 715,,,,,,,,,,,,,,,,,,,,,,,,,,,,,,,,,,,,,,,,,,,,,,,,,,,,,,
ZITOUNA,25,1,,,,,,,,,,,,,,,,,,,,,,,,,,,,,,,,,,,,,,,,,,,,,,,,,,,,,,,,,,,,,,,,,,,,Acquises,,,,,nettes au,,,,,,,,,,,,,,,,,,,,,,,,,,,,,,,,,,,,,,,,,,,,
ZITOUNA,25,1,,,,,,,,,,,,,,,,,,,,,,,,,,,,,,,,,,,,,,,,,,,,,,,,,,,,,,,,,,,,,,,,,,,,Non,,,,,31/12/202,,,,,,,,,,,,,,,,,,,,,,,,,,,,,,,,,,,,,,,,,,,,
ZITOUNA,25,1,,,,,,,,,,,,,,,,,,,,,,,,,,,,,,,,,,,,,,,,,,,,,,,,,,,,,,,,,,,,,,,,,,,,émises,,,,,5,,,,,,,,,,,,,,,,,,,,,,,,,,,,,,,,,,,,,,,,,,,,
ZITOUNA,25,1,,,,,,,,,,,,,,,,,,,,,,,,,,,,,,,,,,,,,,,,,,,,,,,,,,,,,,,,,,,,,,,,AUTO,,,,,,,,,,,,,,,,,,,,,,,,,,,,,,,,,,,,,,,,,,,,,,,,,,,,,
ZITOUNA,25,1,,,,,,,,,,,,,,,,,,,,,,,,,,,,,,,,,,,,,,,,,,,,,,,,,,,,,,,,,,,,,,,,TRANSPORT,,,,,,,,,,,,,,,,,,,,,,,,,,,,,,,,,,,,,,,,,,,,,,,,,,,,,
ZITOUNA,25,1,,,,,,,,,,,,,,,,,,,,,,,,,,,,,,,,,,,,,,,,,,,,,,,,,,,,,,,,,,,,,,,,INCENDIE,,,,,,,,,,,,,,,,,,,,,,,,,,,,,,,,,,,,,,,,,,,,,,,,,,,,,
ZITOUNA,25,1,,,,,,,,,,,,,,,,,,,,,,,,,,,,,,,,,,,,,,,,,,,,,,,,,,,,,,,,,,,,,,,,CONSTRUCTION,,,,,,,,,,,,,,,,,,,,,,,,,,,,,,,,,,,,,,,,,,,,,,,,,,,,,
ZITOUNA,25,1,,,,,,,,,,,,,,,,,,,,,,,,,,,,,,,,,,,,,,,,,,,,,,,,,,,,,,,,,,,,,,,,RC,,,,,,,,,,,,,,,,,,,,,,,,,,,,,,,,,,,,,,,,,,,,,,,,,,,,,
ZITOUNA,25,1,,,,,,,,,,,,,,,,,,,,,,,,,,,,,,,,,,,,,,,,,,,,,,,,,,,,,,,,,,,,,,,,RISQUE,,,,,,,,,,,,,,,,,,,,,,,,,,,,,,,,,,,,,,,,,,,,,,,,,,,,,
ZITOUNA,25,1,,,,,,,,,,,,,,,,,,,,,,,,,,,,,,,,,,,,,,,,,,,,,,,,,,,,,,,,,,,,,,,,AGRICOLE,,,,,,,,,,,,,,,,,,,,,,,,,,,,,,,,,,,,,,,,,,,,,,,,,,,,,
ZITOUNA,25,1,,,,,,,,,,,,,,,,,,,,,,,,,,,,,,,,,,,,,,,,,,,,,,,,,,,,,,,,,,,,,,,,RDS,,,,,,,,,,,,,,,,,,,,,,,,,,,,,,,,,,,,,,,,,,,,,,,,,,,,,
ZITOUNA,25,1,,,,,,,,,,,,,,,,,,,,,,,,,,,,,,,,,,,,,,,,,,,,,,,,,,,,,,,,,,,,,,,,ASSISTANCE,,,,,,,,,,,,,,,,,,,,,,,,,,,,,,,,,,,,,,,,,,,,,,,,,,,,,
ZITOUNA,25,1,,,,,,,,,,,,,,,,,,,,,,,,,,,,,,,,,,,,,,,,,,,,,,,,,,,,,,,,,,,,,,,,MALADIE,,,,,,,,,,,,,,,,,,,,,,,,,,,,,,,,,,,,,,,,,,,,,,,,,,,,,
ZITOUNA,25,1,,,,,,,,,,,,,,,,,,,,,,,,,,,,,,,,,,,,,,,,,,,,,,,,,,,,,,,,,,,,,,,,ACCIDENT,,,,,,,,,,,,,,,,,,,,,,,,,,,,,,,,,,,,,,,,,,,,,,,,,,,,,
ZITOUNA,25,1,,,,,9170 791241 142452,,11 59311 5 41150,,5-9443 424557,,,,,-2-1 45414 4 44375,,,,,9130 071968 849384,,116 4272 57 8531 8,,,,,,,,,,,,,,,,,,,,,,,,,,,,,,,,,,,,,,,,,,,Total,,,,-112746 299006,,,,,8110 719492 191157,,,,,,,,,,,,,,,,,,,,,,,,,,,,,,,,,,,,,,,,,,,,
ZITOUNA,25,2,,,,,,,,,,,,,,,,,,,,,,,,,,,,,,,,,,,,,,,,,,,,,,,,,,,,,,,,,,,,,,,,,,,,,,,,,,,s et,,,,,,,,,,,,,,,,,,,,,,,,,,,,,,,,,,,,,,,,,,
ZITOUNA,25,2,,,,,,,,,,,,,,,,,,,,,,,,,,,,,,,,,,,,,,,,,,,,,,,,,,,,,,,,,,,,,,,,,,,,,,,,,,,Ristournes,,,,,,,,,,,,,,,,,,,,,,,,,,,,,,,,,,,,,,,,,,
ZITOUNA,25,3,,,,,,,,,,,,,,,,,,,,,,,,,,,,,,,,,,,,,,,,,,,,,,,,,,,,,,,,,,,,,,,,,,,,,,,,,,,,Annuler,,,,,,,,,,,,,,,,,,,,,,,,,,,,,,,,,,,,,,,,,
ZITOUNA,25,4,,,,,,,,,,,,,,,,,,,,,,,,,,,,,,,,,,,,,,PPNA 2025,,,,,,,,,,,,,,,,,,,,,,,,,,,,,,,,,,,,,,,,,,,,,,,,,,,,,,,,,,,,,,,,,,,,,,,,,,,,,,,
ZITOUNA,25,5,,,,,,,,,,,,,,,,,,,,,,,,,,,,,,,,,,,,,,,,,,,,,,,,,,,,,,,,,,,,,,,,,,,,,,,,,,,,,Acquises,,,,,,,,,,,,,,,,,,,,,,,,,,,,,,,,,,,,,,,,
ZITOUNA,25,6,,,,,,,,,,,,,,,,,,,,,,,,,,,,,,,,,,,,,,,,,,,,,,,,,,,,,,,,,,,,,,,,,,,,,,,,,,,,,,Frais d'aquisition,,,,,,,,,,,,,,,,,,,,,,,,,,,,,,,,,,,,,,,
ZITOUNA,25,6,,,,,,,,,,,,,,,,,,,,,,,,,,,,,,,,,,,,,,,,,,,,,,,,,,,,,,,,,,,,,,,,,,,,,,,,,,,,,,"variation des frais
d'aquisition Reporté",,,,,,,,,,,,,,,,,,,,,,,,,,,,,,,,,,,,,,,
ZITOUNA,25,6,,,,,,,,,,,,,,,,,,,,,,,,,,,,,,,,,,,,,,,,,,,,,,,,,,,,,,,,,,,,,,,,,,,,,,,,,,,,,,Frais d'administration,,,,,,,,,,,,,,,,,,,,,,,,,,,,,,,,,,,,,,,
ZITOUNA,25,6,,,,,,,,,,,,,,,,,,,,,,,,,,,,,,,,,,,,,,,,,,,,,,,,,,,,,,,,,,,,,,,,,,,,,,,,,,,,,,"Commissions reçues
des réassureurs",,,,,,,,,,,,,,,,,,,,,,,,,,,,,,,,,,,,,,,
ZITOUNA,25,6,,,,,,,,,,,,,,,,,,,,,,,,,,,,,,,,,,,,,,,,,,,,,,,,,,,,,,,,,,,,,,,,,,,,,,,,,,,,,,Total 30 871 734 -2 761 464 28 110 270 24 163 350 3 946 920,,,,,,,,,,,,,,,,,,,,,,,,,,,,,,,,,,,,,,,
ZITOUNA,32,1,,,,,,,,,,,,,,,,,,,,,,,,,,,,,,,,,,,,,,,,,,,,,,,,,,,,,,,,,,,,,,,,,,,,,,,,,,,,,,,Affectation,imputations,,déficit 2025,Affectation,,,,,,,,,,,,,,,,,,,,,,,,,,,,,,,,,,
ZITOUNA,32,1,,,,,"0 0 0 0 0
3 234 015 863 681 0 0 4 097 697
0 0 0 0 0
1 727 362 -1 727 362 0 0 0
3 090 000 0 0 0 3 090 000
0 861 681 -863 681 0 0",,,,,,,,,,,,,,,,,,,,,,,,,,,,,,,,,,,,,,,,,,,,,,,,,,,,,,,,,,,,,,,,,,,,,,,,,,,,,,,,,,,,,,,,,,,,,,,,,,,,,,,,,,,,,,,,
ZITOUNA,32,1,,,,,,,,,,,,,,,,,,,,,,,,,,,,,,,,,,,,,,,,,,,,,,,,,,,,,,,,,,,,,,,,,,,,,,,,,,,,,,,,,,,,,,,,,,,,,,,,,,,,,,,,,,,,,,,,,,,,,
ZITOUNA,32,1,,,,,,,,,,,,,,,,,,,,,,,,,,,,,,,,,,,,,,,,,,,,,,,,,,,,,Déficits du fonds des adhérents des,,,,,,,,,,,,,,,,,,,,,,,,,,,,,,,,,,,,,,,,,,,,,,,,,,,,,,,,,,,,,,,,
ZITOUNA,32,1,,,,,,,,,,,,,,,,,,,,,,,,,,,,,,,,,,,,,,,,,,,,,,,,,,,,,exercices antérieurs,,,,,,,,,,,,,,,,,,,,,,,,,,,,,,,,,,,,,,,,,,,,,,,,,,,,,,,,,,,,,,,,
ZITOUNA,32,1,,,,,,,,,,,,,,,,,,,,,,,,,,,,,,,,,,,,,,,,,,,,,,,,,,,,,"Provisions d’Equilibrage pour fonds
des adhérents",,,,,,,,,,,,,,,,,,,,,,,,,,,,,,,,,,,,,,,,,,,,,,,,,,,,,,,,,,,,,,,,
ZITOUNA,32,1,,,,,,,,,,,,,,,,,,,,,,,,,,,,,,,,,,,,,,,,,,,,,,,,,,,,,Qardh Hassan non remboursé,,,,,,,,,,,,,,,,,,,,,,,,,,,,,,,,,,,,,,,,,,,,,,,,,,,,,,,,,,,,,,,,
ZITOUNA,32,1,,,,,,,,,,,,,,,,,,,,,,,,,,,,,,,,,,,,,,,,,,,,,,,,,,,,,Surplus ou déficit de l'exercice 2023,,,,,,,,,,,,,,,,,,,,,,,,,,,,,,,,,,,,,,,,,,,,,,,,,,,,,,,,,,,,,,,,
ZITOUNA,32,1,,,,,,,,,,,,,,,,,,,,,,,,,,,,,,,,,,,,,,,,,,,,,,,,,,,,,Réinvestissement Exonérés,,,,,,,,,,,,,,,,,,,,,,,,,,,,,,,,,,,,,,,,,,,,,,,,,,,,,,,,,,,,,,,,
ZITOUNA,32,1,,,,,,,,,,,,,,,,,,,,,,,,,,,,,,,,,,,,,,,,,,,,,,,,,,,,,Surplus à Distribuer,,,,,,,,,,,,,,,,,,,,,,,,,,,,,,,,,,,,,,,,,,,,,,,,,,,,,,,,,,,,,,,,
ZITOUNA,32,1,,,,,0,,0,,1 792 332,,,1 792 332,,,,,,,,,,,,,,,,,,,,,,,,,,,,,,,,,,,,,,,,,Surplus ou déficTito dtea ll' exercice 2024,,,,,,,,,,,,,,,,,,,,,,,,,,,,0,,,,,,,,,,,,,,,,,,,,,,,,,,,,,,,,,,,,
ZITOUNA,32,2,,,,,,,,,,,,,,,,,,,,,,,,,,,,,,,,,,,,,,,,,,,,,,,,,,,,,,,,,,,,,,,,,,,,,,,,,,,,,,,,,,,,2024 Avant,et,,Mouveme,,,2025 avant,,,,,,,,,,,,,,,,,,,,,,,,,,,
ZITOUNA,32,2,,,,,,,,,,,,,,,,,,,,,,,,,,,,,,,,,,,,,,,,,,,,,,,,,,,,,,,,,,,,,,,,,,,,,,,,,,,,,,,,,,,,Affectation,imputations,,nts,,,Affectation,,,,,,,,,,,,,,,,,,,,,,,,,,,
ZITOUNA,32,2,,,,,,,,,,,,,,,,,,,,,,,,,,,,,,,,,,,,,,,,,,,,,,,,,,,,,,,,,,,,,,,,,,,,,,,,,,,,,,,,,,,,,,,,,,,,,,,,,,,,,,,,,,,,,,,,,,,,,
ZITOUNA,32,2,,,,,30 000 000,,0,,0,,,30 000 000,,,,,,,,,,,,,,,,,,,,,,,,,,,,,,,,,,,,,,,,,Capital Social,,,,,,,,,,,,,,,,,,,,,,,,,,,,,,,,,0,,0,0,,,,,,,,,,,,,,,,,,,,,,,,,,,,
ZITOUNA,32,2,,,,,0,,0,,0,,,0,,,,,,,,,,,,,,,,,,,,,,,,,,,,,,,,,,,,,,,,,Primes liées au capital,,,,,,,,,,,,,,,,,,,,,,,,,,,,,,,,,0,,0,0,,,,,,,,,,,,,,,,,,,,,,,,,,,,
ZITOUNA,32,2,,,,,1 538 371,,469 357,,0,,,2 007 728,,,,,,,,,,,,,,,,,,,,,,,,,,,,,,,,,,,,,,,,,Réserves Légales,,,,,,,,,,,,,,,,,,,,,,,,,,,,,,,,,0,,0,0,,,,,,,,,,,,,,,,,,,,,,,,,,,,
ZITOUNA,32,2,,,,,118 303,,170 804,,6 552,,,295 659,,,,,,,,,,,,,,,,,,,,,,,,,,,,,,,,,,,,,,,,,Fonds social Zitouna,,,,,,,,,,,,,,,,,,,,,,,,,,,,,,,,,0,,0,0,,,,,,,,,,,,,,,,,,,,,,,,,,,,
ZITOUNA,32,2,,,,,846 930,,-99 965,,0,,,746 966,,,,,,,,,,,,,,,,,,,,,,,,,,,,,,,,,,,,,,,,,Résultats reportés,,,,,,,,,,,,,,,,,,,,,,,,,,,,,,,,,0,,0,0,,,,,,,,,,,,,,,,,,,,,,,,,,,,
ZITOUNA,32,2,,,,,,,,,,,,,,,,,,,,,,,,,,,,,,,,,,,,,,,,,,,,,,,,,,,,,,,,,,,,,,,,,,,,,,,,,,,,,,,,,,,,,,,,,,,,,,,,,,,,,,,,,,,,,,,,,,,,,
ZITOUNA,32,2,,,,,8 540 196,,-8 540 196,,0,,,0,,,,,,,,,,,,,,,,,,,,,,,,,,,,,,,,,,,,,,,,,Résultat de l'exercice,,,,,,,,,,,,,,,,,,,,,,,,,,,,,,,,,0,,0,0,,,,,,,,,,,,,,,,,,,,,,,,,,,,
ZITOUNA,32,2,,,,,,,,,,,,,,,,,,,,,,,,,,,,,,,,,,,,,,,,,,,,,,,,,,,,,2024,,,,,,,,,,,,,,,,,,,,,,,,,,,,,,,,,,,,,,,,,,,,,,,,,,,,,,,,,,,,,,,,
ZITOUNA,32,2,,,,,26 560 000,,8 000 000,,0,,,34 560 000,,,,,,,,,,,,,,,,,,,,,,,,,,,,,,,,,,,,,,,,,Réinvestissement,,,,,,,,,,,,,,,,,,,,,,,,,,,,,,,,,0,,0,0,,,,,,,,,,,,,,,,,,,,,,,,,,,,
ZITOUNA,32,2,,,,,,,,,,,,,,,,,,,,,,,,,,,,,,,,,,,,,,,,,,,,,,,,,,,,,Exonérés,,,,,,,,,,,,,,,,,,,,,,,,,,,,,,,,,,,,,,,,,,,,,,,,,,,,,,,,,,,,,,,,
ZITOUNA,32,2,,,,,0,,0,,0,,,7 379 895,,,,,,,,,,,,,,,,,,,,,,,,,,,,,,,,,,,,,,,,,"Résultat de l'exercice
2025 TOTAL",,,,,,,,,,,,,,,,,,,,,,,,,,,,,,,,,0,,0,7 379 895,,,,,,,,,,,,,,,,,,,,,,,,,,,,
ZITOUNA,32,3,,,,,,,,,,,,,,,,,,,,,,,,,,,,,,,,,,,,,,,,,,,,,,,,,,,,,,,,,,,,,,,,,,,,,,,,,,,,,,,,,,,,,,,,,,,on de capital,,,,,,,,,,,,,,,,,,,,,,,,,,
ZITOUNA,32,4,,,,,,,,,,,,,,,,,,,,,,,,,,,,,,,,,,,,,,,,,,,,,,,,,,,,,,,,,,,,,,,,,,,,,,,,,,,,,,,,,,,,,,,,,,,,2025,,,,,,,,,,,,,,,,,,,,,,,,,
ZITOUNA,33,1,,,,,,,,Augmentations,,Diminutions (1),,,A la clôture,,,,,,,,,,,,,,,,,,,,,,,,,,,,,,,,,,,,,,,,,,,,,,,,,,,,,,,,,,,,,,,,,,,,,,,,,,,,,,,,,,A l'ouverture,,,,,,,,,,,,,,,,,,,,,,
ZITOUNA,33,1,,,,Acquisition,Cession,Clôture,Provisions,Amortissements,Provisions,Amortissements,,Provisions,Amortissements,Provisions,,,,,,,,,,,,,,,,,,,,,,,,,,,,,,,,,,,,,,,,,,,,,,,,,,,,,,,,,,,,,,,,,,,,,,,,,,,,,,,,Ouverture,Amortissements,à la clôture,,,,,,,,,,,,,,,,,,,,,
ZITOUNA,33,1,,,,"276 890
276 890
0
0
1 004 912
688 742
316 171
0
79 225 949
0
0
0
0
0
1 773 000
0
0
9 500 000
0
0
0
67 924 600
10 947
17 402
0","70 342
0
70 342
0
0
0
0
0
0
3 956 667
0
0
0
1 666 667
0
0
0
0
490 000
1 800 000
0
0
0
0
0
0","2 674 437
0
2 656 736
17 700
0
8 435 162
6 546 798
1 888 364
0
392 988 963
8 982 019
0
0
4 833 333
0
11 269 969
0
0
43 060 030
1 200 000
0
150 000
322 718 000
368 173
407 439
0","0
0
0
0
0
0
0
0
1 999 999
0
0
0
0
0
0
0
0
1 999 999
0
0
0
0
0
0
0","137 642
137 642
0
0
1 126 120
863 920
262 200
0
0
0
0
0
0
0
0
0
0
0
0
0
0
0
0
0
0","0
0
0
0
0
0
0
0
1 493 270
0
0
0
0
0
0
0
0
1 493 270
0
0
0
0
0
0
0","0
0
0
0
0
0
0
0
0
0
0
0
0
0
0
0
0
0
0
0
0
0
0
0
0",,"0
0
0
0
0
0
0
0
0
0
0
0
0
0
0
0
0
0
0
0
0
0
0
0
0","2 019 105
2 001 405
17 700
0
5 030 012
4 112 738
917 274
0
0
0
0
0
0
0
0
0
0
0
0
0
0
0
0
0
0","0
0
0
0
0
0
0
3 493 269
0
0
0
0
0
0
0
0
3 493 269
0
0
0
0
0
0
0",,,,,,,,,,,,,,,,,,,,,,,,,,,,,,,,,,,,,,,,,,,,,,,,,,,,,,,,,,,,,,,,,,,,,,,,,,,,,,,"Actifs Incorporels
Frais de recherche et développement
Concessions, brevets, licences, marques
Fonds de commerce
Acomptes versés
Actifs corporels d'exploitation
Insatallations techniques et machines
Autres installations, outillage et mobilier
Acomptes versés
Placements
Terrains et constructions d'exploitation et hors exploitation
Placements dans les entreprises liées
Parts
TITRES PARTICIPATIF
Placements dans les entreprises avec un lien de participation
Parts
Bons et obligations
Autres palcements financiers
Actions, autres titres à revenu variable
Obligations et autres titres à revenu fixe
Prêts hypothécaire
Autres prêts
Dépôt auprès des étab. Bancaires et financiers
Autres
Créances pour espèces déposées
Placements des contrats en UC","2 467 889
2 450 189
17 700
0
7 430 250
5 858 056
1 572 193
0
317 719 681
8 982 019
0
0
6 500 000
0
9 496 969
0
0
34 050 030
3 000 000
0
150 000
254 793 400
357 226
390 037
0","1 881 464
1 863 763
17 700
0
3 903 892
3 248 818
655 074
0
0
0
0
0
0
0
0
0
0
0
0
0
0
0
0
0
0","655 331
655 331
0
3 405 150
2 434 060
971 090
0
389 495 694
8 982 019
0
0
4 833 333
0
11 269 969
0
0
39 566 761
1 200 000
0
150 000
322 718 000
368 173
407 439
0",,,,,,,,,,,,,,,,,,,,,
ZITOUNA,34,1,,,,Valeur nette,"Juste
valeur","Plus ou
moins-
value
latente",,,,,,,,,,,,,,,,,,,,,,,,,,,,,,,,,,,,,,,,,,,,,,,,,,,,,,,,,,,,,,,,,,,,,,,,,,,,,,,,,,,,,,,,Valeur brute,,,,,,,,,,,,,,,,,,,,,,,
ZITOUNA,34,1,,,,8 982 019,8 982 019,0,,,,,,,,,,,,,,,,,,,,,,,,,,,,,,,,,,,,,,,,,,,,,,,,,,,,,,,,,,,,,,,,,,,,,,,,,,,,,,,,,,,,,,,,8 982 019,,,Placements Immobilier et Placement Immobilier,Entreprise Takaful/ou,,,,,,,,,,,,,,,,,,,
ZITOUNA,34,1,,,,11 794 969,0,0,,,,,,,,,,,,,,,,,,,,,,,,,,,,,,,,,,,,,,,,,,,,,,,,,,,,,,,,,,,,,,,,,,,,,,,,,,,,,,,,,,,,,,,,11 794 969,,,"en Cours
Actions et autres titres revenu variable autres","Retakaful
Entreprise Takaful/ou
Retakaful",,,,,,,,,,,,,,,,,,,
ZITOUNA,34,1,,,,0,0,0,,,,,,,,,,,,,,,,,,,,,,,,,,,,,,,,,,,,,,,,,,,,,,,,,,,,,,,,,,,,,,,,,,,,,,,,,,,,,,,,,,,,,,,,0,,,que les parts d'OPCVM,Fonds des Adhérents,,,,,,,,,,,,,,,,,,,
ZITOUNA,34,1,,,,337 527,0,0,,,,,,,,,,,,,,,,,,,,,,,,,,,,,,,,,,,,,,,,,,,,,,,,,,,,,,,,,,,,,,,,,,,,,,,,,,,,,,,,,,,,,,,,2 375 030,,,,Fonds des Adhérents,,,,,,,,,,,,,,,,,,,
ZITOUNA,34,1,,,,0,0,0,,,,,,,,,,,,,,,,,,,,,,,,,,,,,,,,,,,,,,,,,,,,,,,,,,,,,,,,,,,,,,,,,,,,,,,,,,,,,,,,,,,,,,,,0,,,Parts d'OPCVM étenant uniquement des titres à,,,,,,,,,,,,,,,,,,,,
ZITOUNA,34,1,,,,37 026 505,0,0,,,,,,,,,,,,,,,,,,,,,,,,,,,,,,,,,,,,,,,,,,,,,,,,,,,,,,,,,,,,,,,,,,,,,,,,,,,,,,,,,,,,,,,,37 070 000,,,revenu fixe,Entreprise Takaful/ou,,,,,,,,,,,,,,,,,,,
ZITOUNA,34,1,,,,,,,,,,,,,,,,,,,,,,,,,,,,,,,,,,,,,,,,,,,,,,,,,,,,,,,,,,,,,,,,,,,,,,,,,,,,,,,,,,,,,,,,,,,,,,,,,Autres parts d'OPCVM,Retakaful,,,,,,,,,,,,,,,,,,,
ZITOUNA,34,1,,,,2 428 226,0,0,,,,,,,,,,,,,,,,,,,,,,,,,,,,,,,,,,,,,,,,,,,,,,,,,,,,,,,,,,,,,,,,,,,,,,,,,,,,,,,,,,,,,,,,3 090 000,,,,Fonds des Adhérents,,,,,,,,,,,,,,,,,,,
ZITOUNA,34,1,,,,,,,,,,,,,,,,,,,,,,,,,,,,,,,,,,,,,,,,,,,,,,,,,,,,,,,,,,,,,,,,,,,,,,,,,,,,,,,,,,,,,,,,,,,,,,,,,,,,,,,,,,,,,,,,,,,,,
ZITOUNA,34,1,,,,5 282 836,0,0,,,,,,,,,,,,,,,,,,,,,,,,,,,,,,,,,,,,,,,,,,,,,,,,,,,,,,,,,,,,,,,,,,,,,,,,,,,,,,,,,,,,,,,,6 033 333,,,Obligations et autres titres à revenu fixe,Fonds des Adhérents,,,,,,,,,,,,,,,,,,,
ZITOUNA,34,1,,,,,,,,,,,,,,,,,,,,,,,,,,,,,,,,,,,,,,,,,,,,,,,,,,,,,,,,,,,,,,,,,,,,,,,,,,,,,,,,,,,,,,,,,,,,,,,,,,,,,,,,,,,,,,,,,,,,,
ZITOUNA,34,1,,,,"0
368 173","0
0","0
0",,,,,,,,,,,,,,,,,,,,,,,,,,,,,,,,,,,,,,,,,,,,,,,,,,,,,,,,,,,,,,,,,,,,,,,,,,,,,,,,,,,,,,,,"0
368 173",,,Prêts hypothécaires,Fonds des Adhérents,,,,,,,,,,,,,,,,,,,
ZITOUNA,34,1,,,,150 000,0,0,,,,,,,,,,,,,,,,,,,,,,,,,,,,,,,,,,,,,,,,,,,,,,,,,,,,,,,,,,,,,,,,,,,,,,,,,,,,,,,,,,,,,,,,150 000,,,Autres prêts et effets assimilés,Entreprise Takaful/ou,,,,,,,,,,,,,,,,,,,
ZITOUNA,34,1,,,,,,,,,,,,,,,,,,,,,,,,,,,,,,,,,,,,,,,,,,,,,,,,,,,,,,,,,,,,,,,,,,,,,,,,,,,,,,,,,,,,,,,,,,,,,,,,,,Retakaful,,,,,,,,,,,,,,,,,,,
ZITOUNA,34,1,,,,,,,,,,,,,,,,,,,,,,,,,,,,,,,,,,,,,,,,,,,,,,,,,,,,,,,,,,,,,,,,,,,,,,,,,,,,,,,,,,,,,,,,,,,,,,,,,,,,,,,,,,,,,,,,,,,,,
ZITOUNA,34,1,,,,"407 439
4 908 000","0
0","0
0",,,,,,,,,,,,,,,,,,,,,,,,,,,,,,,,,,,,,,,,,,,,,,,,,,,,,,,,,,,,,,,,,,,,,,,,,,,,,,,,,,,,,,,,"407 439
4 908 000",,,Dépôts auprès des entreprise cédantes,"Fonds des Adhérents
Entreprise Takaful/ou",,,,,,,,,,,,,,,,,,,
ZITOUNA,34,1,,,,,,,,,,,,,,,,,,,,,,,,,,,,,,,,,,,,,,,,,,,,,,,,,,,,,,,,,,,,,,,,,,,,,,,,,,,,,,,,,,,,,,,,,,,,,,,,,Autres dépôts,Retakaful,,,,,,,,,,,,,,,,,,,
ZITOUNA,34,1,,,,317 810 000,0,0,,,,,,,,,,,,,,,,,,,,,,,,,,,,,,,,,,,,,,,,,,,,,,,,,,,,,,,,,,,,,,,,,,,,,,,,,,,,,,,,,,,,,,,,317 810 000,,,"Actifs représentatifs de contrats en unités de
c omptes selon le même détail que ci-dessus",Fonds des Adhérents,,,,,,,,,,,,,,,,,,,
ZITOUNA,34,1,,,,0,0,0,,,,,,,,,,,,,,,,,,,,,,,,,,,,,,,,,,,,,,,,,,,,,,,,,,,,,,,,,,,,,,,,,,,,,,,,,,,,,,,,,,,,,,,,0,,,,,,,,,,,,,,,,,,,,,,,
ZITOUNA,34,1,,,,389 495 694,0,0,,,,,,,,,,,,,,,,,,,,,,,,,,,,,,,,,,,,,,,,,,,,,,,,,,,,,,,,,,,,,,,,,,,,,,,,,,,,,,,,,,,,,,,,392 988 963,,,Total,,,,,,,,,,,,,,,,,,,,
ZITOUNA,34,1,,,,,,,,,,,,,,,,,,,,,,,,,,,,,,,,,,,,,,,,,,,,,,,,,,,,,,,,,,,,,,,,,,,,,,,,,,,,,,,,,,,,,,,,,,,,,,,,,,,,,,,,,,,,,,,,,,,,,
ZITOUNA,34,1,,,,268 539 522,0,0,,,,,,,,,,,,,,,,,,,,,,,,,,,,,,,,,,,,,,,,,,,,,,,,,,,,,,,,,,,,,,,,,,,,,,,,,,,,,,,,,,,,,,,,270 539 521,,,"Dont montant de ces placements qui est
admis à la représentation des provisions
techniques",,,,,,,,,,,,,,,,,,,,
ZITOUNA,34,1,,,,,,,,,,,,,,,,,,,,,,,,,,,,,,,,,,,,,,,,,,,,,,,,,,,,,,,,,,,,,,,,,,,,,,,,,,,,,,,,,,,,,,,,,,,,,,,,,,,,,,,,,,,,,,,,,,,,,
ZITOUNA,34,1,,,,17 353 470,0,0,,,,,,,,,,,,,,,,,,,,,,,,,,,,,,,,,,,,,,,,,,,,,,,,,,,,,,,,,,,,,,,,,,,,,,,,,,,,,,,,,,,,,,,,17 353 470,,,"Autres actifs affectables à la représentation
des provisions techniques autres que ls
placements ou la part des réassureurs dans
les provisions techniques",,,,,,,,,,,,,,,,,,,,
ZITOUNA,35,1,,,,,,N-3,,,N-2,,,,N-1,,,,,,N,,,,,,,,,,,,,,,,,,,,,,,,,,,,,,,,,,,,,,,,,,,,,,,,,,,,,,,,,,,,,,,,,,,,,,,,,,,,,,,,,N-4,,,,,,,,,,,,,,,,,
ZITOUNA,35,1,,,,,2022,,,2023,,,,,,,,,,,,,,,,,,,,,,,,,,,,,,,,,,,,,,,,,,,,,,,,,,,,,,,,,,,,,,,,,,,,,,,,,,,,,,,,,,,,,,,,,,,"Inventaire N-2
Règlements cumulés
Provisions pour sinistres
Total charges des sinistres
Primes acquises",2021,,,,,,,,,,,,,,,,,
ZITOUNA,35,1,,,,,,,,,,,,,,,,,,,,,,,,,,,,,,,,,,,,,,,,,,,,,,,,,,,,,,,,,,,,,,,,,,,,,,,,,,,,,,,,,,,,,,,,,,,,,,,,,,,,,,,,,,,,,,,,,,,,,
ZITOUNA,35,1,,,,,,24 696 741,,,16 904 736,,,,,,,,,,,,,,,,,,,,,,,,,,,,,,,,,,,,,,,,,,,,,,,,,,,,,,,,,,,,,,,,,,,,,,,,,,,,,,,,,,,,,,,,,,,22 620 946,,,,,,,,,,,,,,,,,
ZITOUNA,35,1,,,,,"13 537 306
38 234 048",,,"26 764 522
43 669 257",,,,,,,,,,,,,,,,,,,,,,,,,,,,,,,,,,,,,,,,,,,,,,,,,,,,,,,,,,,,,,,,,,,,,,,,,,,,,,,,,,,,,,,,,,,,"8 181 889
30 802 835",,,,,,,,,,,,,,,,,
ZITOUNA,35,1,,,,,,,,,,,,,,,,,,,,,,,,,,,,,,,,,,,,,,,,,,,,,,,,,,,,,,,,,,,,,,,,,,,,,,,,,,,,,,,,,,,,,,,,,,,,,,,,,,,,,,,,,,,,,,,,,,,,,
ZITOUNA,35,1,,,,,,,,,,,,,,,,,,,,,,,,,,,,,,,,,,,,,,,,,,,,,,,,,,,,,,,,,,,,,,,,,,,,,,,,,,,,,,,,,,,,,,,,,,,,,,,,,,,,,,,,,,,,,,,,,,,,,
ZITOUNA,35,1,,,,,63 614 981,,,70 482 914,,,,,,,,,,,,,,,,,,,,,,,,,,,,,,,,,,,,,,,,,,,,,,,,,,,,,,,,,,,,,,,,,,,,,,,,,,,,,,,,,,,,,,,,,,,,56 239 267,,,,,,,,,,,,,,,,,
ZITOUNA,35,2,,,,,,N-3,,,N-2,,,,N-1,,,,,,N,,,,,,,,,,,,,,,,,,,,,,,,,,,,,,,,,,,,,,,,,,,,,,,,,,,,,,,,,,,,,,,,,,,,,,,,,,,,,,,,,N-4,,,,,,,,,,,,,,,,,
ZITOUNA,35,2,,,,,2022,,,2023,,,,2024,,,,,,,,,,,,,,,,,,,,,,,,,,,,,,,,,,,,,,,,,,,,,,,,,,,,,,,,,,,,,,,,,,,,,,,,,,,,,,,,,,,,,,,,2021,Inventaire N-1,,,,,,,,,,,,,,,,
ZITOUNA,35,2,,,,,,,,,,,,,,,,,,,,,,,,,,,,,,,,,,,,,,,,,,,,,,,,,,,,,,,,,,,,,,,,,,,,,,,,,,,,,,,,,,,,,,,,,,,,,,,,,,,,,,,,,,,,,,,,,,,,,
ZITOUNA,35,2,,,,,,27 546 829,,,25 555 274,,,,20 245 199,,,,,,,,,,,,,,,,,,,,,,,,,,,,,,,,,,,,,,,,,,,,,,,,,,,,,,,,,,,,,,,,,,,,,,,,,,,,,,,,,,,,,,,24 159 407,,,,,,,,,,,,,,,,,
ZITOUNA,35,2,,,,,"10 465 383
38 012 211",,,"21 719 660
47 274 934",,,,"30 054 145
50 299 344",,,,,,,,,,,,,,,,,,,,,,,,,,,,,,,,,,,,,,,,,,,,,,,,,,,,,,,,,,,,,,,,,,,,,,,,,,,,,,,,,,,,,,,,"6 542 210
30 701 616",Règlements cumulés,,,,,,,,,,,,,,,,
ZITOUNA,35,2,,,,,,,,,,,,,,,,,,,,,,,,,,,,,,,,,,,,,,,,,,,,,,,,,,,,,,,,,,,,,,,,,,,,,,,,,,,,,,,,,,,,,,,,,,,,,,,,,,,,,"Provisions pour sinistres
Total charges des sinistres",,,,,,,,,,,,,,,,
ZITOUNA,35,2,,,,,,,,,,,,,,,,,,,,,,,,,,,,,,,,,,,,,,,,,,,,,,,,,,,,,,,,,,,,,,,,,,,,,,,,,,,,,,,,,,,,,,,,,,,,,,,,,,,,,,,,,,,,,,,,,,,,,
ZITOUNA,35,2,,,,,63 614 981,,,70 482 914,,,,86 837 083,,,,,,,,,,,,,,,,,,,,,,,,,,,,,,,,,,,,,,,,,,,,,,,,,,,,,,,,,,,,,,,,,,,,,,,,,,,,,,,,,,,,,,,,56 239 267,Primes acquises,,,,,,,,,,,,,,,,
ZITOUNA,35,3,,,,,,N-3,,,N-2,,,,N-1,,,,,,N,,,,,,,,,,,,,,,,,,,,,,,,,,,,,,,,,,,,,,,,,,,,,,,,,,,,,,,,,,,,,,,,,,,,,,,,,,,,,,,,,N-4,,,,,,,,,,,,,,,,,
ZITOUNA,35,3,,,,,2022,,,2023,,,,2024,,,2025,,,,,,,,,,,,,,,,,,,,,,,,,,,,,,,,,,,,,,,,,,,,,,,,,,,,,,,,,,,,,,,,,,,,,,,,,,,,,,,,,,,,,2021,Inventaire N,,,,,,,,,,,,,,,,
ZITOUNA,35,3,,,,,,,,,,,,,,,,,,,,,,,,,,,,,,,,,,,,,,,,,,,,,,,,,,,,,,,,,,,,,,,,,,,,,,,,,,,,,,,,,,,,,,,,,,,,,,,,,,,,,,,,,,,,,,,,,,,,,
ZITOUNA,35,3,,,,,,30 031 809,,,30 499 874,,,,34 766 047,,,,,,22 642 588,,,,,,,,,,,,,,,,,,,,,,,,,,,,,,,,,,,,,,,,,,,,,,,,,,,,,,,,,,,,,,,,,,,,,,,,,,,,,,,,,25 437 108,,,,,,,,,,,,,,,,,
ZITOUNA,35,3,,,,,"7 650 923
37 682 733",,,"16 081 907
46 581 781",,,,"19 172 972
53 939 019",,,"37 185 744
59 828 331",,,,,,,,,,,,,,,,,,,,,,,,,,,,,,,,,,,,,,,,,,,,,,,,,,,,,,,,,,,,,,,,,,,,,,,,,,,,,,,,,,,,,"5 293 021
30 730 129",Règlements cumulés,,,,,,,,,,,,,,,,
ZITOUNA,35,3,,,,,,,,,,,,,,,,,,,,,,,,,,,,,,,,,,,,,,,,,,,,,,,,,,,,,,,,,,,,,,,,,,,,,,,,,,,,,,,,,,,,,,,,,,,,,,,,,,,,,"Provisions pour sinistres
Total charges des sinistres",,,,,,,,,,,,,,,,
ZITOUNA,35,3,,,,,,,,,,,,,,,,,,,,,,,,,,,,,,,,,,,,,,,,,,,,,,,,,,,,,,,,,,,,,,,,,,,,,,,,,,,,,,,,,,,,,,,,,,,,,,,,,,,,,,,,,,,,,,,,,,,,,
ZITOUNA,35,3,,,,,63 614 981,,,70 482 914,,,,86 837 083,,,93 018 435,,,,,,,,,,,,,,,,,,,,,,,,,,,,,,,,,,,,,,,,,,,,,,,,,,,,,,,,,,,,,,,,,,,,,,,,,,,,,,,,,,,,,56 239 267,Primes acquises,,,,,,,,,,,,,,,,
ZITOUNA,35,4,,,,,,,,,,,,,,,,,,,,,,,,,,,,,,,,,,,,,,,,,,,,,,,,,,,,,,,,,,,,,,,,,,,,,,,,,,,,,,,,,,,,,,,,,,,,,,,,,,,,,,frais,,,,,,,,,,,,,,,
ZITOUNA,35,4,,,,,,,,,,,,,,,,,,,,,,,,,,,,,,,,,,,,,,,,,,,,,,,,,,,,,,,,,,,,,,,,,,,,,,,,,,,,,,,,,,,,,,,,,,,,,,,,,,,,,,financiers,,,,,,,,,,,,,,,
ZITOUNA,35,4,,,,,,,,,,,,,,,,,,,,,,,,,,,,,,,,,,,,,,,,,,,,,,,,,,,,,,,,,,,,,,,,,,,,,,,,,,,,,,,,,,,,,,,,,,,,,,,,,,,,,,concernant,,,,,,,,,,,,,,,
ZITOUNA,35,4,,,,,,,,,,,,,,,,,,,,,,,,,,,,,,,,,,,,,,,,,,,,,,,,,,,,,,,,,,,,,,,,,,,,,,,,,,,,,,,,,,,,,,,,,,,,,,,,,,,,,,les,,,,,,,,,,,,,,,
ZITOUNA,35,4,,,,,,,,,,,,,,,,,,,,,,,,,,,,,,,,,,,,,,,,,,,,,,,,,,,,,,,,,,,,,,,,,,,,,,,,,,,,,,,,,,,,,,,,,,,,,,,,,,,,,,placcements,,,,,,,,,,,,,,,
ZITOUNA,35,4,,,,,,,,,,,,,,,,,,,,,,,,,,,,,,,,,,,,,,,,,,,,,,,,,,,,,,,,,,,,,,,,,,,,,,,,,,,,,,,,,,,,,,,,,,,,,,,,,,,,,,dans des,,,,,,,,,,,,,,,
ZITOUNA,35,4,,,,,,,,,,,,,,,,,,,,,,,,,,,,,,,,,,,,,,,,,,,,,,,,,,,,,,,,,,,,,,,,,,,,,,,,,,,,,,,,,,,,,,,,,,,,,,,,,,,,,,entreprises,,,,,,,,,,,,,,,
ZITOUNA,35,4,,,,,,,,,,,,,,,,,,,,,,,,,,,,,,,,,,,,,,,,,,,,,,,,,,,,,,,,,,,,,,,,,,,,,,,,,,,,,,,,,,,,,,,,,,,,,,,,,,,,,,liées et avec,,,,,,,,,,,,,,,
ZITOUNA,35,4,,,,,,,,,,,,,,,,,,,,,,,,,,,,,,,,,,,,,,,,,,,,,,,,,,,,,,,,,,,,,,,,,,,,,,,,,,,,,,,,,,,,,,,,,,,,,,,,,,,,,,lien de,,,,,,,,,,,,,,,
ZITOUNA,35,4,,,,,,,,,,,,,,,,,,,,,,,,,,,,,,,,,,,,,,,,,,,,,,,,,,,,,,,,,,,,,,,,,,,,,,,,,,,,,,,,,,,,,,,,,,,,,,,,,,,,,,participations,,,,,,,,,,,,,,,
ZITOUNA,35,4,,,,"Revenu des placements immobiliers
Revenu des participations
RTeovtaenl pu rdoedsu aiutstr dese sp lpalcaecmemenetns ts
Autres revenus financiers ( commissions,honoraires)
CThoatargl ecsh daer ggeess tdioens pdela pcleamceemnetsn t",,,,,,,,,,,,,,,,,,,,,,,,,,,,,,,,,,,,,,,,,,,,,,,,,,,,,,,,,,,,,,,,,,,,,,,,,,,,,,,,,,,,,,,,,,,,,,,,,,,"0
0
00
0
00",,,,,,,,,,,,,,
ZITOUNA,35,4,,,,,,,,,,,,,,,,,,,,,,,,,,,,,,,,,,,,,,,,,,,,,,,,,,,,,,,,,,,,,,,,,,,,,,,,,,,,,,,,,,,,,,,,,,,,,,,,,,,,,,,,,,,,,,,,,,,,,
ZITOUNA,35,4,,,,,,,,,,,,,,,,,,,,,,,,,,,,,,,,,,,,,,,,,,,,,,,,,,,,,,,,,,,,,,,,,,,,,,,,,,,,,,,,,,,,,,,,,,,,,,,,,,,,,,0,,,,,,,,,,,,,,,
ZITOUNA,35,4,,,,,,,,,,,,,,,,,,,,,,,,,,,,,,,,,,,,,,,,,,,,,,,,,,,,,,,,,,,,,,,,,,,,,,,,,,,,,,,,,,,,,,,,,,,,,,,,,,,,,,0,,,,,,,,,,,,,,,
ZITOUNA,35,4,,,,,,,,,,,,,,,,,,,,,,,,,,,,,,,,,,,,,,,,,,,,,,,,,,,,,,,,,,,,,,,,,,,,,,,,,,,,,,,,,,,,,,,,,,,,,,,,,,,,,,1166 998844 227700,,,,,,,,,,,,,,,
ZITOUNA,35,4,,,,,,,,,,,,,,,,,,,,,,,,,,,,,,,,,,,,,,,,,,,,,,,,,,,,,,,,,,,,,,,,,,,,,,,,,,,,,,,,,,,,,,,,,,,,,,,,,,,,,,,,,,,,,,,,,,,,,
ZITOUNA,35,4,,,,,,,,,,,,,,,,,,,,,,,,,,,,,,,,,,,,,,,,,,,,,,,,,,,,,,,,,,,,,,,,,,,,,,,,,,,,,,,,,,,,,,,,,,,,,,,,,,,,,,,,,,,,,,,,,,,,,
ZITOUNA,35,4,,,,,,,,,,,,,,,,,,,,,,,,,,,,,,,,,,,,,,,,,,,,,,,,,,,,,,,,,,,,,,,,,,,,,,,,,,,,,,,,,,,,,,,,,,,,,,,,,,,,,,86 18518 5 33533,,,,,,,,,,,,,,,
ZITOUNA,36,1,,,,,,,,,,,,,,,,,,,,,,,,,,,,,,,,,,,,,,,,,,,,,,,,,,,,,,,,,,,,,,,,,,,,,,,,,,,,,,,,,,,,,,,,,,,,,,,,,,,,,,,,Familial),,,,,,,,,,,,,
ZITOUNA,36,1,,,,,PREVOYANCE,,EPARGNE,Total,,,,,,,,,,,,,,,,,,,,,,,,,,,,,,,,,,,,,,,,,,,,,,,,,,,,,,,,,,,,,,,,,,,,,,,,,,,,,,,,,,,,,,,,,,,,,,,,,,,,,,,,,,,,,
ZITOUNA,36,1,,,,,,,,,,,,,,,,,,,,,,,,,,,,,,,,,,,,,,,,,,,,,,,,,,,,,,,,,,,,,,,,,,,,,,,,,,,,,,,,,,,,,,,,,,,,,,,,,,,,,,,,,,,,,,,,,,,,,
ZITOUNA,36,1,,,,,5 186 976,,56 507 787,61 694 762,,,,,,,,,,,,,,,,,,,,,,,,,,,,,,,,,,,,,,,,,,,,,,,,,,,,,,,,,,,,,,,,,,,,,,,,,,,,,,,,,,,,,,,,,,,,,,,,Primes,,,,,,,,,,,,,
ZITOUNA,36,1,,,,,-469 919,,-19 352 776,-19 822 695,,,,,,,,,,,,,,,,,,,,,,,,,,,,,,,,,,,,,,,,,,,,,,,,,,,,,,,,,,,,,,,,,,,,,,,,,,,,,,,,,,,,,,,,,,,,,,,,Charges de prestations,,,,,,,,,,,,,
ZITOUNA,36,1,,,,42 90118 8 81785,,--496 2 30661 9 96756,,--446 2 18680 0 19518,,,,,,,,,,,,,,,,,,,,,,,,,,,,,,,,,,,,,,,,,,,,,,,,,,,,,,,,,,,,,,,,,,,,,,,,,,,,,,,,,,,,,,,,,,,,,,,,CSohladrege dse d seosu psrcorviipstioionns d’assurance vie et des autres provisions techniques,,,,,,,,,,,,,
ZITOUNA,36,1,,,,-2 264 131,,-1 420 206,,,,,,,,,,,,,,,,,,,,,,,,,,,,,,,,,,,,,,,,,,,,,,,,,,,,,,,,,,,,,,,,,,,,,,,,,,,,,,,,,,,,,,,,,,,,,,,,,,Frais d’acquisition,,,,,,,,,,,,,
ZITOUNA,36,1,,,,,,,,-3 684 337,,,,,,,,,,,,,,,,,,,,,,,,,,,,,,,,,,,,,,,,,,,,,,,,,,,,,,,,,,,,,,,,,,,,,,,,,,,,,,,,,,,,,,,,,,,,,,,,,,,,,,,,,,,,,
ZITOUNA,36,1,,,,--41 087151 015889,,11 51366 3 57717,,-3-2 97548 4 88118,,,,,,,,,,,,,,,,,,,,,,,,,,,,,,,,,,,,,,,,,,,,,,,,,,,,,,,,,,,,,,,,,,,,,,,,,,,,,,,,,,,,,,,,,,,,,,,,AChuatrregse csh da’ragceqsu dies igteiostni oent ndeet gteess tion nettes,,,,,,,,,,,,,
ZITOUNA,36,1,,,,,,,,,,,,,,,,,,,,,,,,,,,,,,,,,,,,,,,,,,,,,,,,,,,,,,,,,,,,,,,,,,,,,,,,,,,,,,,,,,,,,,,,,,,,,,,,,,,,,,,,,,,,,,,,,,,,,
ZITOUNA,36,1,,,,11 116688 777700,,99 333333 884433,,1100 550022 661122,,,,,,,,,,,,,,,,,,,,,,,,,,,,,,,,,,,,,,,,,,,,,,,,,,,,,,,,,,,,,,,,,,,,,,,,,,,,,,,,,,,,,,,,,,,,,,,,PSorolddeu iftisn naentcsi edre placements,,,,,,,,,,,,,
ZITOUNA,36,1,,,,,,,,,,,,,,,,,,,,,,,,,,,,,,,,,,,,,,,,,,,,,,,,,,,,,,,,,,,,,,,,,,,,,,,,,,,,,,,,,,,,,,,,,,,,,,,,,,,,,,,,,,,,,,,,,,,,,
ZITOUNA,36,1,,,,-1 724 308,,-75 573,,-1 799 881,,,,,,,,,,,,,,,,,,,,,,,,,,,,,,,,,,,,,,,,,,,,,,,,,,,,,,,,,,,,,,,,,,,,,,,,,,,,,,,,,,,,,,,,,,,,,,,,,,,,,,,,,,,,,
ZITOUNA,36,1,,,,,,,,,,,,,,,,,,,,,,,,,,,,,,,,,,,,,,,,,,,,,,,,,,,,,,,,,,,,,,,,,,,,,,,,,,,,,,,,,,,,,,,,,,,,,,,,,,,,,,,,Primes cédées et / ou rétrocédées,,,,,,,,,,,,,
ZITOUNA,36,1,,,,176 878,,"28869,273",,205 748,,,,,,,,,,,,,,,,,,,,,,,,,,,,,,,,,,,,,,,,,,,,,,,,,,,,,,,,,,,,,,,,,,,,,,,,,,,,,,,,,,,,,,,,,,,,,,,,Part des réassureurs et / ou des rétrocessionnaires dans les charges de,,,,,,,,,,,,,
ZITOUNA,36,1,,,,,,,,,,,,,,,,,,,,,,,,,,,,,,,,,,,,,,,,,,,,,,,,,,,,,,,,,,,,,,,,,,,,,,,,,,,,,,,,,,,,,,,,,,,,,,,,,,,,,,,,prestations,,,,,,,,,,,,,
ZITOUNA,36,1,,,,-434,,-1 976,,-2 410,,,,,,,,,,,,,,,,,,,,,,,,,,,,,,,,,,,,,,,,,,,,,,,,,,,,,,,,,,,,,,,,,,,,,,,,,,,,,,,,,,,,,,,,,,,,,,,,"Part des réassureurs et / ou des rétrocessionnaires dans les charges de
provisions",,,,,,,,,,,,,
ZITOUNA,36,1,,,,-963170 171531,,-444 3 37091,,-964515 409523,,,,,,,,,,,,,,,,,,,,,,,,,,,,,,,,,,,,,,,,,,,,,,,,,,,,,,,,,,,,,,,,,,,,,,,,,,,,,,,,,,,,,,,,,,,,,,,,CSoolmdme dises iroénass rseuçruaens cdee es tr é/a osusu dree urrést reot c/e osus idoens rétrocessionnaires,,,,,,,,,,,,,
ZITOUNA,36,1,,,,1 401 704,,198 947,,1 600 651,,,,,,,,,,,,,,,,,,,,,,,,,,,,,,,,,,,,,,,,,,,,,,,,,,,,,,,,,,,,,,,,,,,,,,,,,,,,,,,,,,,,,,,,,,,,,,,,Résultat technique,,,,,,,,,,,,,
ZITOUNA,36,1,,,,,,,,,,,,,,,,,,,,,,,,,,,,,,,,,,,,,,,,,,,,,,,,,,,,,,,,,,,,,,,,,,,,,,,,,,,,,,,,,,,,,,,,,,,,,,,,,,,,,,,,Informations complémentaires,,,,,,,,,,,,,
ZITOUNA,36,1,,,,,,,,,,,,,,,,,,,,,,,,,,,,,,,,,,,,,,,,,,,,,,,,,,,,,,,,,,,,,,,,,,,,,,,,,,,,,,,,,,,,,,,,,,,,,,,,,,,,,,,,,,,,,,,,,,,,,
ZITOUNA,36,1,,,,,0,,4 249 395,4 249 395,,,,,,,,,,,,,,,,,,,,,,,,,,,,,,,,,,,,,,,,,,,,,,,,,,,,,,,,,,,,,,,,,,,,,,,,,,,,,,,,,,,,,,,,,,,,,,,,Montant des rachats,,,,,,,,,,,,,
ZITOUNA,36,1,,,,,18 873 888,,184 076 547,202 950 435,,,,,,,,,,,,,,,,,,,,,,,,,,,,,,,,,,,,,,,,,,,,,,,,,,,,,,,,,,,,,,,,,,,,,,,,,,,,,,,,,,,,,,,,,,,,,,,,Provisions techniques brutes à la clôture,,,,,,,,,,,,,
ZITOUNA,37,2,,,,Primes acquises,Primes acquises,,62 667 571,,2 651 606,,,4 601 065,,23 098 193,,,,,93 018 435,,,,,,,,,,,,,,,,,,,,,,,,,,,,,,,,,,,,,,,,,,,,,,,,,,,,,,,,,,,,,,,,,,,,,,,,,,,,,,,,,,,,,,,,,,,,,,,,,,
ZITOUNA,37,2,,,,"Primes émises
Variation des primes non acquises",,,"64 426 991
-1 759 420",,"2 613 862
37 744",,,"4 684 738
-83 673",,"23 737 278
-639 085",,,,,"95 462 869
-2 444 434",,,,,,,,,,,,,,,,,,,,,,,,,,,,,,,,,,,,,,,,,,,,,,,,,,,,,,,,,,,,,,,,,,,,,,,,,,,,,,,,,,,,,,,,,,,,,,,,,,
ZITOUNA,37,2,,,,Charges de prestation,,,-42 374 465,,-25 282,,,1 593 212,,"-10 193
854",,,,,-51 000 389,,,,,,,,,,,,,,,,,,,,,,,,,,,,,,,,,,,,,,,,,,,,,,,,,,,,,,,,,,,,,,,,,,,,,,,,,,,,,,,,,,,,,,,,,,,,,,,,,,
ZITOUNA,37,2,,,,"Prestations et frais payés
Charges des provisions pour prestations et diverses",,,"-29 346 636
-13 027 829",,"-444 344
419 061",,,"-571 180
2 164 393",,"-10 383
568
189 714",,,,,"-40 745 728
-10 254 661",,,,,,,,,,,,,,,,,,,,,,,,,,,,,,,,,,,,,,,,,,,,,,,,,,,,,,,,,,,,,,,,,,,,,,,,,,,,,,,,,,,,,,,,,,,,,,,,,,
ZITOUNA,37,2,,,,Solde de souscription,,,20 293 106,,2 626 324,,,6 194 278,,12 904 338,,,,,42 018 046,,,,,,,,,,,,,,,,,,,,,,,,,,,,,,,,,,,,,,,,,,,,,,,,,,,,,,,,,,,,,,,,,,,,,,,,,,,,,,,,,,,,,,,,,,,,,,,,,,
ZITOUNA,37,2,,,,"Frais d’acquisition
Autres charges de gestion nettes",,,"-16 114 053
-6 579 257",,"-968 586
-654 631",,,"-3 356 527
-1 167 415",,"-5 881 047
-3 077 894",,,,,"-26 320 213
-11 479 197",,,,,,,,,,,,,,,,,,,,,,,,,,,,,,,,,,,,,,,,,,,,,,,,,,,,,,,,,,,,,,,,,,,,,,,,,,,,,,,,,,,,,,,,,,,,,,,,,,
ZITOUNA,37,2,,,,Charges d’acquisition et de gestion nettes,,,-22 693 309,,-1 623 217,,,-4 523 942,,-8 958 941,,,,,-37 799 410,,,,,,,,,,,,,,,,,,,,,,,,,,,,,,,,,,,,,,,,,,,,,,,,,,,,,,,,,,,,,,,,,,,,,,,,,,,,,,,,,,,,,,,,,,,,,,,,,,
ZITOUNA,37,2,,,,Produits nets de placements,,,5 022 689,,73 938,,,537 099,,783 959,,,,,6 417 686,,,,,,,,,,,,,,,,,,,,,,,,,,,,,,,,,,,,,,,,,,,,,,,,,,,,,,,,,,,,,,,,,,,,,,,,,,,,,,,,,,,,,,,,,,,,,,,,,,
ZITOUNA,37,2,,,,Solde financier,,,5 022 689,,73 938,,,537 099,,783 959,,,,,6 417 686,,,,,,,,,,,,,,,,,,,,,,,,,,,,,,,,,,,,,,,,,,,,,,,,,,,,,,,,,,,,,,,,,,,,,,,,,,,,,,,,,,,,,,,,,,,,,,,,,,
ZITOUNA,37,2,,,,"Part des réassureurs et / ou des rétrocessionnaires
dans les primes acquises
Part des réassureurs et / ou des rétrocessionnaires
dans les prestations payées
Part des réassureurs et / ou des rétrocessionnaires
dans les charges de provisions pour prestation
Commissions reçues des réassureurs et / ou des
rétrocessionnaires",,,"-368 164
40 461
67 536
0",,"-1 864 359
230 431
219 068
563 588",,,"-2 623 320
95 636
-165 345
1 173 591",,"-6 369 674
858 461
531 886
1 024 285",,,,,"-11 225 518
1 224 990
653 144
2 761 464",,,,,,,,,,,,,,,,,,,,,,,,,,,,,,,,,,,,,,,,,,,,,,,,,,,,,,,,,,,,,,,,,,,,,,,,,,,,,,,,,,,,,,,,,,,,,,,,,,
ZITOUNA,37,2,,,,Solde de réassurance et / ou de rétrocession,,,-260 167,,-851 272,,,-1 519 439,,-3 955 042,,,,,-6 585 921,,,,,,,,,,,,,,,,,,,,,,,,,,,,,,,,,,,,,,,,,,,,,,,,,,,,,,,,,,,,,,,,,,,,,,,,,,,,,,,,,,,,,,,,,,,,,,,,,,
ZITOUNA,37,2,,,,Résultat technique,,,2 362 317,,225 774,,,687 996,,774 314,,,,,4 050 401,,,,,,,,,,,,,,,,,,,,,,,,,,,,,,,,,,,,,,,,,,,,,,,,,,,,,,,,,,,,,,,,,,,,,,,,,,,,,,,,,,,,,,,,,,,,,,,,,,
ZITOUNA,37,2,,,,"Informations complémentaires
Provisions pour primes non acquises clôture
Provisions pour primes non acquises ouverture
Provisions pour sinistres à payer à la clôture
Provisions pour sinistres à payer à l'ouverture
Autres provisions techniques clôture
Autres provisions techniques ouverture",,,"30 486 442
28 727 022
109 057 806
94 141 276
80 465
0",,"712 154
749 898
855 661
969 410
0",,,"3 185 931
3 102 258
8 621 035
8 140 583
0
2 545 086",,"7 338 899
6 699 814
8 987 203
8 559 144
89 784
101 353",,,,,"41 723 426
39 278 992
127 521 705
111 810 413
170 249
2 646 440",,,,,,,,,,,,,,,,,,,,,,,,,,,,,,,,,,,,,,,,,,,,,,,,,,,,,,,,,,,,,,,,,,,,,,,,,,,,,,,,,,,,,,,,,,,,,,,,,,
ZITOUNA,38,1,,,,"Primes
Charges de prestations
Charges des provisions d'assurance Familial et des autres provisions techniques
Ajustement ACAV ( Assurance à capital Variable)",,,,,,,,,,,,,,,,,,,,,,,,,,,,,,,,,,,,,,,,,,,,,,,,,,,,,,,,,,,,,,,,,,,,,,,,,,,,,,,,,,,,,,,,,,,,,,,,,,,,,,,,,,"PRF1-1° colonne
CHF1- 1° colonne
CHF2+ CHF6-1° colonne
CHF7 - PRV3 -1°colonne","61 694 762
18 415 099
47 567 753
0",,,,,,
ZITOUNA,38,1,,,,Solde de souscription,,,,,,,,,,,,,,,,,,,,,,,,,,,,,,,,,,,,,,,,,,,,,,,,,,,,,,,,,,,,,,,,,,,,,,,,,,,,,,,,,,,,,,,,,,,,,,,,,,,,,,,,,,,-4 288 090,,,,,,
ZITOUNA,38,1,,,,"Frais d'acquisition
Autres charges de gestion nettes",,,,,,,,,,,,,,,,,,,,,,,,,,,,,,,,,,,,,,,,,,,,,,,,,,,,,,,,,,,,,,,,,,,,,,,,,,,,,,,,,,,,,,,,,,,,,,,,,,,,,,,,,,"CHF31 + CHF32
CHF33 + CHF5 - PRF 4","3 684 337
274 481",,,,,,
ZITOUNA,38,1,,,,Charges d'acquisition et de gestion nettes,,,,,,,,,,,,,,,,,,,,,,,,,,,,,,,,,,,,,,,,,,,,,,,,,,,,,,,,,,,,,,,,,,,,,,,,,,,,,,,,,,,,,,,,,,,,,,,,,,,,,,,,,,,3 958 818,,,,,,
ZITOUNA,38,1,,,,Produits nets de placements,,,,,,,,,,,,,,,,,,,,,,,,,,,,,,,,,,,,,,,,,,,,,,,,,,,,,,,,,,,,,,,,,,,,,,,,,,,,,,,,,,,,,,,,,,,,,,,,,,,,,,,,,,PRF2 - CHF4,10 502 612,,,,,,
ZITOUNA,38,1,,,,Solde financier,,,,,,,,,,,,,,,,,,,,,,,,,,,,,,,,,,,,,,,,,,,,,,,,,,,,,,,,,,,,,,,,,,,,,,,,,,,,,,,,,,,,,,,,,,,,,,,,,,,,,,,,,,,10 50 2 612,,,,,,
ZITOUNA,38,1,,,,"Primes cédées et/ ou rétrocédées
Part des réassureurs et / ou des rétrocessionnaires dans les charges de prestations
Part des réassureurs et / ou des rétrocessionnaires dans les charges de provisions
Commissions reçus des réassureurs et/ ou des rétrocessionnaires",,,,,,,,,,,,,,,,,,,,,,,,,,,,,,,,,,,,,,,,,,,,,,,,,,,,,,,,,,,,,,,,,,,,,,,,,,,,,,,,,,,,,,,,,,,,,,,,,,,,,,,,,,"PRF1 2° colonne
CHF1 2° colonne
CHF2 2° colonne
CHF34 2° colonne","1 799 881
166 809
36 527
941 492",,,,,,
ZITOUNA,38,1,,,,Solde de réassurance et / ou de rétrocession,,,,,,,,,,,,,,,,,,,,,,,,,,,,,,,,,,,,,,,,,,,,,,,,,,,,,,,,,,,,,,,,,,,,,,,,,,,,,,,,,,,,,,,,,,,,,,,,,,,,,,,,,,,655 053,,,,,,
ZITOUNA,38,1,,,,Résultat technique,,,,,,,,,,,,,,,,,,,,,,,,,,,,,,,,,,,,,,,,,,,,,,,,,,,,,,,,,,,,,,,,,,,,,,,,,,,,,,,,,,,,,,,,,,,,,,,,,,,,,,,,,,,1 600 651,,,,,,
ZITOUNA,38,1,,,,"Informations complémentaires
Montant des rachats
Intérêts techniques bruts de l'exercice
Provisions techniques brutes à la clôture
Provisions techniques brutes à l'ouverture
A déduire
Provisions devenues exigibles",,,,,,,,,,,,,,,,,,,,,,,,,,,,,,,,,,,,,,,,,,,,,,,,,,,,,,,,,,,,,,,,,,,,,,,,,,,,,,,,,,,,,,,,,,,,,,,,,,,,,,,,,,,"4 249 395
0
202 950 435
156 790 277
0",,,,,,
ZITOUNA,39,1,,,,"Primes acquises
Primes émises
Variation des primes non acquises
Charges de prestations
Prestations et frais payés
Charges des provisions pour prestations diverses",,,,,,,,,,,,,,,,,,,,,,,,,,,,,,,,,,,,,,,,,,,,,,,,,,,,,,,,,,,,,,,,,,,,,,,,,,,,,,,,,,,,,,,,,,,,,,,,,,,,,,,,,,"PRG11 1° colonne
PRG12 1° colonne
CHG11 1° colonne
CHG12 + CHG6 1° colonne",,"95 462 869
923 404148 4 43345
40 745 728
10 254 661",,,,,
ZITOUNA,39,1,,,,Solde de souscription,,,,,,,,,,,,,,,,,,,,,,,,,,,,,,,,,,,,,,,,,,,,,,,,,,,,,,,,,,,,,,,,,,,,,,,,,,,,,,,,,,,,,,,,,,,,,,,,,,,,,,,,,,,,42 01 8 046,,,,,
ZITOUNA,39,1,,,,"Frais d'acquisition
Autres charges de gestion nettes",,,,,,,,,,,,,,,,,,,,,,,,,,,,,,,,,,,,,,,,,,,,,,,,,,,,,,,,,,,,,,,,,,,,,,,,,,,,,,,,,,,,,,,,,,,,,,,,,,,,,,,,,,"CHG31 + CHG32
CHG33 + CHG5 - PRG3",,"26 320 213
11 479 197",,,,,
ZITOUNA,39,1,,,,Charges d'acquisition et de gestion nettes,,,,,,,,,,,,,,,,,,,,,,,,,,,,,,,,,,,,,,,,,,,,,,,,,,,,,,,,,,,,,,,,,,,,,,,,,,,,,,,,,,,,,,,,,,,,,,,,,,,,,,,,,,,,37 79 9 410,,,,,
ZITOUNA,39,1,,,,Produits nets de placements,,,,,,,,,,,,,,,,,,,,,,,,,,,,,,,,,,,,,,,,,,,,,,,,,,,,,,,,,,,,,,,,,,,,,,,,,,,,,,,,,,,,,,,,,,,,,,,,,,,,,,,,,,PRG2-CHG4,,6 417 686,,,,,
ZITOUNA,39,1,,,,Solde financier,,,,,,,,,,,,,,,,,,,,,,,,,,,,,,,,,,,,,,,,,,,,,,,,,,,,,,,,,,,,,,,,,,,,,,,,,,,,,,,,,,,,,,,,,,,,,,,,,,,,,,,,,,,,6 417 686,,,,,
ZITOUNA,39,1,,,,"Part des réassureurs et / ou des rétrocessionnaires dans les primes acquises
Part des réassureurs et / ou des rétrocessionnaires dans les prestations payées
Part des réassureurs et / ou des rétrocessionnaires dans les charges de provisions
pour prestations
Commissions reçus des réassureurs et/ ou des rétrocessionnaires",,,,,,,,,,,,,,,,,,,,,,,,,,,,,,,,,,,,,,,,,,,,,,,,,,,,,,,,,,,,,,,,,,,,,,,,,,,,,,,,,,,,,,,,,,,,,,,,,,,,,,,,,,"PRG1 2° colonne
CHG11 2° colonne
CHG12 + CHG2 + CHG 6 2° colonne
CHG34",,"11 225 518
1 224 990
653 144
2 761 464",,,,,
ZITOUNA,39,1,,,,Solde de réassurance et / ou de rétrocession,,,,,,,,,,,,,,,,,,,,,,,,,,,,,,,,,,,,,,,,,,,,,,,,,,,,,,,,,,,,,,,,,,,,,,,,,,,,,,,,,,,,,,,,,,,,,,,,,,,,,,,,,,,,6 585 921,,,,,
ZITOUNA,39,1,,,,Résultat technique,,,,,,,,,,,,,,,,,,,,,,,,,,,,,,,,,,,,,,,,,,,,,,,,,,,,,,,,,,,,,,,,,,,,,,,,,,,,,,,,,,,,,,,,,,,,,,,,,,,,,,,,,,,,4 050 401,,,,,
ZITOUNA,39,1,,,,"Informations complémentaires
Provisions pour primes non acquises clôture
Provisions pour primes non acquises ouverture
Provisions pour sinistres à payer à la clôture
Provisions pour sinistres à payer à l'ouverture
Autres provisions techniques clôture
Autres provisions techniques ouverture
A déduire
Provisions devenues exigibles",,,,,,,,,,,,,,,,,,,,,,,,,,,,,,,,,,,,,,,,,,,,,,,,,,,,,,,,,,,,,,,,,,,,,,,,,,,,,,,,,,,,,,,,,,,,,,,,,,,,,,,,,,,,"41 723 426
39 278 992
127 521 705
111 810 413
170 249
2 646 440
0",,,,,
ZITOUNA,48,1,,,,,,,,,,,,,,,,,,,,,,,,,,,,,,,,,,,,,,,,,,,,,,,,,,,,,,,,,,,,,,,,,,,,,,,,,,,,,,,,,,,,,,,,,,,,,,,,,,,,,,,,,,,,,,,,,,,,,
ZITOUNA,48,1,,,,,,,,,,,,,,,,,,,,,,,,,,,,,,,,,,,,,,,,,,,,,,,,,,,,,,,,,,,,,,,,,,,,,,,,,,,,,,,,,,,,,,,,,,,,,,,,,,,,,,,,,,,,,,,,,Participants- General,3 300 000,,,
ZITOUNA,48,1,,,,,,,,,,,,,,,,,,,,,,,,,,,,,,,,,,,,,,,,,,,,,,,,,,,,,,,,,,,,,,,,,,,,,,,,,,,,,,,,,,,,,,,,,,,,,,,,,,,,,,,,,,,,,,,,,"Total
Participants- Family","8 500 000
5 200 000",,,
ZITOUNA,50,1,,,,Passifs,Passifs,,,,,,,,,,,,,,,,,,,,,,,,,,,,,,,,,,,,,,,,,,,,,,,,,,,,,,,,,,,,,,,,,,,,,,,,,,,,,,,,,,,,,,,,,,,,,,,,,,,,,,,,,,,,,,,"Charges de
l'exercice","Charges de
l'exercice"
ZITOUNA,50,1,,,,,,,,,,,,,,,,,,,,,,,,,,,,,,,,,,,,,,,,,,,,,,,,,,,,,,,,,,,,,,,,,,,,,,,,,,,,,,,,,,,,,,,,,,,,,,,,,,,,,,,,,,,,,,,,,,,,,
ZITOUNA,50,1,,,,,,,,,,,,,,,,,,,,,,,,,,,,,,,,,,,,,,,,,,,,,,,,,,,,,,,,,,,,,,,,,,,,,,,,,,,,,,,,,,,,,,,,,,,,,,,,,,,,,,,,,,,,,,,,,,,,,
ZITOUNA,50,1,,,,519 000,608 000,,,,,,,,,,,,,,,,,,,,,,,,,,,,,,,,,,,,,,,,,,,,,,,,,,,,,,,,,,,,,,,,,,,,,,,,,,,,,,,,,,,,,,,,,,,,,,,,,,,,,,,,,,,,,,Avantages à court terme,1 645 984,873 540
ZITOUNA,50,1,,,,-,-,,,,,,,,,,,,,,,,,,,,,,,,,,,,,,,,,,,,,,,,,,,,,,,,,,,,,,,,,,,,,,,,,,,,,,,,,,,,,,,,,,,,,,,,,,,,,,,,,,,,,,,,,,,,,,Avantages postérieurs à l'emploi,65 568,-
ZITOUNA,50,1,,,,-,-,,,,,,,,,,,,,,,,,,,,,,,,,,,,,,,,,,,,,,,,,,,,,,,,,,,,,,,,,,,,,,,,,,,,,,,,,,,,,,,,,,,,,,,,,,,,,,,,,,,,,,,,,,,,,,Autres avantages à long terme,-,-
ZITOUNA,50,1,,,,"-
519 -0 00","-
608- 0 00",,,,,,,,,,,,,,,,,,,,,,,,,,,,,,,,,,,,,,,,,,,,,,,,,,,,,,,,,,,,,,,,,,,,,,,,,,,,,,,,,,,,,,,,,,,,,,,,,,,,,,,,,,,,,,"Indemnités de fin de contrat de travail
Total des obligations et engagements
Paiement en actions
vis-à-vis des Dirigeants","-
1 711- 552","-
873 5-4 0"
